question_hash,active,topic,bloom_level,question,A,B,C,D,correct_answer,difficulty,marks,weightage,smart_syllabus
sep_10_q1d_master_0001,1,ENGLISH_B | Q1(d) GRAMMAR MCQs | BISE BOARD MASTER 600,Topic,,,,,,,,,,1
sep_10_q1d_master_0002,1,ENGLISH_B | Q1(d) GRAMMAR MCQs | BISE BOARD MASTER 600 | ADJECTIVE,Topic,,,,,,,,,,1
q_10_q1d_master_0001,1,ENGLISH_B | Q1(d) GRAMMAR MCQs | BISE BOARD MASTER 600 | ADJECTIVE,Apply,The word “beautiful” is an:,adverb,noun,verb,adjective,D | adjective,Easy,1,ELITE,1
q_10_q1d_master_0002,1,ENGLISH_B | Q1(d) GRAMMAR MCQs | BISE BOARD MASTER 600 | ADJECTIVE,Apply,The word “honest” is an:,pronoun,adjective,noun,verb,B | adjective,Easy,1,ELITE,1
q_10_q1d_master_0003,1,ENGLISH_B | Q1(d) GRAMMAR MCQs | BISE BOARD MASTER 600 | ADJECTIVE,Apply,The word “three” in “three books” is an:,adverb,verb,conjunction,adjective,D | adjective,Easy,1,ULTRA,1
q_10_q1d_master_0004,1,ENGLISH_B | Q1(d) GRAMMAR MCQs | BISE BOARD MASTER 600 | ADJECTIVE,Apply,The word “red” in “red flower” is an:,verb,adjective,noun,adverb,B | adjective,Medium,1,ULTRA,1
q_10_q1d_master_0005,1,ENGLISH_B | Q1(d) GRAMMAR MCQs | BISE BOARD MASTER 600 | ADJECTIVE,Apply,The word “old” in “old man” is an:,verb,adverb,pronoun,adjective,D | adjective,Medium,1,ULTRA,1
q_10_q1d_master_0006,1,ENGLISH_B | Q1(d) GRAMMAR MCQs | BISE BOARD MASTER 600 | ADJECTIVE,Apply,The word “Pakistani” in “Pakistani culture” is an:,adverb,adjective,verb,noun,B | adjective,Medium,1,ULTRA,1
q_10_q1d_master_0007,1,ENGLISH_B | Q1(d) GRAMMAR MCQs | BISE BOARD MASTER 600 | ADJECTIVE,Apply,The word “difficult” is an:,noun,verb,preposition,adjective,D | adjective,Medium,1,ULTRA,1
q_10_q1d_master_0008,1,ENGLISH_B | Q1(d) GRAMMAR MCQs | BISE BOARD MASTER 600 | ADJECTIVE,Apply,The word “green” in “green fields” is an:,article,adjective,adverb,verb,B | adjective,Medium,1,PRO,1
q_10_q1d_master_0009,1,ENGLISH_B | Q1(d) GRAMMAR MCQs | BISE BOARD MASTER 600 | ADJECTIVE,Apply,The word “little” in “little water” is an:,noun,verb,conjunction,adjective,D | adjective,Hard,1,PRO,1
q_10_q1d_master_0010,1,ENGLISH_B | Q1(d) GRAMMAR MCQs | BISE BOARD MASTER 600 | ADJECTIVE,Apply,The word “first” in “first prize” is an:,adverb,adjective,pronoun,verb,B | adjective,Hard,1,PRO,1
sep_10_q1d_master_0003,1,ENGLISH_B | Q1(d) GRAMMAR MCQs | BISE BOARD MASTER 600 | ADJECTIVES / DEGREES,Topic,,,,,,,,,,1
q_10_q1d_master_0011,1,ENGLISH_B | Q1(d) GRAMMAR MCQs | BISE BOARD MASTER 600 | ADJECTIVES / DEGREES,Apply,Ali is ____ than Ahmed [1].,taller,tall,tallest,more tall,A | taller,Medium,1,ULTRA,1
q_10_q1d_master_0012,1,ENGLISH_B | Q1(d) GRAMMAR MCQs | BISE BOARD MASTER 600 | ADJECTIVES / DEGREES,Apply,This is the ____ book [1].,best,better,good,well,A | best,Medium,1,ULTRA,1
q_10_q1d_master_0013,1,ENGLISH_B | Q1(d) GRAMMAR MCQs | BISE BOARD MASTER 600 | ADJECTIVES / DEGREES,Apply,Iron is ____ than wood [1].,heavier,heavy,heaviest,more heavy,A | heavier,Medium,1,ULTRA,1
q_10_q1d_master_0014,1,ENGLISH_B | Q1(d) GRAMMAR MCQs | BISE BOARD MASTER 600 | ADJECTIVES / DEGREES,Apply,He is the ____ boy in class [1].,cleverest,cleverer,clever,more clever,A | cleverest,Medium,1,ULTRA,1
q_10_q1d_master_0015,1,ENGLISH_B | Q1(d) GRAMMAR MCQs | BISE BOARD MASTER 600 | ADJECTIVES / DEGREES,Apply,She is as ____ as her sister [1].,kind,kinder,kindest,more kind,A | kind,Medium,1,ULTRA,1
q_10_q1d_master_0016,1,ENGLISH_B | Q1(d) GRAMMAR MCQs | BISE BOARD MASTER 600 | ADJECTIVES / DEGREES,Apply,This road is ____ than that one [1].,wider,wide,widest,more wide,A | wider,Medium,1,ULTRA,1
q_10_q1d_master_0017,1,ENGLISH_B | Q1(d) GRAMMAR MCQs | BISE BOARD MASTER 600 | ADJECTIVES / DEGREES,Apply,Ali is ____ than Ahmed [2].,tall,tallest,more tall,taller,D | taller,Medium,1,ULTRA,1
q_10_q1d_master_0018,1,ENGLISH_B | Q1(d) GRAMMAR MCQs | BISE BOARD MASTER 600 | ADJECTIVES / DEGREES,Apply,This is the ____ book [2].,better,good,well,best,D | best,Medium,1,ULTRA,1
q_10_q1d_master_0019,1,ENGLISH_B | Q1(d) GRAMMAR MCQs | BISE BOARD MASTER 600 | ADJECTIVES / DEGREES,Apply,Iron is ____ than wood [2].,heavy,heaviest,more heavy,heavier,D | heavier,Medium,1,ULTRA,1
q_10_q1d_master_0020,1,ENGLISH_B | Q1(d) GRAMMAR MCQs | BISE BOARD MASTER 600 | ADJECTIVES / DEGREES,Apply,He is the ____ boy in class [2].,cleverer,clever,more clever,cleverest,D | cleverest,Medium,1,ULTRA,1
q_10_q1d_master_0021,1,ENGLISH_B | Q1(d) GRAMMAR MCQs | BISE BOARD MASTER 600 | ADJECTIVES / DEGREES,Apply,She is as ____ as her sister [2].,kinder,kindest,more kind,kind,D | kind,Medium,1,ULTRA,1
q_10_q1d_master_0022,1,ENGLISH_B | Q1(d) GRAMMAR MCQs | BISE BOARD MASTER 600 | ADJECTIVES / DEGREES,Apply,This road is ____ than that one [2].,wide,widest,more wide,wider,D | wider,Medium,1,ULTRA,1
q_10_q1d_master_0023,1,ENGLISH_B | Q1(d) GRAMMAR MCQs | BISE BOARD MASTER 600 | ADJECTIVES / DEGREES,Apply,Ali is ____ than Ahmed [3].,tallest,more tall,taller,tall,C | taller,Medium,1,ULTRA,1
q_10_q1d_master_0024,1,ENGLISH_B | Q1(d) GRAMMAR MCQs | BISE BOARD MASTER 600 | ADJECTIVES / DEGREES,Apply,This is the ____ book [3].,good,well,best,better,C | best,Medium,1,ULTRA,1
q_10_q1d_master_0025,1,ENGLISH_B | Q1(d) GRAMMAR MCQs | BISE BOARD MASTER 600 | ADJECTIVES / DEGREES,Apply,Iron is ____ than wood [3].,heaviest,more heavy,heavier,heavy,C | heavier,Medium,1,ULTRA,1
q_10_q1d_master_0026,1,ENGLISH_B | Q1(d) GRAMMAR MCQs | BISE BOARD MASTER 600 | ADJECTIVES / DEGREES,Apply,He is the ____ boy in class [3].,clever,more clever,cleverest,cleverer,C | cleverest,Medium,1,ULTRA,1
q_10_q1d_master_0027,1,ENGLISH_B | Q1(d) GRAMMAR MCQs | BISE BOARD MASTER 600 | ADJECTIVES / DEGREES,Apply,She is as ____ as her sister [3].,kindest,more kind,kind,kinder,C | kind,Medium,1,ULTRA,1
q_10_q1d_master_0028,1,ENGLISH_B | Q1(d) GRAMMAR MCQs | BISE BOARD MASTER 600 | ADJECTIVES / DEGREES,Apply,This road is ____ than that one [3].,widest,more wide,wider,wide,C | wider,Medium,1,ULTRA,1
q_10_q1d_master_0029,1,ENGLISH_B | Q1(d) GRAMMAR MCQs | BISE BOARD MASTER 600 | ADJECTIVES / DEGREES,Apply,Ali is ____ than Ahmed [4].,more tall,taller,tall,tallest,B | taller,Medium,1,ULTRA,1
q_10_q1d_master_0030,1,ENGLISH_B | Q1(d) GRAMMAR MCQs | BISE BOARD MASTER 600 | ADJECTIVES / DEGREES,Apply,This is the ____ book [4].,well,best,better,good,B | best,Medium,1,ULTRA,1
q_10_q1d_master_0031,1,ENGLISH_B | Q1(d) GRAMMAR MCQs | BISE BOARD MASTER 600 | ADJECTIVES / DEGREES,Apply,Iron is ____ than wood [4].,more heavy,heavier,heavy,heaviest,B | heavier,Medium,1,ULTRA,1
q_10_q1d_master_0032,1,ENGLISH_B | Q1(d) GRAMMAR MCQs | BISE BOARD MASTER 600 | ADJECTIVES / DEGREES,Apply,He is the ____ boy in class [4].,more clever,cleverest,cleverer,clever,B | cleverest,Medium,1,ULTRA,1
q_10_q1d_master_0033,1,ENGLISH_B | Q1(d) GRAMMAR MCQs | BISE BOARD MASTER 600 | ADJECTIVES / DEGREES,Apply,She is as ____ as her sister [4].,more kind,kind,kinder,kindest,B | kind,Medium,1,ULTRA,1
q_10_q1d_master_0034,1,ENGLISH_B | Q1(d) GRAMMAR MCQs | BISE BOARD MASTER 600 | ADJECTIVES / DEGREES,Apply,This road is ____ than that one [4].,more wide,wider,wide,widest,B | wider,Medium,1,ULTRA,1
q_10_q1d_master_0035,1,ENGLISH_B | Q1(d) GRAMMAR MCQs | BISE BOARD MASTER 600 | ADJECTIVES / DEGREES,Apply,Ali is ____ than Ahmed [5].,taller,tall,tallest,more tall,A | taller,Medium,1,ULTRA,1
q_10_q1d_master_0036,1,ENGLISH_B | Q1(d) GRAMMAR MCQs | BISE BOARD MASTER 600 | ADJECTIVES / DEGREES,Apply,This is the ____ book [5].,best,better,good,well,A | best,Medium,1,ULTRA,1
q_10_q1d_master_0037,1,ENGLISH_B | Q1(d) GRAMMAR MCQs | BISE BOARD MASTER 600 | ADJECTIVES / DEGREES,Apply,Iron is ____ than wood [5].,heavier,heavy,heaviest,more heavy,A | heavier,Medium,1,ULTRA,1
q_10_q1d_master_0038,1,ENGLISH_B | Q1(d) GRAMMAR MCQs | BISE BOARD MASTER 600 | ADJECTIVES / DEGREES,Apply,He is the ____ boy in class [5].,cleverest,cleverer,clever,more clever,A | cleverest,Medium,1,ULTRA,1
q_10_q1d_master_0039,1,ENGLISH_B | Q1(d) GRAMMAR MCQs | BISE BOARD MASTER 600 | ADJECTIVES / DEGREES,Apply,She is as ____ as her sister [5].,kind,kinder,kindest,more kind,A | kind,Medium,1,ULTRA,1
q_10_q1d_master_0040,1,ENGLISH_B | Q1(d) GRAMMAR MCQs | BISE BOARD MASTER 600 | ADJECTIVES / DEGREES,Apply,This road is ____ than that one [5].,wider,wide,widest,more wide,A | wider,Medium,1,ULTRA,1
q_10_q1d_master_0041,1,ENGLISH_B | Q1(d) GRAMMAR MCQs | BISE BOARD MASTER 600 | ADJECTIVES / DEGREES,Apply,Ali is ____ than Ahmed [6].,tall,tallest,more tall,taller,D | taller,Medium,1,ULTRA,1
sep_10_q1d_master_0004,1,ENGLISH_B | Q1(d) GRAMMAR MCQs | BISE BOARD MASTER 600 | ADVERB,Topic,,,,,,,,,,1
q_10_q1d_master_0042,1,ENGLISH_B | Q1(d) GRAMMAR MCQs | BISE BOARD MASTER 600 | ADVERB,Apply,The word “slowly” is an:,verb,adverb,adjective,noun,B | adverb,Easy,1,ELITE,1
q_10_q1d_master_0043,1,ENGLISH_B | Q1(d) GRAMMAR MCQs | BISE BOARD MASTER 600 | ADVERB,Apply,The word “very” in “very good” is an:,noun,pronoun,verb,adverb,D | adverb,Easy,1,ELITE,1
q_10_q1d_master_0044,1,ENGLISH_B | Q1(d) GRAMMAR MCQs | BISE BOARD MASTER 600 | ADVERB,Apply,The word “always” is an:,article,adverb,adjective,noun,B | adverb,Easy,1,ULTRA,1
q_10_q1d_master_0045,1,ENGLISH_B | Q1(d) GRAMMAR MCQs | BISE BOARD MASTER 600 | ADVERB,Apply,The word “carefully” is an:,verb,noun,preposition,adverb,D | adverb,Medium,1,ULTRA,1
q_10_q1d_master_0046,1,ENGLISH_B | Q1(d) GRAMMAR MCQs | BISE BOARD MASTER 600 | ADVERB,Apply,The word “yesterday” in “He came yesterday” is an:,adjective,adverb,noun,verb,B | adverb,Medium,1,ULTRA,1
q_10_q1d_master_0047,1,ENGLISH_B | Q1(d) GRAMMAR MCQs | BISE BOARD MASTER 600 | ADVERB,Apply,The word “here” in “Sit here” is an:,noun,article,pronoun,adverb,D | adverb,Medium,1,ULTRA,1
q_10_q1d_master_0048,1,ENGLISH_B | Q1(d) GRAMMAR MCQs | BISE BOARD MASTER 600 | ADVERB,Apply,The word “too” in “too hot” is an:,adjective,adverb,noun,verb,B | adverb,Medium,1,ULTRA,1
q_10_q1d_master_0049,1,ENGLISH_B | Q1(d) GRAMMAR MCQs | BISE BOARD MASTER 600 | ADVERB,Apply,The word “never” is an:,pronoun,verb,conjunction,adverb,D | adverb,Medium,1,PRO,1
q_10_q1d_master_0050,1,ENGLISH_B | Q1(d) GRAMMAR MCQs | BISE BOARD MASTER 600 | ADVERB,Apply,The word “soon” in “Come soon” is an:,verb,adverb,adjective,noun,B | adverb,Hard,1,PRO,1
q_10_q1d_master_0051,1,ENGLISH_B | Q1(d) GRAMMAR MCQs | BISE BOARD MASTER 600 | ADVERB,Apply,The word “quite” in “quite easy” is an:,noun,verb,article,adverb,D | adverb,Hard,1,PRO,1
sep_10_q1d_master_0005,1,ENGLISH_B | Q1(d) GRAMMAR MCQs | BISE BOARD MASTER 600 | ADVERBS,Topic,,,,,,,,,,1
q_10_q1d_master_0052,1,ENGLISH_B | Q1(d) GRAMMAR MCQs | BISE BOARD MASTER 600 | ADVERBS,Apply,He runs ____ [1].,quickly,quick,quicker,quickest,A | quickly,Easy,1,ULTRA,1
q_10_q1d_master_0053,1,ENGLISH_B | Q1(d) GRAMMAR MCQs | BISE BOARD MASTER 600 | ADVERBS,Apply,She spoke ____ [1].,softly,soft,softer,softest,A | softly,Easy,1,ULTRA,1
q_10_q1d_master_0054,1,ENGLISH_B | Q1(d) GRAMMAR MCQs | BISE BOARD MASTER 600 | ADVERBS,Apply,The child slept ____ [1].,peacefully,peaceful,peace,peaceless,A | peacefully,Easy,1,ULTRA,1
q_10_q1d_master_0055,1,ENGLISH_B | Q1(d) GRAMMAR MCQs | BISE BOARD MASTER 600 | ADVERBS,Apply,He answered ____ [1].,correctly,correct,correction,correctness,A | correctly,Easy,1,ULTRA,1
q_10_q1d_master_0056,1,ENGLISH_B | Q1(d) GRAMMAR MCQs | BISE BOARD MASTER 600 | ADVERBS,Apply,They worked ____ [1].,carefully,careful,care,caring,A | carefully,Easy,1,ULTRA,1
q_10_q1d_master_0057,1,ENGLISH_B | Q1(d) GRAMMAR MCQs | BISE BOARD MASTER 600 | ADVERBS,Apply,He runs ____ [2].,quick,quicker,quickest,quickly,D | quickly,Easy,1,ULTRA,1
q_10_q1d_master_0058,1,ENGLISH_B | Q1(d) GRAMMAR MCQs | BISE BOARD MASTER 600 | ADVERBS,Apply,She spoke ____ [2].,soft,softer,softest,softly,D | softly,Easy,1,ULTRA,1
q_10_q1d_master_0059,1,ENGLISH_B | Q1(d) GRAMMAR MCQs | BISE BOARD MASTER 600 | ADVERBS,Apply,The child slept ____ [2].,peaceful,peace,peaceless,peacefully,D | peacefully,Easy,1,ULTRA,1
q_10_q1d_master_0060,1,ENGLISH_B | Q1(d) GRAMMAR MCQs | BISE BOARD MASTER 600 | ADVERBS,Apply,He answered ____ [2].,correct,correction,correctness,correctly,D | correctly,Easy,1,ULTRA,1
q_10_q1d_master_0061,1,ENGLISH_B | Q1(d) GRAMMAR MCQs | BISE BOARD MASTER 600 | ADVERBS,Apply,They worked ____ [2].,careful,care,caring,carefully,D | carefully,Easy,1,ULTRA,1
q_10_q1d_master_0062,1,ENGLISH_B | Q1(d) GRAMMAR MCQs | BISE BOARD MASTER 600 | ADVERBS,Apply,He runs ____ [3].,quicker,quickest,quickly,quick,C | quickly,Easy,1,ULTRA,1
q_10_q1d_master_0063,1,ENGLISH_B | Q1(d) GRAMMAR MCQs | BISE BOARD MASTER 600 | ADVERBS,Apply,She spoke ____ [3].,softer,softest,softly,soft,C | softly,Easy,1,ULTRA,1
q_10_q1d_master_0064,1,ENGLISH_B | Q1(d) GRAMMAR MCQs | BISE BOARD MASTER 600 | ADVERBS,Apply,The child slept ____ [3].,peace,peaceless,peacefully,peaceful,C | peacefully,Easy,1,ULTRA,1
q_10_q1d_master_0065,1,ENGLISH_B | Q1(d) GRAMMAR MCQs | BISE BOARD MASTER 600 | ADVERBS,Apply,He answered ____ [3].,correction,correctness,correctly,correct,C | correctly,Easy,1,ULTRA,1
q_10_q1d_master_0066,1,ENGLISH_B | Q1(d) GRAMMAR MCQs | BISE BOARD MASTER 600 | ADVERBS,Apply,They worked ____ [3].,care,caring,carefully,careful,C | carefully,Easy,1,ULTRA,1
q_10_q1d_master_0067,1,ENGLISH_B | Q1(d) GRAMMAR MCQs | BISE BOARD MASTER 600 | ADVERBS,Apply,He runs ____ [4].,quickest,quickly,quick,quicker,B | quickly,Easy,1,ULTRA,1
q_10_q1d_master_0068,1,ENGLISH_B | Q1(d) GRAMMAR MCQs | BISE BOARD MASTER 600 | ADVERBS,Apply,She spoke ____ [4].,softest,softly,soft,softer,B | softly,Easy,1,ULTRA,1
q_10_q1d_master_0069,1,ENGLISH_B | Q1(d) GRAMMAR MCQs | BISE BOARD MASTER 600 | ADVERBS,Apply,The child slept ____ [4].,peaceless,peacefully,peaceful,peace,B | peacefully,Easy,1,ULTRA,1
q_10_q1d_master_0070,1,ENGLISH_B | Q1(d) GRAMMAR MCQs | BISE BOARD MASTER 600 | ADVERBS,Apply,He answered ____ [4].,correctness,correctly,correct,correction,B | correctly,Easy,1,ULTRA,1
q_10_q1d_master_0071,1,ENGLISH_B | Q1(d) GRAMMAR MCQs | BISE BOARD MASTER 600 | ADVERBS,Apply,They worked ____ [4].,caring,carefully,careful,care,B | carefully,Easy,1,ULTRA,1
q_10_q1d_master_0072,1,ENGLISH_B | Q1(d) GRAMMAR MCQs | BISE BOARD MASTER 600 | ADVERBS,Apply,He runs ____ [5].,quickly,quick,quicker,quickest,A | quickly,Easy,1,ULTRA,1
q_10_q1d_master_0073,1,ENGLISH_B | Q1(d) GRAMMAR MCQs | BISE BOARD MASTER 600 | ADVERBS,Apply,She spoke ____ [5].,softly,soft,softer,softest,A | softly,Easy,1,ULTRA,1
q_10_q1d_master_0074,1,ENGLISH_B | Q1(d) GRAMMAR MCQs | BISE BOARD MASTER 600 | ADVERBS,Apply,The child slept ____ [5].,peacefully,peaceful,peace,peaceless,A | peacefully,Easy,1,ULTRA,1
q_10_q1d_master_0075,1,ENGLISH_B | Q1(d) GRAMMAR MCQs | BISE BOARD MASTER 600 | ADVERBS,Apply,He answered ____ [5].,correctly,correct,correction,correctness,A | correctly,Easy,1,ULTRA,1
q_10_q1d_master_0076,1,ENGLISH_B | Q1(d) GRAMMAR MCQs | BISE BOARD MASTER 600 | ADVERBS,Apply,They worked ____ [5].,carefully,careful,care,caring,A | carefully,Easy,1,ULTRA,1
q_10_q1d_master_0077,1,ENGLISH_B | Q1(d) GRAMMAR MCQs | BISE BOARD MASTER 600 | ADVERBS,Apply,He runs ____ [6].,quick,quicker,quickest,quickly,D | quickly,Easy,1,ULTRA,1
q_10_q1d_master_0078,1,ENGLISH_B | Q1(d) GRAMMAR MCQs | BISE BOARD MASTER 600 | ADVERBS,Apply,She spoke ____ [6].,soft,softer,softest,softly,D | softly,Easy,1,ULTRA,1
q_10_q1d_master_0079,1,ENGLISH_B | Q1(d) GRAMMAR MCQs | BISE BOARD MASTER 600 | ADVERBS,Apply,The child slept ____ [6].,peaceful,peace,peaceless,peacefully,D | peacefully,Easy,1,ULTRA,1
q_10_q1d_master_0080,1,ENGLISH_B | Q1(d) GRAMMAR MCQs | BISE BOARD MASTER 600 | ADVERBS,Apply,He answered ____ [6].,correct,correction,correctness,correctly,D | correctly,Easy,1,ULTRA,1
q_10_q1d_master_0081,1,ENGLISH_B | Q1(d) GRAMMAR MCQs | BISE BOARD MASTER 600 | ADVERBS,Apply,They worked ____ [6].,careful,care,caring,carefully,D | carefully,Easy,1,ULTRA,1
q_10_q1d_master_0082,1,ENGLISH_B | Q1(d) GRAMMAR MCQs | BISE BOARD MASTER 600 | ADVERBS,Apply,He runs ____ [7].,quicker,quickest,quickly,quick,C | quickly,Easy,1,ULTRA,1
sep_10_q1d_master_0006,1,ENGLISH_B | Q1(d) GRAMMAR MCQs | BISE BOARD MASTER 600 | ARTICLES,Topic,,,,,,,,,,1
q_10_q1d_master_0083,1,ENGLISH_B | Q1(d) GRAMMAR MCQs | BISE BOARD MASTER 600 | ARTICLES,Apply,Choose the article: He saw ____ honest man [1].,a,an,the,no article,B | an,Easy,1,ELITE,1
q_10_q1d_master_0084,1,ENGLISH_B | Q1(d) GRAMMAR MCQs | BISE BOARD MASTER 600 | ARTICLES,Apply,Choose the article: He saw ____ umbrella [1].,a,an,the,no article,B | an,Easy,1,ELITE,1
q_10_q1d_master_0085,1,ENGLISH_B | Q1(d) GRAMMAR MCQs | BISE BOARD MASTER 600 | ARTICLES,Apply,Choose the article: He saw ____ useful book [1].,a,an,the,no article,A | a,Easy,1,ELITE,1
q_10_q1d_master_0086,1,ENGLISH_B | Q1(d) GRAMMAR MCQs | BISE BOARD MASTER 600 | ARTICLES,Apply,Choose the article: He saw ____ university student [1].,a,an,the,no article,A | a,Easy,1,ELITE,1
q_10_q1d_master_0087,1,ENGLISH_B | Q1(d) GRAMMAR MCQs | BISE BOARD MASTER 600 | ARTICLES,Apply,Choose the article: He saw ____ old house [1].,a,an,the,no article,B | an,Easy,1,ELITE,1
q_10_q1d_master_0088,1,ENGLISH_B | Q1(d) GRAMMAR MCQs | BISE BOARD MASTER 600 | ARTICLES,Apply,Choose the article: He saw ____ European country [1].,a,an,the,no article,A | a,Easy,1,ELITE,1
q_10_q1d_master_0089,1,ENGLISH_B | Q1(d) GRAMMAR MCQs | BISE BOARD MASTER 600 | ARTICLES,Apply,Choose the article: He saw ____ hour [1].,a,an,the,no article,B | an,Easy,1,ELITE,1
q_10_q1d_master_0090,1,ENGLISH_B | Q1(d) GRAMMAR MCQs | BISE BOARD MASTER 600 | ARTICLES,Apply,Choose the article: He saw ____ one-eyed man [1].,a,an,the,no article,A | a,Easy,1,ELITE,1
q_10_q1d_master_0091,1,ENGLISH_B | Q1(d) GRAMMAR MCQs | BISE BOARD MASTER 600 | ARTICLES,Apply,Choose the article: He saw ____ moon [1].,a,an,the,no article,C | the,Easy,1,ELITE,1
q_10_q1d_master_0092,1,ENGLISH_B | Q1(d) GRAMMAR MCQs | BISE BOARD MASTER 600 | ARTICLES,Apply,Choose the article: He saw ____ sun [1].,a,an,the,no article,C | the,Easy,1,ELITE,1
q_10_q1d_master_0093,1,ENGLISH_B | Q1(d) GRAMMAR MCQs | BISE BOARD MASTER 600 | ARTICLES,Apply,Choose the article: He saw ____ Ravi [1].,a,an,the,no article,C | the,Easy,1,ELITE,1
q_10_q1d_master_0094,1,ENGLISH_B | Q1(d) GRAMMAR MCQs | BISE BOARD MASTER 600 | ARTICLES,Apply,Choose the article: He saw ____ Quran [1].,a,an,the,no article,C | the,Easy,1,ELITE,1
q_10_q1d_master_0095,1,ENGLISH_B | Q1(d) GRAMMAR MCQs | BISE BOARD MASTER 600 | ARTICLES,Apply,Choose the article: He saw ____ honest man [2].,an,the,no article,a,A | an,Easy,1,ELITE,1
q_10_q1d_master_0096,1,ENGLISH_B | Q1(d) GRAMMAR MCQs | BISE BOARD MASTER 600 | ARTICLES,Apply,Choose the article: He saw ____ umbrella [2].,an,the,no article,a,A | an,Easy,1,ELITE,1
q_10_q1d_master_0097,1,ENGLISH_B | Q1(d) GRAMMAR MCQs | BISE BOARD MASTER 600 | ARTICLES,Apply,Choose the article: He saw ____ useful book [2].,an,the,no article,a,D | a,Easy,1,ELITE,1
q_10_q1d_master_0098,1,ENGLISH_B | Q1(d) GRAMMAR MCQs | BISE BOARD MASTER 600 | ARTICLES,Apply,Choose the article: He saw ____ university student [2].,an,the,no article,a,D | a,Easy,1,ELITE,1
q_10_q1d_master_0099,1,ENGLISH_B | Q1(d) GRAMMAR MCQs | BISE BOARD MASTER 600 | ARTICLES,Apply,Choose the article: He saw ____ old house [2].,an,the,no article,a,A | an,Easy,1,ELITE,1
q_10_q1d_master_0100,1,ENGLISH_B | Q1(d) GRAMMAR MCQs | BISE BOARD MASTER 600 | ARTICLES,Apply,Choose the article: He saw ____ European country [2].,an,the,no article,a,D | a,Easy,1,ELITE,1
q_10_q1d_master_0101,1,ENGLISH_B | Q1(d) GRAMMAR MCQs | BISE BOARD MASTER 600 | ARTICLES,Apply,Choose the article: He saw ____ hour [2].,an,the,no article,a,A | an,Easy,1,ELITE,1
q_10_q1d_master_0102,1,ENGLISH_B | Q1(d) GRAMMAR MCQs | BISE BOARD MASTER 600 | ARTICLES,Apply,Choose the article: He saw ____ one-eyed man [2].,an,the,no article,a,D | a,Easy,1,ELITE,1
q_10_q1d_master_0103,1,ENGLISH_B | Q1(d) GRAMMAR MCQs | BISE BOARD MASTER 600 | ARTICLES,Apply,Choose the article: He saw ____ moon [2].,an,the,no article,a,B | the,Easy,1,ELITE,1
q_10_q1d_master_0104,1,ENGLISH_B | Q1(d) GRAMMAR MCQs | BISE BOARD MASTER 600 | ARTICLES,Apply,Choose the article: He saw ____ sun [2].,an,the,no article,a,B | the,Easy,1,ELITE,1
q_10_q1d_master_0105,1,ENGLISH_B | Q1(d) GRAMMAR MCQs | BISE BOARD MASTER 600 | ARTICLES,Apply,Choose the article: He saw ____ Ravi [2].,an,the,no article,a,B | the,Easy,1,ELITE,1
q_10_q1d_master_0106,1,ENGLISH_B | Q1(d) GRAMMAR MCQs | BISE BOARD MASTER 600 | ARTICLES,Apply,Choose the article: He saw ____ Quran [2].,an,the,no article,a,B | the,Easy,1,ELITE,1
q_10_q1d_master_0107,1,ENGLISH_B | Q1(d) GRAMMAR MCQs | BISE BOARD MASTER 600 | ARTICLES,Apply,Choose the article: He saw ____ honest man [3].,the,no article,a,an,D | an,Easy,1,ULTRA,1
q_10_q1d_master_0108,1,ENGLISH_B | Q1(d) GRAMMAR MCQs | BISE BOARD MASTER 600 | ARTICLES,Apply,Choose the article: He saw ____ umbrella [3].,the,no article,a,an,D | an,Easy,1,ULTRA,1
q_10_q1d_master_0109,1,ENGLISH_B | Q1(d) GRAMMAR MCQs | BISE BOARD MASTER 600 | ARTICLES,Apply,Choose the article: He saw ____ useful book [3].,the,no article,a,an,C | a,Easy,1,ULTRA,1
q_10_q1d_master_0110,1,ENGLISH_B | Q1(d) GRAMMAR MCQs | BISE BOARD MASTER 600 | ARTICLES,Apply,Choose the article: He saw ____ university student [3].,the,no article,a,an,C | a,Easy,1,ULTRA,1
q_10_q1d_master_0111,1,ENGLISH_B | Q1(d) GRAMMAR MCQs | BISE BOARD MASTER 600 | ARTICLES,Apply,Choose the article: He saw ____ old house [3].,the,no article,a,an,D | an,Easy,1,ULTRA,1
q_10_q1d_master_0112,1,ENGLISH_B | Q1(d) GRAMMAR MCQs | BISE BOARD MASTER 600 | ARTICLES,Apply,Choose the article: He saw ____ European country [3].,the,no article,a,an,C | a,Easy,1,ULTRA,1
q_10_q1d_master_0113,1,ENGLISH_B | Q1(d) GRAMMAR MCQs | BISE BOARD MASTER 600 | ARTICLES,Apply,Choose the article: He saw ____ hour [3].,the,no article,a,an,D | an,Easy,1,ULTRA,1
sep_10_q1d_master_0007,1,ENGLISH_B | Q1(d) GRAMMAR MCQs | BISE BOARD MASTER 600 | CAPITALIZATION / PUNCTUATION,Topic,,,,,,,,,,1
q_10_q1d_master_0114,1,ENGLISH_B | Q1(d) GRAMMAR MCQs | BISE BOARD MASTER 600 | CAPITALIZATION / PUNCTUATION,Apply,A proper noun begins with a:,comma,hyphen,semicolon,capital letter,D | capital letter,Easy,1,ELITE,1
q_10_q1d_master_0115,1,ENGLISH_B | Q1(d) GRAMMAR MCQs | BISE BOARD MASTER 600 | CAPITALIZATION / PUNCTUATION,Apply,A question normally ends with a:,colon,question mark,full stop,comma,B | question mark,Easy,1,ELITE,1
q_10_q1d_master_0116,1,ENGLISH_B | Q1(d) GRAMMAR MCQs | BISE BOARD MASTER 600 | CAPITALIZATION / PUNCTUATION,Apply,An exclamation normally ends with an:,comma,colon,hyphen,exclamation mark,D | exclamation mark,Easy,1,ULTRA,1
q_10_q1d_master_0117,1,ENGLISH_B | Q1(d) GRAMMAR MCQs | BISE BOARD MASTER 600 | CAPITALIZATION / PUNCTUATION,Apply,A statement normally ends with a:,hyphen,full stop,question mark,colon,B | full stop,Medium,1,ULTRA,1
q_10_q1d_master_0118,1,ENGLISH_B | Q1(d) GRAMMAR MCQs | BISE BOARD MASTER 600 | CAPITALIZATION / PUNCTUATION,Apply,A comma is used for a short:,title,question,command,pause,D | pause,Medium,1,ULTRA,1
q_10_q1d_master_0119,1,ENGLISH_B | Q1(d) GRAMMAR MCQs | BISE BOARD MASTER 600 | CAPITALIZATION / PUNCTUATION,Apply,The pronoun “I” is always:,italicized,capitalized,lowercase,hyphenated,B | capitalized,Medium,1,ULTRA,1
q_10_q1d_master_0120,1,ENGLISH_B | Q1(d) GRAMMAR MCQs | BISE BOARD MASTER 600 | CAPITALIZATION / PUNCTUATION,Apply,Names of countries are:,lowercase,pluralized,hyphenated,capitalized,D | capitalized,Medium,1,ULTRA,1
q_10_q1d_master_0121,1,ENGLISH_B | Q1(d) GRAMMAR MCQs | BISE BOARD MASTER 600 | CAPITALIZATION / PUNCTUATION,Apply,A colon can introduce a:,verb,list,question only,pronoun,B | list,Medium,1,PRO,1
q_10_q1d_master_0122,1,ENGLISH_B | Q1(d) GRAMMAR MCQs | BISE BOARD MASTER 600 | CAPITALIZATION / PUNCTUATION,Apply,Quotation marks enclose exact:,adverbs,articles,prepositions,speech,D | speech,Hard,1,PRO,1
q_10_q1d_master_0123,1,ENGLISH_B | Q1(d) GRAMMAR MCQs | BISE BOARD MASTER 600 | CAPITALIZATION / PUNCTUATION,Apply,An apostrophe may show:,conjunction,possession,comparison,question,B | possession,Hard,1,PRO,1
sep_10_q1d_master_0008,1,ENGLISH_B | Q1(d) GRAMMAR MCQs | BISE BOARD MASTER 600 | CLAIMS / EVIDENCE / WRITING GRAMMAR,Topic,,,,,,,,,,1
q_10_q1d_master_0124,1,ENGLISH_B | Q1(d) GRAMMAR MCQs | BISE BOARD MASTER 600 | CLAIMS / EVIDENCE / WRITING GRAMMAR,Apply,A claim is a writer’s main:,date,position,spelling,heading,B | position,Easy,1,ELITE,1
q_10_q1d_master_0125,1,ENGLISH_B | Q1(d) GRAMMAR MCQs | BISE BOARD MASTER 600 | CLAIMS / EVIDENCE / WRITING GRAMMAR,Apply,Evidence should be:,random,hidden,unrelated,relevant,D | relevant,Easy,1,ELITE,1
q_10_q1d_master_0126,1,ENGLISH_B | Q1(d) GRAMMAR MCQs | BISE BOARD MASTER 600 | CLAIMS / EVIDENCE / WRITING GRAMMAR,Apply,A counterclaim is an:,final date,opposing claim,main title,example only,B | opposing claim,Easy,1,ULTRA,1
q_10_q1d_master_0127,1,ENGLISH_B | Q1(d) GRAMMAR MCQs | BISE BOARD MASTER 600 | CLAIMS / EVIDENCE / WRITING GRAMMAR,Apply,Logical reasoning supports an:,article,pronoun,hyphen,argument,D | argument,Medium,1,ULTRA,1
q_10_q1d_master_0128,1,ENGLISH_B | Q1(d) GRAMMAR MCQs | BISE BOARD MASTER 600 | CLAIMS / EVIDENCE / WRITING GRAMMAR,Apply,A summary should keep the:,every example,main idea,all details,all quotes,B | main idea,Medium,1,ULTRA,1
q_10_q1d_master_0129,1,ENGLISH_B | Q1(d) GRAMMAR MCQs | BISE BOARD MASTER 600 | CLAIMS / EVIDENCE / WRITING GRAMMAR,Apply,A precis should be:,rambling,copied,biased,concise,D | concise,Medium,1,ULTRA,1
q_10_q1d_master_0130,1,ENGLISH_B | Q1(d) GRAMMAR MCQs | BISE BOARD MASTER 600 | CLAIMS / EVIDENCE / WRITING GRAMMAR,Apply,Paraphrasing changes the:,theme,wording,meaning,message,B | wording,Medium,1,ULTRA,1
q_10_q1d_master_0131,1,ENGLISH_B | Q1(d) GRAMMAR MCQs | BISE BOARD MASTER 600 | CLAIMS / EVIDENCE / WRITING GRAMMAR,Apply,Paraphrasing should preserve the:,exact words,line breaks,punctuation,meaning,D | meaning,Medium,1,PRO,1
q_10_q1d_master_0132,1,ENGLISH_B | Q1(d) GRAMMAR MCQs | BISE BOARD MASTER 600 | CLAIMS / EVIDENCE / WRITING GRAMMAR,Apply,An inference is based on textual:,colours,clues,guesses,titles,B | clues,Hard,1,PRO,1
q_10_q1d_master_0133,1,ENGLISH_B | Q1(d) GRAMMAR MCQs | BISE BOARD MASTER 600 | CLAIMS / EVIDENCE / WRITING GRAMMAR,Apply,A recommendation suggests an:,article,pronoun,tense,action,D | action,Hard,1,PRO,1
sep_10_q1d_master_0009,1,ENGLISH_B | Q1(d) GRAMMAR MCQs | BISE BOARD MASTER 600 | CONJUNCTION,Topic,,,,,,,,,,1
q_10_q1d_master_0134,1,ENGLISH_B | Q1(d) GRAMMAR MCQs | BISE BOARD MASTER 600 | CONJUNCTION,Apply,The word “and” is a:,adverb,conjunction,preposition,pronoun,B | conjunction,Easy,1,ELITE,1
q_10_q1d_master_0135,1,ENGLISH_B | Q1(d) GRAMMAR MCQs | BISE BOARD MASTER 600 | CONJUNCTION,Apply,The word “but” is a:,noun,verb,adjective,conjunction,D | conjunction,Easy,1,ELITE,1
q_10_q1d_master_0136,1,ENGLISH_B | Q1(d) GRAMMAR MCQs | BISE BOARD MASTER 600 | CONJUNCTION,Apply,The word “because” is a:,noun,conjunction,adverb,article,B | conjunction,Easy,1,ULTRA,1
q_10_q1d_master_0137,1,ENGLISH_B | Q1(d) GRAMMAR MCQs | BISE BOARD MASTER 600 | CONJUNCTION,Apply,The word “although” is a:,verb,noun,pronoun,conjunction,D | conjunction,Medium,1,ULTRA,1
q_10_q1d_master_0138,1,ENGLISH_B | Q1(d) GRAMMAR MCQs | BISE BOARD MASTER 600 | CONJUNCTION,Apply,The word “or” is a:,adverb,conjunction,preposition,adjective,B | conjunction,Medium,1,ULTRA,1
q_10_q1d_master_0139,1,ENGLISH_B | Q1(d) GRAMMAR MCQs | BISE BOARD MASTER 600 | CONJUNCTION,Apply,The word “unless” is a:,noun,verb,article,conjunction,D | conjunction,Medium,1,ULTRA,1
q_10_q1d_master_0140,1,ENGLISH_B | Q1(d) GRAMMAR MCQs | BISE BOARD MASTER 600 | CONJUNCTION,Apply,The word “while” joining two clauses is a:,pronoun,conjunction,noun,adverb,B | conjunction,Medium,1,ULTRA,1
q_10_q1d_master_0141,1,ENGLISH_B | Q1(d) GRAMMAR MCQs | BISE BOARD MASTER 600 | CONJUNCTION,Apply,The word “if” is a:,preposition,verb,noun,conjunction,D | conjunction,Medium,1,PRO,1
q_10_q1d_master_0142,1,ENGLISH_B | Q1(d) GRAMMAR MCQs | BISE BOARD MASTER 600 | CONJUNCTION,Apply,The word “yet” joining clauses is a:,pronoun,conjunction,adjective,noun,B | conjunction,Hard,1,PRO,1
q_10_q1d_master_0143,1,ENGLISH_B | Q1(d) GRAMMAR MCQs | BISE BOARD MASTER 600 | CONJUNCTION,Apply,The word “since” joining clauses can be a:,article,noun,verb,conjunction,D | conjunction,Hard,1,PRO,1
sep_10_q1d_master_0010,1,ENGLISH_B | Q1(d) GRAMMAR MCQs | BISE BOARD MASTER 600 | CONJUNCTION TYPES,Topic,,,,,,,,,,1
q_10_q1d_master_0144,1,ENGLISH_B | Q1(d) GRAMMAR MCQs | BISE BOARD MASTER 600 | CONJUNCTION TYPES,Apply,“And” is a ______ conjunction.,subordinating,correlative,relative,coordinating,D | coordinating,Easy,1,ELITE,1
q_10_q1d_master_0145,1,ENGLISH_B | Q1(d) GRAMMAR MCQs | BISE BOARD MASTER 600 | CONJUNCTION TYPES,Apply,“Because” is a ______ conjunction.,relative,subordinating,coordinating,correlative,B | subordinating,Easy,1,ELITE,1
q_10_q1d_master_0146,1,ENGLISH_B | Q1(d) GRAMMAR MCQs | BISE BOARD MASTER 600 | CONJUNCTION TYPES,Apply,“Either...or” is a ______ conjunction.,coordinating,subordinating,relative,correlative,D | correlative,Easy,1,ULTRA,1
q_10_q1d_master_0147,1,ENGLISH_B | Q1(d) GRAMMAR MCQs | BISE BOARD MASTER 600 | CONJUNCTION TYPES,Apply,“Neither...nor” is a ______ conjunction.,relative,correlative,subordinating,coordinating,B | correlative,Medium,1,ULTRA,1
q_10_q1d_master_0148,1,ENGLISH_B | Q1(d) GRAMMAR MCQs | BISE BOARD MASTER 600 | CONJUNCTION TYPES,Apply,“Although” is a ______ conjunction.,coordinating,correlative,relative,subordinating,D | subordinating,Medium,1,ULTRA,1
q_10_q1d_master_0149,1,ENGLISH_B | Q1(d) GRAMMAR MCQs | BISE BOARD MASTER 600 | CONJUNCTION TYPES,Apply,FANBOYS are ______ conjunctions.,relative,coordinating,subordinating,correlative,B | coordinating,Medium,1,ULTRA,1
q_10_q1d_master_0150,1,ENGLISH_B | Q1(d) GRAMMAR MCQs | BISE BOARD MASTER 600 | CONJUNCTION TYPES,Apply,“Not only...but also” is:,subordinating,coordinating,relative,correlative,D | correlative,Medium,1,ULTRA,1
q_10_q1d_master_0151,1,ENGLISH_B | Q1(d) GRAMMAR MCQs | BISE BOARD MASTER 600 | CONJUNCTION TYPES,Apply,“Unless” is a ______ conjunction.,relative,subordinating,correlative,coordinating,B | subordinating,Medium,1,PRO,1
q_10_q1d_master_0152,1,ENGLISH_B | Q1(d) GRAMMAR MCQs | BISE BOARD MASTER 600 | CONJUNCTION TYPES,Apply,“So” in FANBOYS is:,subordinating,correlative,relative,coordinating,D | coordinating,Hard,1,PRO,1
q_10_q1d_master_0153,1,ENGLISH_B | Q1(d) GRAMMAR MCQs | BISE BOARD MASTER 600 | CONJUNCTION TYPES,Apply,“Whether...or” is:,relative,correlative,coordinating,subordinating,B | correlative,Hard,1,PRO,1
sep_10_q1d_master_0011,1,ENGLISH_B | Q1(d) GRAMMAR MCQs | BISE BOARD MASTER 600 | CONJUNCTIONS,Topic,,,,,,,,,,1
q_10_q1d_master_0154,1,ENGLISH_B | Q1(d) GRAMMAR MCQs | BISE BOARD MASTER 600 | CONJUNCTIONS,Apply,He is poor ____ honest [1].,but,and,or,so,A | but,Medium,1,ELITE,1
q_10_q1d_master_0155,1,ENGLISH_B | Q1(d) GRAMMAR MCQs | BISE BOARD MASTER 600 | CONJUNCTIONS,Apply,Work hard ____ you will fail [1].,or,and,but,so,A | or,Medium,1,ELITE,1
q_10_q1d_master_0156,1,ENGLISH_B | Q1(d) GRAMMAR MCQs | BISE BOARD MASTER 600 | CONJUNCTIONS,Apply,I stayed home ____ it was raining [1].,because,although,or,but,A | because,Medium,1,ELITE,1
q_10_q1d_master_0157,1,ENGLISH_B | Q1(d) GRAMMAR MCQs | BISE BOARD MASTER 600 | CONJUNCTIONS,Apply,"____ he was tired, he worked [1].",Although,Because,So,And,A | Although,Medium,1,ELITE,1
q_10_q1d_master_0158,1,ENGLISH_B | Q1(d) GRAMMAR MCQs | BISE BOARD MASTER 600 | CONJUNCTIONS,Apply,Wait here ____ I return [1].,until,because,but,and,A | until,Medium,1,ELITE,1
q_10_q1d_master_0159,1,ENGLISH_B | Q1(d) GRAMMAR MCQs | BISE BOARD MASTER 600 | CONJUNCTIONS,Apply,You cannot pass ____ you work hard [1].,unless,because,and,but,A | unless,Medium,1,ELITE,1
q_10_q1d_master_0160,1,ENGLISH_B | Q1(d) GRAMMAR MCQs | BISE BOARD MASTER 600 | CONJUNCTIONS,Apply,You may take ____ tea or coffee [1].,either,neither,both,not only,A | either,Medium,1,ELITE,1
q_10_q1d_master_0161,1,ENGLISH_B | Q1(d) GRAMMAR MCQs | BISE BOARD MASTER 600 | CONJUNCTIONS,Apply,She is ____ kind but also honest [1].,not only,either,neither,whether,A | not only,Medium,1,ELITE,1
q_10_q1d_master_0162,1,ENGLISH_B | Q1(d) GRAMMAR MCQs | BISE BOARD MASTER 600 | CONJUNCTIONS,Apply,He is poor ____ honest [2].,and,or,so,but,D | but,Medium,1,ELITE,1
q_10_q1d_master_0163,1,ENGLISH_B | Q1(d) GRAMMAR MCQs | BISE BOARD MASTER 600 | CONJUNCTIONS,Apply,Work hard ____ you will fail [2].,and,but,so,or,D | or,Medium,1,ELITE,1
q_10_q1d_master_0164,1,ENGLISH_B | Q1(d) GRAMMAR MCQs | BISE BOARD MASTER 600 | CONJUNCTIONS,Apply,I stayed home ____ it was raining [2].,although,or,but,because,D | because,Medium,1,ELITE,1
q_10_q1d_master_0165,1,ENGLISH_B | Q1(d) GRAMMAR MCQs | BISE BOARD MASTER 600 | CONJUNCTIONS,Apply,"____ he was tired, he worked [2].",Because,So,And,Although,D | Although,Medium,1,ELITE,1
q_10_q1d_master_0166,1,ENGLISH_B | Q1(d) GRAMMAR MCQs | BISE BOARD MASTER 600 | CONJUNCTIONS,Apply,Wait here ____ I return [2].,because,but,and,until,D | until,Medium,1,ELITE,1
q_10_q1d_master_0167,1,ENGLISH_B | Q1(d) GRAMMAR MCQs | BISE BOARD MASTER 600 | CONJUNCTIONS,Apply,You cannot pass ____ you work hard [2].,because,and,but,unless,D | unless,Medium,1,ELITE,1
q_10_q1d_master_0168,1,ENGLISH_B | Q1(d) GRAMMAR MCQs | BISE BOARD MASTER 600 | CONJUNCTIONS,Apply,You may take ____ tea or coffee [2].,neither,both,not only,either,D | either,Medium,1,ELITE,1
q_10_q1d_master_0169,1,ENGLISH_B | Q1(d) GRAMMAR MCQs | BISE BOARD MASTER 600 | CONJUNCTIONS,Apply,She is ____ kind but also honest [2].,either,neither,whether,not only,D | not only,Medium,1,ELITE,1
q_10_q1d_master_0170,1,ENGLISH_B | Q1(d) GRAMMAR MCQs | BISE BOARD MASTER 600 | CONJUNCTIONS,Apply,He is poor ____ honest [3].,or,so,but,and,C | but,Medium,1,ULTRA,1
q_10_q1d_master_0171,1,ENGLISH_B | Q1(d) GRAMMAR MCQs | BISE BOARD MASTER 600 | CONJUNCTIONS,Apply,Work hard ____ you will fail [3].,but,so,or,and,C | or,Medium,1,ULTRA,1
q_10_q1d_master_0172,1,ENGLISH_B | Q1(d) GRAMMAR MCQs | BISE BOARD MASTER 600 | CONJUNCTIONS,Apply,I stayed home ____ it was raining [3].,or,but,because,although,C | because,Medium,1,ULTRA,1
q_10_q1d_master_0173,1,ENGLISH_B | Q1(d) GRAMMAR MCQs | BISE BOARD MASTER 600 | CONJUNCTIONS,Apply,"____ he was tired, he worked [3].",So,And,Although,Because,C | Although,Medium,1,ULTRA,1
q_10_q1d_master_0174,1,ENGLISH_B | Q1(d) GRAMMAR MCQs | BISE BOARD MASTER 600 | CONJUNCTIONS,Apply,Wait here ____ I return [3].,but,and,until,because,C | until,Medium,1,ULTRA,1
q_10_q1d_master_0175,1,ENGLISH_B | Q1(d) GRAMMAR MCQs | BISE BOARD MASTER 600 | CONJUNCTIONS,Apply,You cannot pass ____ you work hard [3].,and,but,unless,because,C | unless,Medium,1,ULTRA,1
q_10_q1d_master_0176,1,ENGLISH_B | Q1(d) GRAMMAR MCQs | BISE BOARD MASTER 600 | CONJUNCTIONS,Apply,You may take ____ tea or coffee [3].,both,not only,either,neither,C | either,Medium,1,ULTRA,1
q_10_q1d_master_0177,1,ENGLISH_B | Q1(d) GRAMMAR MCQs | BISE BOARD MASTER 600 | CONJUNCTIONS,Apply,She is ____ kind but also honest [3].,neither,whether,not only,either,C | not only,Medium,1,ULTRA,1
q_10_q1d_master_0178,1,ENGLISH_B | Q1(d) GRAMMAR MCQs | BISE BOARD MASTER 600 | CONJUNCTIONS,Apply,He is poor ____ honest [4].,so,but,and,or,B | but,Medium,1,ULTRA,1
q_10_q1d_master_0179,1,ENGLISH_B | Q1(d) GRAMMAR MCQs | BISE BOARD MASTER 600 | CONJUNCTIONS,Apply,Work hard ____ you will fail [4].,so,or,and,but,B | or,Medium,1,ULTRA,1
q_10_q1d_master_0180,1,ENGLISH_B | Q1(d) GRAMMAR MCQs | BISE BOARD MASTER 600 | CONJUNCTIONS,Apply,I stayed home ____ it was raining [4].,but,because,although,or,B | because,Medium,1,ULTRA,1
q_10_q1d_master_0181,1,ENGLISH_B | Q1(d) GRAMMAR MCQs | BISE BOARD MASTER 600 | CONJUNCTIONS,Apply,"____ he was tired, he worked [4].",And,Although,Because,So,B | Although,Medium,1,ULTRA,1
q_10_q1d_master_0182,1,ENGLISH_B | Q1(d) GRAMMAR MCQs | BISE BOARD MASTER 600 | CONJUNCTIONS,Apply,Wait here ____ I return [4].,and,until,because,but,B | until,Medium,1,ULTRA,1
q_10_q1d_master_0183,1,ENGLISH_B | Q1(d) GRAMMAR MCQs | BISE BOARD MASTER 600 | CONJUNCTIONS,Apply,You cannot pass ____ you work hard [4].,but,unless,because,and,B | unless,Medium,1,ULTRA,1
q_10_q1d_master_0184,1,ENGLISH_B | Q1(d) GRAMMAR MCQs | BISE BOARD MASTER 600 | CONJUNCTIONS,Apply,You may take ____ tea or coffee [4].,not only,either,neither,both,B | either,Medium,1,ULTRA,1
sep_10_q1d_master_0012,1,ENGLISH_B | Q1(d) GRAMMAR MCQs | BISE BOARD MASTER 600 | DENOTATION / CONNOTATION / WRITING,Topic,,,,,,,,,,1
q_10_q1d_master_0185,1,ENGLISH_B | Q1(d) GRAMMAR MCQs | BISE BOARD MASTER 600 | DENOTATION / CONNOTATION / WRITING,Apply,A denotation is a word’s: [1],literal meaning,emotional tone,hidden rhyme,word class,A | literal meaning,Hard,1,PRO,1
q_10_q1d_master_0186,1,ENGLISH_B | Q1(d) GRAMMAR MCQs | BISE BOARD MASTER 600 | DENOTATION / CONNOTATION / WRITING,Apply,A connotation is an associated: [1],feeling,spelling,tense,punctuation,A | feeling,Hard,1,PRO,1
q_10_q1d_master_0187,1,ENGLISH_B | Q1(d) GRAMMAR MCQs | BISE BOARD MASTER 600 | DENOTATION / CONNOTATION / WRITING,Apply,A rhetorical question usually expects: [1],no answer,one answer,a date,a noun,A | no answer,Hard,1,PRO,1
q_10_q1d_master_0188,1,ENGLISH_B | Q1(d) GRAMMAR MCQs | BISE BOARD MASTER 600 | DENOTATION / CONNOTATION / WRITING,Apply,A claim is a writer’s main: [1],position,spelling,heading,date,A | position,Hard,1,PRO,1
q_10_q1d_master_0189,1,ENGLISH_B | Q1(d) GRAMMAR MCQs | BISE BOARD MASTER 600 | DENOTATION / CONNOTATION / WRITING,Apply,Evidence should be: [1],relevant,random,hidden,unrelated,A | relevant,Hard,1,PRO,1
q_10_q1d_master_0190,1,ENGLISH_B | Q1(d) GRAMMAR MCQs | BISE BOARD MASTER 600 | DENOTATION / CONNOTATION / WRITING,Apply,A denotation is a word’s: [2],emotional tone,hidden rhyme,word class,literal meaning,D | literal meaning,Hard,1,PRO,1
q_10_q1d_master_0191,1,ENGLISH_B | Q1(d) GRAMMAR MCQs | BISE BOARD MASTER 600 | DENOTATION / CONNOTATION / WRITING,Apply,A connotation is an associated: [2],spelling,tense,punctuation,feeling,D | feeling,Hard,1,PRO,1
q_10_q1d_master_0192,1,ENGLISH_B | Q1(d) GRAMMAR MCQs | BISE BOARD MASTER 600 | DENOTATION / CONNOTATION / WRITING,Apply,A rhetorical question usually expects: [2],one answer,a date,a noun,no answer,D | no answer,Hard,1,PRO,1
q_10_q1d_master_0193,1,ENGLISH_B | Q1(d) GRAMMAR MCQs | BISE BOARD MASTER 600 | DENOTATION / CONNOTATION / WRITING,Apply,A claim is a writer’s main: [2],spelling,heading,date,position,D | position,Hard,1,PRO,1
q_10_q1d_master_0194,1,ENGLISH_B | Q1(d) GRAMMAR MCQs | BISE BOARD MASTER 600 | DENOTATION / CONNOTATION / WRITING,Apply,Evidence should be: [2],random,hidden,unrelated,relevant,D | relevant,Hard,1,PRO,1
q_10_q1d_master_0195,1,ENGLISH_B | Q1(d) GRAMMAR MCQs | BISE BOARD MASTER 600 | DENOTATION / CONNOTATION / WRITING,Apply,A denotation is a word’s: [3],hidden rhyme,word class,literal meaning,emotional tone,C | literal meaning,Hard,1,PRO,1
q_10_q1d_master_0196,1,ENGLISH_B | Q1(d) GRAMMAR MCQs | BISE BOARD MASTER 600 | DENOTATION / CONNOTATION / WRITING,Apply,A connotation is an associated: [3],tense,punctuation,feeling,spelling,C | feeling,Hard,1,PRO,1
q_10_q1d_master_0197,1,ENGLISH_B | Q1(d) GRAMMAR MCQs | BISE BOARD MASTER 600 | DENOTATION / CONNOTATION / WRITING,Apply,A rhetorical question usually expects: [3],a date,a noun,no answer,one answer,C | no answer,Hard,1,PRO,1
q_10_q1d_master_0198,1,ENGLISH_B | Q1(d) GRAMMAR MCQs | BISE BOARD MASTER 600 | DENOTATION / CONNOTATION / WRITING,Apply,A claim is a writer’s main: [3],heading,date,position,spelling,C | position,Hard,1,PRO,1
q_10_q1d_master_0199,1,ENGLISH_B | Q1(d) GRAMMAR MCQs | BISE BOARD MASTER 600 | DENOTATION / CONNOTATION / WRITING,Apply,Evidence should be: [3],hidden,unrelated,relevant,random,C | relevant,Hard,1,PRO,1
q_10_q1d_master_0200,1,ENGLISH_B | Q1(d) GRAMMAR MCQs | BISE BOARD MASTER 600 | DENOTATION / CONNOTATION / WRITING,Apply,A denotation is a word’s: [4],word class,literal meaning,emotional tone,hidden rhyme,B | literal meaning,Hard,1,PRO,1
q_10_q1d_master_0201,1,ENGLISH_B | Q1(d) GRAMMAR MCQs | BISE BOARD MASTER 600 | DENOTATION / CONNOTATION / WRITING,Apply,A connotation is an associated: [4],punctuation,feeling,spelling,tense,B | feeling,Hard,1,PRO,1
q_10_q1d_master_0202,1,ENGLISH_B | Q1(d) GRAMMAR MCQs | BISE BOARD MASTER 600 | DENOTATION / CONNOTATION / WRITING,Apply,A rhetorical question usually expects: [4],a noun,no answer,one answer,a date,B | no answer,Hard,1,PRO,1
q_10_q1d_master_0203,1,ENGLISH_B | Q1(d) GRAMMAR MCQs | BISE BOARD MASTER 600 | DENOTATION / CONNOTATION / WRITING,Apply,A claim is a writer’s main: [4],date,position,spelling,heading,B | position,Hard,1,PRO,1
q_10_q1d_master_0204,1,ENGLISH_B | Q1(d) GRAMMAR MCQs | BISE BOARD MASTER 600 | DENOTATION / CONNOTATION / WRITING,Apply,Evidence should be: [4],unrelated,relevant,random,hidden,B | relevant,Hard,1,PRO,1
q_10_q1d_master_0205,1,ENGLISH_B | Q1(d) GRAMMAR MCQs | BISE BOARD MASTER 600 | DENOTATION / CONNOTATION / WRITING,Apply,A denotation is a word’s: [5],literal meaning,emotional tone,hidden rhyme,word class,A | literal meaning,Hard,1,PRO,1
q_10_q1d_master_0206,1,ENGLISH_B | Q1(d) GRAMMAR MCQs | BISE BOARD MASTER 600 | DENOTATION / CONNOTATION / WRITING,Apply,A connotation is an associated: [5],feeling,spelling,tense,punctuation,A | feeling,Hard,1,PRO,1
q_10_q1d_master_0207,1,ENGLISH_B | Q1(d) GRAMMAR MCQs | BISE BOARD MASTER 600 | DENOTATION / CONNOTATION / WRITING,Apply,A rhetorical question usually expects: [5],no answer,one answer,a date,a noun,A | no answer,Hard,1,PRO,1
q_10_q1d_master_0208,1,ENGLISH_B | Q1(d) GRAMMAR MCQs | BISE BOARD MASTER 600 | DENOTATION / CONNOTATION / WRITING,Apply,A claim is a writer’s main: [5],position,spelling,heading,date,A | position,Hard,1,PRO,1
q_10_q1d_master_0209,1,ENGLISH_B | Q1(d) GRAMMAR MCQs | BISE BOARD MASTER 600 | DENOTATION / CONNOTATION / WRITING,Apply,Evidence should be: [5],relevant,random,hidden,unrelated,A | relevant,Hard,1,PRO,1
q_10_q1d_master_0210,1,ENGLISH_B | Q1(d) GRAMMAR MCQs | BISE BOARD MASTER 600 | DENOTATION / CONNOTATION / WRITING,Apply,A denotation is a word’s: [6],emotional tone,hidden rhyme,word class,literal meaning,D | literal meaning,Hard,1,PRO,1
q_10_q1d_master_0211,1,ENGLISH_B | Q1(d) GRAMMAR MCQs | BISE BOARD MASTER 600 | DENOTATION / CONNOTATION / WRITING,Apply,A connotation is an associated: [6],spelling,tense,punctuation,feeling,D | feeling,Hard,1,PRO,1
q_10_q1d_master_0212,1,ENGLISH_B | Q1(d) GRAMMAR MCQs | BISE BOARD MASTER 600 | DENOTATION / CONNOTATION / WRITING,Apply,A rhetorical question usually expects: [6],one answer,a date,a noun,no answer,D | no answer,Hard,1,PRO,1
q_10_q1d_master_0213,1,ENGLISH_B | Q1(d) GRAMMAR MCQs | BISE BOARD MASTER 600 | DENOTATION / CONNOTATION / WRITING,Apply,A claim is a writer’s main: [6],spelling,heading,date,position,D | position,Hard,1,PRO,1
q_10_q1d_master_0214,1,ENGLISH_B | Q1(d) GRAMMAR MCQs | BISE BOARD MASTER 600 | DENOTATION / CONNOTATION / WRITING,Apply,Evidence should be: [6],random,hidden,unrelated,relevant,D | relevant,Hard,1,PRO,1
sep_10_q1d_master_0013,1,ENGLISH_B | Q1(d) GRAMMAR MCQs | BISE BOARD MASTER 600 | FIGURES OF SPEECH,Topic,,,,,,,,,,1
q_10_q1d_master_0215,1,ENGLISH_B | Q1(d) GRAMMAR MCQs | BISE BOARD MASTER 600 | FIGURES OF SPEECH,Apply,A direct comparison without like/as is a:,alliteration,metaphor,simile,hyperbole,B | metaphor,Easy,1,ELITE,1
q_10_q1d_master_0216,1,ENGLISH_B | Q1(d) GRAMMAR MCQs | BISE BOARD MASTER 600 | FIGURES OF SPEECH,Apply,A comparison using like/as is a:,metaphor,hyperbole,irony,simile,D | simile,Easy,1,ELITE,1
q_10_q1d_master_0217,1,ENGLISH_B | Q1(d) GRAMMAR MCQs | BISE BOARD MASTER 600 | FIGURES OF SPEECH,Apply,Human qualities given to objects form:,assonance,personification,alliteration,metaphor,B | personification,Easy,1,ULTRA,1
q_10_q1d_master_0218,1,ENGLISH_B | Q1(d) GRAMMAR MCQs | BISE BOARD MASTER 600 | FIGURES OF SPEECH,Apply,Deliberate exaggeration is:,simile,metaphor,imagery,hyperbole,D | hyperbole,Medium,1,ULTRA,1
q_10_q1d_master_0219,1,ENGLISH_B | Q1(d) GRAMMAR MCQs | BISE BOARD MASTER 600 | FIGURES OF SPEECH,Apply,Repeated initial consonant sounds form:,irony,alliteration,assonance,metaphor,B | alliteration,Medium,1,ULTRA,1
q_10_q1d_master_0220,1,ENGLISH_B | Q1(d) GRAMMAR MCQs | BISE BOARD MASTER 600 | FIGURES OF SPEECH,Apply,Repeated vowel sounds form:,alliteration,simile,hyperbole,assonance,D | assonance,Medium,1,ULTRA,1
q_10_q1d_master_0221,1,ENGLISH_B | Q1(d) GRAMMAR MCQs | BISE BOARD MASTER 600 | FIGURES OF SPEECH,Apply,Language appealing to senses is:,rhyme,imagery,irony,metaphor,B | imagery,Medium,1,ULTRA,1
q_10_q1d_master_0222,1,ENGLISH_B | Q1(d) GRAMMAR MCQs | BISE BOARD MASTER 600 | FIGURES OF SPEECH,Apply,“Time is a thief” is a:,simile,hyperbole,alliteration,metaphor,D | metaphor,Medium,1,PRO,1
q_10_q1d_master_0223,1,ENGLISH_B | Q1(d) GRAMMAR MCQs | BISE BOARD MASTER 600 | FIGURES OF SPEECH,Apply,“The wind whispered” is:,assonance,personification,simile,irony,B | personification,Hard,1,PRO,1
q_10_q1d_master_0224,1,ENGLISH_B | Q1(d) GRAMMAR MCQs | BISE BOARD MASTER 600 | FIGURES OF SPEECH,Apply,“As brave as a lion” is a:,metaphor,hyperbole,imagery,simile,D | simile,Hard,1,PRO,1
q_10_q1d_master_0225,1,ENGLISH_B | Q1(d) GRAMMAR MCQs | BISE BOARD MASTER 600 | FIGURES OF SPEECH,Apply,“Time is a thief.” is an example of ____ [1].,metaphor,personification,alliteration,imagery,A | metaphor,Medium,1,ULTRA,1
q_10_q1d_master_0226,1,ENGLISH_B | Q1(d) GRAMMAR MCQs | BISE BOARD MASTER 600 | FIGURES OF SPEECH,Apply,“As brave as a lion.” is an example of ____ [1].,simile,personification,alliteration,imagery,A | simile,Medium,1,ULTRA,1
q_10_q1d_master_0227,1,ENGLISH_B | Q1(d) GRAMMAR MCQs | BISE BOARD MASTER 600 | FIGURES OF SPEECH,Apply,“The wind whispered.” is an example of ____ [1].,personification,simile,metaphor,hyperbole,A | personification,Medium,1,ULTRA,1
q_10_q1d_master_0228,1,ENGLISH_B | Q1(d) GRAMMAR MCQs | BISE BOARD MASTER 600 | FIGURES OF SPEECH,Apply,“I have told you a million times.” is an example of ____ [1].,hyperbole,personification,alliteration,imagery,A | hyperbole,Medium,1,ULTRA,1
q_10_q1d_master_0229,1,ENGLISH_B | Q1(d) GRAMMAR MCQs | BISE BOARD MASTER 600 | FIGURES OF SPEECH,Apply,“Wild winds whistle.” is an example of ____ [1].,alliteration,simile,metaphor,hyperbole,A | alliteration,Medium,1,ULTRA,1
q_10_q1d_master_0230,1,ENGLISH_B | Q1(d) GRAMMAR MCQs | BISE BOARD MASTER 600 | FIGURES OF SPEECH,Apply,“The moon smiled.” is an example of ____ [1].,personification,simile,metaphor,hyperbole,A | personification,Medium,1,ULTRA,1
q_10_q1d_master_0231,1,ENGLISH_B | Q1(d) GRAMMAR MCQs | BISE BOARD MASTER 600 | FIGURES OF SPEECH,Apply,“Time is a thief.” is an example of ____ [2].,personification,alliteration,imagery,metaphor,D | metaphor,Medium,1,ULTRA,1
q_10_q1d_master_0232,1,ENGLISH_B | Q1(d) GRAMMAR MCQs | BISE BOARD MASTER 600 | FIGURES OF SPEECH,Apply,“As brave as a lion.” is an example of ____ [2].,personification,alliteration,imagery,simile,D | simile,Medium,1,ULTRA,1
q_10_q1d_master_0233,1,ENGLISH_B | Q1(d) GRAMMAR MCQs | BISE BOARD MASTER 600 | FIGURES OF SPEECH,Apply,“The wind whispered.” is an example of ____ [2].,simile,metaphor,hyperbole,personification,D | personification,Medium,1,ULTRA,1
q_10_q1d_master_0234,1,ENGLISH_B | Q1(d) GRAMMAR MCQs | BISE BOARD MASTER 600 | FIGURES OF SPEECH,Apply,“I have told you a million times.” is an example of ____ [2].,personification,alliteration,imagery,hyperbole,D | hyperbole,Medium,1,ULTRA,1
q_10_q1d_master_0235,1,ENGLISH_B | Q1(d) GRAMMAR MCQs | BISE BOARD MASTER 600 | FIGURES OF SPEECH,Apply,“Wild winds whistle.” is an example of ____ [2].,simile,metaphor,hyperbole,alliteration,D | alliteration,Medium,1,ULTRA,1
q_10_q1d_master_0236,1,ENGLISH_B | Q1(d) GRAMMAR MCQs | BISE BOARD MASTER 600 | FIGURES OF SPEECH,Apply,“The moon smiled.” is an example of ____ [2].,simile,metaphor,hyperbole,personification,D | personification,Medium,1,ULTRA,1
q_10_q1d_master_0237,1,ENGLISH_B | Q1(d) GRAMMAR MCQs | BISE BOARD MASTER 600 | FIGURES OF SPEECH,Apply,“Time is a thief.” is an example of ____ [3].,alliteration,imagery,metaphor,personification,C | metaphor,Medium,1,ULTRA,1
q_10_q1d_master_0238,1,ENGLISH_B | Q1(d) GRAMMAR MCQs | BISE BOARD MASTER 600 | FIGURES OF SPEECH,Apply,“As brave as a lion.” is an example of ____ [3].,alliteration,imagery,simile,personification,C | simile,Medium,1,ULTRA,1
q_10_q1d_master_0239,1,ENGLISH_B | Q1(d) GRAMMAR MCQs | BISE BOARD MASTER 600 | FIGURES OF SPEECH,Apply,“The wind whispered.” is an example of ____ [3].,metaphor,hyperbole,personification,simile,C | personification,Medium,1,ULTRA,1
q_10_q1d_master_0240,1,ENGLISH_B | Q1(d) GRAMMAR MCQs | BISE BOARD MASTER 600 | FIGURES OF SPEECH,Apply,“I have told you a million times.” is an example of ____ [3].,alliteration,imagery,hyperbole,personification,C | hyperbole,Medium,1,ULTRA,1
q_10_q1d_master_0241,1,ENGLISH_B | Q1(d) GRAMMAR MCQs | BISE BOARD MASTER 600 | FIGURES OF SPEECH,Apply,“Wild winds whistle.” is an example of ____ [3].,metaphor,hyperbole,alliteration,simile,C | alliteration,Medium,1,ULTRA,1
q_10_q1d_master_0242,1,ENGLISH_B | Q1(d) GRAMMAR MCQs | BISE BOARD MASTER 600 | FIGURES OF SPEECH,Apply,“The moon smiled.” is an example of ____ [3].,metaphor,hyperbole,personification,simile,C | personification,Medium,1,ULTRA,1
q_10_q1d_master_0243,1,ENGLISH_B | Q1(d) GRAMMAR MCQs | BISE BOARD MASTER 600 | FIGURES OF SPEECH,Apply,“Time is a thief.” is an example of ____ [4].,imagery,metaphor,personification,alliteration,B | metaphor,Medium,1,ULTRA,1
q_10_q1d_master_0244,1,ENGLISH_B | Q1(d) GRAMMAR MCQs | BISE BOARD MASTER 600 | FIGURES OF SPEECH,Apply,“As brave as a lion.” is an example of ____ [4].,imagery,simile,personification,alliteration,B | simile,Medium,1,ULTRA,1
q_10_q1d_master_0245,1,ENGLISH_B | Q1(d) GRAMMAR MCQs | BISE BOARD MASTER 600 | FIGURES OF SPEECH,Apply,“The wind whispered.” is an example of ____ [4].,hyperbole,personification,simile,metaphor,B | personification,Medium,1,ULTRA,1
q_10_q1d_master_0246,1,ENGLISH_B | Q1(d) GRAMMAR MCQs | BISE BOARD MASTER 600 | FIGURES OF SPEECH,Apply,“I have told you a million times.” is an example of ____ [4].,imagery,hyperbole,personification,alliteration,B | hyperbole,Medium,1,ULTRA,1
q_10_q1d_master_0247,1,ENGLISH_B | Q1(d) GRAMMAR MCQs | BISE BOARD MASTER 600 | FIGURES OF SPEECH,Apply,“Wild winds whistle.” is an example of ____ [4].,hyperbole,alliteration,simile,metaphor,B | alliteration,Medium,1,ULTRA,1
q_10_q1d_master_0248,1,ENGLISH_B | Q1(d) GRAMMAR MCQs | BISE BOARD MASTER 600 | FIGURES OF SPEECH,Apply,“The moon smiled.” is an example of ____ [4].,hyperbole,personification,simile,metaphor,B | personification,Medium,1,ULTRA,1
q_10_q1d_master_0249,1,ENGLISH_B | Q1(d) GRAMMAR MCQs | BISE BOARD MASTER 600 | FIGURES OF SPEECH,Apply,“Time is a thief.” is an example of ____ [5].,metaphor,personification,alliteration,imagery,A | metaphor,Medium,1,ULTRA,1
q_10_q1d_master_0250,1,ENGLISH_B | Q1(d) GRAMMAR MCQs | BISE BOARD MASTER 600 | FIGURES OF SPEECH,Apply,“As brave as a lion.” is an example of ____ [5].,simile,personification,alliteration,imagery,A | simile,Medium,1,ULTRA,1
q_10_q1d_master_0251,1,ENGLISH_B | Q1(d) GRAMMAR MCQs | BISE BOARD MASTER 600 | FIGURES OF SPEECH,Apply,“The wind whispered.” is an example of ____ [5].,personification,simile,metaphor,hyperbole,A | personification,Medium,1,ULTRA,1
q_10_q1d_master_0252,1,ENGLISH_B | Q1(d) GRAMMAR MCQs | BISE BOARD MASTER 600 | FIGURES OF SPEECH,Apply,“I have told you a million times.” is an example of ____ [5].,hyperbole,personification,alliteration,imagery,A | hyperbole,Medium,1,ULTRA,1
q_10_q1d_master_0253,1,ENGLISH_B | Q1(d) GRAMMAR MCQs | BISE BOARD MASTER 600 | FIGURES OF SPEECH,Apply,“Wild winds whistle.” is an example of ____ [5].,alliteration,simile,metaphor,hyperbole,A | alliteration,Medium,1,ULTRA,1
q_10_q1d_master_0254,1,ENGLISH_B | Q1(d) GRAMMAR MCQs | BISE BOARD MASTER 600 | FIGURES OF SPEECH,Apply,“The moon smiled.” is an example of ____ [5].,personification,simile,metaphor,hyperbole,A | personification,Medium,1,ULTRA,1
sep_10_q1d_master_0014,1,ENGLISH_B | Q1(d) GRAMMAR MCQs | BISE BOARD MASTER 600 | GERUND / INFINITIVE / PARTICIPLE,Topic,,,,,,,,,,1
q_10_q1d_master_0255,1,ENGLISH_B | Q1(d) GRAMMAR MCQs | BISE BOARD MASTER 600 | GERUND / INFINITIVE / PARTICIPLE,Apply,“Swimming” in “Swimming is useful” is a:,adverb,preposition,article,gerund,D | gerund,Easy,1,ELITE,1
q_10_q1d_master_0256,1,ENGLISH_B | Q1(d) GRAMMAR MCQs | BISE BOARD MASTER 600 | GERUND / INFINITIVE / PARTICIPLE,Apply,A gerund ends in:,-er,-ing,-ed,-ly,B | -ing,Easy,1,ELITE,1
q_10_q1d_master_0257,1,ENGLISH_B | Q1(d) GRAMMAR MCQs | BISE BOARD MASTER 600 | GERUND / INFINITIVE / PARTICIPLE,Apply,An infinitive commonly uses:,verb + ing,had + verb,is + noun,to + verb,D | to + verb,Easy,1,ULTRA,1
q_10_q1d_master_0258,1,ENGLISH_B | Q1(d) GRAMMAR MCQs | BISE BOARD MASTER 600 | GERUND / INFINITIVE / PARTICIPLE,Apply,“To read” is an:,pronoun,infinitive,gerund,adverb,B | infinitive,Medium,1,ULTRA,1
q_10_q1d_master_0259,1,ENGLISH_B | Q1(d) GRAMMAR MCQs | BISE BOARD MASTER 600 | GERUND / INFINITIVE / PARTICIPLE,Apply,“Running water” contains a:,gerund noun,preposition,article,participle,D | participle,Medium,1,ULTRA,1
q_10_q1d_master_0260,1,ENGLISH_B | Q1(d) GRAMMAR MCQs | BISE BOARD MASTER 600 | GERUND / INFINITIVE / PARTICIPLE,Apply,“Broken glass” contains a:,pronoun,past participle,gerund,infinitive,B | past participle,Medium,1,ULTRA,1
q_10_q1d_master_0261,1,ENGLISH_B | Q1(d) GRAMMAR MCQs | BISE BOARD MASTER 600 | GERUND / INFINITIVE / PARTICIPLE,Apply,“Crying baby” contains a:,noun clause,infinitive,preposition,present participle,D | present participle,Medium,1,ULTRA,1
q_10_q1d_master_0262,1,ENGLISH_B | Q1(d) GRAMMAR MCQs | BISE BOARD MASTER 600 | GERUND / INFINITIVE / PARTICIPLE,Apply,A participle can work as an:,preposition,adjective,article,pronoun,B | adjective,Medium,1,PRO,1
q_10_q1d_master_0263,1,ENGLISH_B | Q1(d) GRAMMAR MCQs | BISE BOARD MASTER 600 | GERUND / INFINITIVE / PARTICIPLE,Apply,“Finished” in “has finished” is a:,gerund,infinitive,article,past participle,D | past participle,Hard,1,PRO,1
q_10_q1d_master_0264,1,ENGLISH_B | Q1(d) GRAMMAR MCQs | BISE BOARD MASTER 600 | GERUND / INFINITIVE / PARTICIPLE,Apply,“Seeing the rain” begins with a:,article,participle,preposition,pronoun,B | participle,Hard,1,PRO,1
q_10_q1d_master_0265,1,ENGLISH_B | Q1(d) GRAMMAR MCQs | BISE BOARD MASTER 600 | GERUND / INFINITIVE / PARTICIPLE,Apply,In “Swimming is useful.” “Swimming” is a/an ____ [1].,gerund,noun,adverb,preposition,A | gerund,Medium,1,ULTRA,1
q_10_q1d_master_0266,1,ENGLISH_B | Q1(d) GRAMMAR MCQs | BISE BOARD MASTER 600 | GERUND / INFINITIVE / PARTICIPLE,Apply,In “I like to read.” “to read” is a/an ____ [1].,infinitive,noun,adverb,preposition,A | infinitive,Medium,1,ULTRA,1
q_10_q1d_master_0267,1,ENGLISH_B | Q1(d) GRAMMAR MCQs | BISE BOARD MASTER 600 | GERUND / INFINITIVE / PARTICIPLE,Apply,In “Running water is cold.” “Running” is a/an ____ [1].,participle,noun,adverb,preposition,A | participle,Medium,1,ULTRA,1
q_10_q1d_master_0268,1,ENGLISH_B | Q1(d) GRAMMAR MCQs | BISE BOARD MASTER 600 | GERUND / INFINITIVE / PARTICIPLE,Apply,In “Broken glass is dangerous.” “Broken” is a/an ____ [1].,past participle,noun,adverb,preposition,A | past participle,Medium,1,ULTRA,1
q_10_q1d_master_0269,1,ENGLISH_B | Q1(d) GRAMMAR MCQs | BISE BOARD MASTER 600 | GERUND / INFINITIVE / PARTICIPLE,Apply,In “The crying baby slept.” “crying” is a/an ____ [1].,present participle,noun,adverb,preposition,A | present participle,Medium,1,ULTRA,1
q_10_q1d_master_0270,1,ENGLISH_B | Q1(d) GRAMMAR MCQs | BISE BOARD MASTER 600 | GERUND / INFINITIVE / PARTICIPLE,Apply,In “Swimming is useful.” “Swimming” is a/an ____ [2].,noun,adverb,preposition,gerund,D | gerund,Medium,1,ULTRA,1
q_10_q1d_master_0271,1,ENGLISH_B | Q1(d) GRAMMAR MCQs | BISE BOARD MASTER 600 | GERUND / INFINITIVE / PARTICIPLE,Apply,In “I like to read.” “to read” is a/an ____ [2].,noun,adverb,preposition,infinitive,D | infinitive,Medium,1,ULTRA,1
q_10_q1d_master_0272,1,ENGLISH_B | Q1(d) GRAMMAR MCQs | BISE BOARD MASTER 600 | GERUND / INFINITIVE / PARTICIPLE,Apply,In “Running water is cold.” “Running” is a/an ____ [2].,noun,adverb,preposition,participle,D | participle,Medium,1,ULTRA,1
q_10_q1d_master_0273,1,ENGLISH_B | Q1(d) GRAMMAR MCQs | BISE BOARD MASTER 600 | GERUND / INFINITIVE / PARTICIPLE,Apply,In “Broken glass is dangerous.” “Broken” is a/an ____ [2].,noun,adverb,preposition,past participle,D | past participle,Medium,1,ULTRA,1
q_10_q1d_master_0274,1,ENGLISH_B | Q1(d) GRAMMAR MCQs | BISE BOARD MASTER 600 | GERUND / INFINITIVE / PARTICIPLE,Apply,In “The crying baby slept.” “crying” is a/an ____ [2].,noun,adverb,preposition,present participle,D | present participle,Medium,1,ULTRA,1
q_10_q1d_master_0275,1,ENGLISH_B | Q1(d) GRAMMAR MCQs | BISE BOARD MASTER 600 | GERUND / INFINITIVE / PARTICIPLE,Apply,In “Swimming is useful.” “Swimming” is a/an ____ [3].,adverb,preposition,gerund,noun,C | gerund,Medium,1,ULTRA,1
q_10_q1d_master_0276,1,ENGLISH_B | Q1(d) GRAMMAR MCQs | BISE BOARD MASTER 600 | GERUND / INFINITIVE / PARTICIPLE,Apply,In “I like to read.” “to read” is a/an ____ [3].,adverb,preposition,infinitive,noun,C | infinitive,Medium,1,ULTRA,1
q_10_q1d_master_0277,1,ENGLISH_B | Q1(d) GRAMMAR MCQs | BISE BOARD MASTER 600 | GERUND / INFINITIVE / PARTICIPLE,Apply,In “Running water is cold.” “Running” is a/an ____ [3].,adverb,preposition,participle,noun,C | participle,Medium,1,ULTRA,1
q_10_q1d_master_0278,1,ENGLISH_B | Q1(d) GRAMMAR MCQs | BISE BOARD MASTER 600 | GERUND / INFINITIVE / PARTICIPLE,Apply,In “Broken glass is dangerous.” “Broken” is a/an ____ [3].,adverb,preposition,past participle,noun,C | past participle,Medium,1,ULTRA,1
q_10_q1d_master_0279,1,ENGLISH_B | Q1(d) GRAMMAR MCQs | BISE BOARD MASTER 600 | GERUND / INFINITIVE / PARTICIPLE,Apply,In “The crying baby slept.” “crying” is a/an ____ [3].,adverb,preposition,present participle,noun,C | present participle,Medium,1,ULTRA,1
q_10_q1d_master_0280,1,ENGLISH_B | Q1(d) GRAMMAR MCQs | BISE BOARD MASTER 600 | GERUND / INFINITIVE / PARTICIPLE,Apply,In “Swimming is useful.” “Swimming” is a/an ____ [4].,preposition,gerund,noun,adverb,B | gerund,Medium,1,ULTRA,1
q_10_q1d_master_0281,1,ENGLISH_B | Q1(d) GRAMMAR MCQs | BISE BOARD MASTER 600 | GERUND / INFINITIVE / PARTICIPLE,Apply,In “I like to read.” “to read” is a/an ____ [4].,preposition,infinitive,noun,adverb,B | infinitive,Medium,1,ULTRA,1
q_10_q1d_master_0282,1,ENGLISH_B | Q1(d) GRAMMAR MCQs | BISE BOARD MASTER 600 | GERUND / INFINITIVE / PARTICIPLE,Apply,In “Running water is cold.” “Running” is a/an ____ [4].,preposition,participle,noun,adverb,B | participle,Medium,1,ULTRA,1
q_10_q1d_master_0283,1,ENGLISH_B | Q1(d) GRAMMAR MCQs | BISE BOARD MASTER 600 | GERUND / INFINITIVE / PARTICIPLE,Apply,In “Broken glass is dangerous.” “Broken” is a/an ____ [4].,preposition,past participle,noun,adverb,B | past participle,Medium,1,ULTRA,1
q_10_q1d_master_0284,1,ENGLISH_B | Q1(d) GRAMMAR MCQs | BISE BOARD MASTER 600 | GERUND / INFINITIVE / PARTICIPLE,Apply,In “The crying baby slept.” “crying” is a/an ____ [4].,preposition,present participle,noun,adverb,B | present participle,Medium,1,ULTRA,1
q_10_q1d_master_0285,1,ENGLISH_B | Q1(d) GRAMMAR MCQs | BISE BOARD MASTER 600 | GERUND / INFINITIVE / PARTICIPLE,Apply,In “Swimming is useful.” “Swimming” is a/an ____ [5].,gerund,noun,adverb,preposition,A | gerund,Medium,1,ULTRA,1
q_10_q1d_master_0286,1,ENGLISH_B | Q1(d) GRAMMAR MCQs | BISE BOARD MASTER 600 | GERUND / INFINITIVE / PARTICIPLE,Apply,In “I like to read.” “to read” is a/an ____ [5].,infinitive,noun,adverb,preposition,A | infinitive,Medium,1,ULTRA,1
q_10_q1d_master_0287,1,ENGLISH_B | Q1(d) GRAMMAR MCQs | BISE BOARD MASTER 600 | GERUND / INFINITIVE / PARTICIPLE,Apply,In “Running water is cold.” “Running” is a/an ____ [5].,participle,noun,adverb,preposition,A | participle,Medium,1,ULTRA,1
q_10_q1d_master_0288,1,ENGLISH_B | Q1(d) GRAMMAR MCQs | BISE BOARD MASTER 600 | GERUND / INFINITIVE / PARTICIPLE,Apply,In “Broken glass is dangerous.” “Broken” is a/an ____ [5].,past participle,noun,adverb,preposition,A | past participle,Medium,1,ULTRA,1
q_10_q1d_master_0289,1,ENGLISH_B | Q1(d) GRAMMAR MCQs | BISE BOARD MASTER 600 | GERUND / INFINITIVE / PARTICIPLE,Apply,In “The crying baby slept.” “crying” is a/an ____ [5].,present participle,noun,adverb,preposition,A | present participle,Medium,1,ULTRA,1
q_10_q1d_master_0290,1,ENGLISH_B | Q1(d) GRAMMAR MCQs | BISE BOARD MASTER 600 | GERUND / INFINITIVE / PARTICIPLE,Apply,In “Swimming is useful.” “Swimming” is a/an ____ [6].,noun,adverb,preposition,gerund,D | gerund,Medium,1,ULTRA,1
q_10_q1d_master_0291,1,ENGLISH_B | Q1(d) GRAMMAR MCQs | BISE BOARD MASTER 600 | GERUND / INFINITIVE / PARTICIPLE,Apply,In “I like to read.” “to read” is a/an ____ [6].,noun,adverb,preposition,infinitive,D | infinitive,Medium,1,ULTRA,1
q_10_q1d_master_0292,1,ENGLISH_B | Q1(d) GRAMMAR MCQs | BISE BOARD MASTER 600 | GERUND / INFINITIVE / PARTICIPLE,Apply,In “Running water is cold.” “Running” is a/an ____ [6].,noun,adverb,preposition,participle,D | participle,Medium,1,ULTRA,1
q_10_q1d_master_0293,1,ENGLISH_B | Q1(d) GRAMMAR MCQs | BISE BOARD MASTER 600 | GERUND / INFINITIVE / PARTICIPLE,Apply,In “Broken glass is dangerous.” “Broken” is a/an ____ [6].,noun,adverb,preposition,past participle,D | past participle,Medium,1,ULTRA,1
q_10_q1d_master_0294,1,ENGLISH_B | Q1(d) GRAMMAR MCQs | BISE BOARD MASTER 600 | GERUND / INFINITIVE / PARTICIPLE,Apply,In “The crying baby slept.” “crying” is a/an ____ [6].,noun,adverb,preposition,present participle,D | present participle,Medium,1,ULTRA,1
q_10_q1d_master_0295,1,ENGLISH_B | Q1(d) GRAMMAR MCQs | BISE BOARD MASTER 600 | GERUND / INFINITIVE / PARTICIPLE,Apply,In “Swimming is useful.” “Swimming” is a/an ____ [7].,adverb,preposition,gerund,noun,C | gerund,Medium,1,ULTRA,1
sep_10_q1d_master_0015,1,ENGLISH_B | Q1(d) GRAMMAR MCQs | BISE BOARD MASTER 600 | HYPHENATION,Topic,,,,,,,,,,1
q_10_q1d_master_0296,1,ENGLISH_B | Q1(d) GRAMMAR MCQs | BISE BOARD MASTER 600 | HYPHENATION,Apply,“Well-known writer” uses a:,slash,hyphen,colon,comma,B | hyphen,Easy,1,ELITE,1
q_10_q1d_master_0297,1,ENGLISH_B | Q1(d) GRAMMAR MCQs | BISE BOARD MASTER 600 | HYPHENATION,Apply,“Twenty-minute break” uses a:,semicolon,apostrophe,colon,hyphen,D | hyphen,Easy,1,ELITE,1
q_10_q1d_master_0298,1,ENGLISH_B | Q1(d) GRAMMAR MCQs | BISE BOARD MASTER 600 | HYPHENATION,Apply,A compound adjective before a noun may need a:,bracket,hyphen,full stop,slash,B | hyphen,Easy,1,ULTRA,1
q_10_q1d_master_0299,1,ENGLISH_B | Q1(d) GRAMMAR MCQs | BISE BOARD MASTER 600 | HYPHENATION,Apply,“Five-year-old child” contains:,commas,colons,slashes,hyphens,D | hyphens,Medium,1,ULTRA,1
q_10_q1d_master_0300,1,ENGLISH_B | Q1(d) GRAMMAR MCQs | BISE BOARD MASTER 600 | HYPHENATION,Apply,A hyphen can join parts of a compound:,title,word,paragraph,chapter,B | word,Medium,1,ULTRA,1
q_10_q1d_master_0301,1,ENGLISH_B | Q1(d) GRAMMAR MCQs | BISE BOARD MASTER 600 | HYPHENATION,Apply,“Part-time job” uses a:,comma,colon,apostrophe,hyphen,D | hyphen,Medium,1,ULTRA,1
q_10_q1d_master_0302,1,ENGLISH_B | Q1(d) GRAMMAR MCQs | BISE BOARD MASTER 600 | HYPHENATION,Apply,“Two-hour journey” uses a:,slash,hyphen,semicolon,comma,B | hyphen,Medium,1,ULTRA,1
q_10_q1d_master_0303,1,ENGLISH_B | Q1(d) GRAMMAR MCQs | BISE BOARD MASTER 600 | HYPHENATION,Apply,“Long-term plan” uses a:,colon,bracket,comma,hyphen,D | hyphen,Medium,1,PRO,1
q_10_q1d_master_0304,1,ENGLISH_B | Q1(d) GRAMMAR MCQs | BISE BOARD MASTER 600 | HYPHENATION,Apply,“Self-control” contains a:,full stop,hyphen,comma,colon,B | hyphen,Hard,1,PRO,1
q_10_q1d_master_0305,1,ENGLISH_B | Q1(d) GRAMMAR MCQs | BISE BOARD MASTER 600 | HYPHENATION,Apply,Hyphens can improve compound-word:,length,rhyme,tense,clarity,D | clarity,Hard,1,PRO,1
sep_10_q1d_master_0016,1,ENGLISH_B | Q1(d) GRAMMAR MCQs | BISE BOARD MASTER 600 | MIXED BOARD GRAMMAR,Topic,,,,,,,,,,1
q_10_q1d_master_0306,1,ENGLISH_B | Q1(d) GRAMMAR MCQs | BISE BOARD MASTER 600 | MIXED BOARD GRAMMAR,Apply,“Because he was ill” is a:,dependent clause,main clause,noun phrase,simple sentence,A | dependent clause,Medium,1,ULTRA,1
q_10_q1d_master_0307,1,ENGLISH_B | Q1(d) GRAMMAR MCQs | BISE BOARD MASTER 600 | MIXED BOARD GRAMMAR,Apply,“The book on the shelf” contains a:,prepositional phrase,main clause,gerund,interjection,A | prepositional phrase,Medium,1,ULTRA,1
q_10_q1d_master_0308,1,ENGLISH_B | Q1(d) GRAMMAR MCQs | BISE BOARD MASTER 600 | MIXED BOARD GRAMMAR,Apply,“Neither...nor” is:,correlative,coordinating,subordinating,prepositional,A | correlative,Medium,1,ULTRA,1
q_10_q1d_master_0309,1,ENGLISH_B | Q1(d) GRAMMAR MCQs | BISE BOARD MASTER 600 | MIXED BOARD GRAMMAR,Apply,“Extremely” in “extremely useful” is an:,adverb,adjective,noun,pronoun,A | adverb,Medium,1,ULTRA,1
q_10_q1d_master_0310,1,ENGLISH_B | Q1(d) GRAMMAR MCQs | BISE BOARD MASTER 600 | MIXED BOARD GRAMMAR,Apply,“Polluted water” contains a:,participle,gerund,infinitive,conjunction,A | participle,Medium,1,ULTRA,1
sep_10_q1d_master_0017,1,ENGLISH_B | Q1(d) GRAMMAR MCQs | BISE BOARD MASTER 600 | MODEL PAPER DIRECT,Topic,,,,,,,,,,1
q_10_q1d_master_0311,1,ENGLISH_B | Q1(d) GRAMMAR MCQs | BISE BOARD MASTER 600 | MODEL PAPER DIRECT,Apply,Orphans were often ______ without care or protection.,leave,left,leaving,leaves,B | left,Medium,1,ELITE,1
q_10_q1d_master_0312,1,ENGLISH_B | Q1(d) GRAMMAR MCQs | BISE BOARD MASTER 600 | MODEL PAPER DIRECT,Apply,English is often used as a global lingua franca. The underlined word “often” is:,adverb,noun,gerund,adjective,A | adverb,Easy,1,ELITE,1
q_10_q1d_master_0313,1,ENGLISH_B | Q1(d) GRAMMAR MCQs | BISE BOARD MASTER 600 | MODEL PAPER DIRECT,Apply,This damages their education. The underlined word “damages” is:,verb,modal verb,adjective,adverb,A | verb,Easy,1,ELITE,1
q_10_q1d_master_0314,1,ENGLISH_B | Q1(d) GRAMMAR MCQs | BISE BOARD MASTER 600 | MODEL PAPER DIRECT,Apply,The King put on simple clothes. The underlined word “simple” is:,noun,verb,adverb,adjective,D | adjective,Easy,1,ELITE,1
q_10_q1d_master_0315,1,ENGLISH_B | Q1(d) GRAMMAR MCQs | BISE BOARD MASTER 600 | MODEL PAPER DIRECT,Apply,He speaks the truth. Here “truth” is a/an:,adjective,verb,noun,pronoun,C | noun,Easy,1,ELITE,1
sep_10_q1d_master_0018,1,ENGLISH_B | Q1(d) GRAMMAR MCQs | BISE BOARD MASTER 600 | NOUN,Topic,,,,,,,,,,1
q_10_q1d_master_0316,1,ENGLISH_B | Q1(d) GRAMMAR MCQs | BISE BOARD MASTER 600 | NOUN,Apply,The word “honesty” is a:,verb,adverb,pronoun,noun,D | noun,Easy,1,ELITE,1
q_10_q1d_master_0317,1,ENGLISH_B | Q1(d) GRAMMAR MCQs | BISE BOARD MASTER 600 | NOUN,Apply,The word “teacher” is a:,adverb,noun,verb,adjective,B | noun,Easy,1,ELITE,1
q_10_q1d_master_0318,1,ENGLISH_B | Q1(d) GRAMMAR MCQs | BISE BOARD MASTER 600 | NOUN,Apply,The word “beauty” is a:,verb,adverb,article,noun,D | noun,Easy,1,ULTRA,1
q_10_q1d_master_0319,1,ENGLISH_B | Q1(d) GRAMMAR MCQs | BISE BOARD MASTER 600 | NOUN,Apply,The word “Pakistan” is a:,pronoun,proper noun,verb,adverb,B | proper noun,Medium,1,ULTRA,1
q_10_q1d_master_0320,1,ENGLISH_B | Q1(d) GRAMMAR MCQs | BISE BOARD MASTER 600 | NOUN,Apply,The word “team” is a:,verb,adjective,adverb,collective noun,D | collective noun,Medium,1,ULTRA,1
q_10_q1d_master_0321,1,ENGLISH_B | Q1(d) GRAMMAR MCQs | BISE BOARD MASTER 600 | NOUN,Apply,The word “childhood” is a:,article,abstract noun,verb,pronoun,B | abstract noun,Medium,1,ULTRA,1
q_10_q1d_master_0322,1,ENGLISH_B | Q1(d) GRAMMAR MCQs | BISE BOARD MASTER 600 | NOUN,Apply,The word “water” in “Drink water” is a:,verb,adjective,adverb,noun,D | noun,Medium,1,ULTRA,1
q_10_q1d_master_0323,1,ENGLISH_B | Q1(d) GRAMMAR MCQs | BISE BOARD MASTER 600 | NOUN,Apply,The word “crowd” is a:,adverb,collective noun,pronoun,verb,B | collective noun,Medium,1,PRO,1
q_10_q1d_master_0324,1,ENGLISH_B | Q1(d) GRAMMAR MCQs | BISE BOARD MASTER 600 | NOUN,Apply,The word “kindness” is a:,adjective,verb,preposition,abstract noun,D | abstract noun,Hard,1,PRO,1
q_10_q1d_master_0325,1,ENGLISH_B | Q1(d) GRAMMAR MCQs | BISE BOARD MASTER 600 | NOUN,Apply,The word “Lahore” is a:,adverb,proper noun,common noun,verb,B | proper noun,Hard,1,PRO,1
sep_10_q1d_master_0019,1,ENGLISH_B | Q1(d) GRAMMAR MCQs | BISE BOARD MASTER 600 | PARTS OF SPEECH,Topic,,,,,,,,,,1
q_10_q1d_master_0326,1,ENGLISH_B | Q1(d) GRAMMAR MCQs | BISE BOARD MASTER 600 | PARTS OF SPEECH,Apply,In “The brave soldier fought.” “brave” is a/an ____ [1].,noun,verb,adjective,adverb,C | adjective,Easy,1,ELITE,1
q_10_q1d_master_0327,1,ENGLISH_B | Q1(d) GRAMMAR MCQs | BISE BOARD MASTER 600 | PARTS OF SPEECH,Apply,In “He spoke softly.” “softly” is a/an ____ [1].,noun,verb,adjective,adverb,D | adverb,Easy,1,ELITE,1
q_10_q1d_master_0328,1,ENGLISH_B | Q1(d) GRAMMAR MCQs | BISE BOARD MASTER 600 | PARTS OF SPEECH,Apply,In “They opened the gate.” “opened” is a/an ____ [1].,noun,verb,adjective,adverb,B | verb,Easy,1,ELITE,1
q_10_q1d_master_0329,1,ENGLISH_B | Q1(d) GRAMMAR MCQs | BISE BOARD MASTER 600 | PARTS OF SPEECH,Apply,In “Honesty is valuable.” “Honesty” is a/an ____ [1].,noun,verb,adjective,adverb,A | noun,Easy,1,ELITE,1
q_10_q1d_master_0330,1,ENGLISH_B | Q1(d) GRAMMAR MCQs | BISE BOARD MASTER 600 | PARTS OF SPEECH,Apply,In “She helped him.” “him” is a/an ____ [1].,pronoun,noun,verb,adjective,A | pronoun,Easy,1,ELITE,1
q_10_q1d_master_0331,1,ENGLISH_B | Q1(d) GRAMMAR MCQs | BISE BOARD MASTER 600 | PARTS OF SPEECH,Apply,In “We sat under a tree.” “under” is a/an ____ [1].,preposition,noun,verb,adjective,A | preposition,Easy,1,ELITE,1
q_10_q1d_master_0332,1,ENGLISH_B | Q1(d) GRAMMAR MCQs | BISE BOARD MASTER 600 | PARTS OF SPEECH,Apply,In “Ali and Ahmed came.” “and” is a/an ____ [1].,conjunction,noun,verb,adjective,A | conjunction,Easy,1,ELITE,1
q_10_q1d_master_0333,1,ENGLISH_B | Q1(d) GRAMMAR MCQs | BISE BOARD MASTER 600 | PARTS OF SPEECH,Apply,In “Wow! What a view!” “Wow” is a/an ____ [1].,interjection,noun,verb,adjective,A | interjection,Easy,1,ELITE,1
q_10_q1d_master_0334,1,ENGLISH_B | Q1(d) GRAMMAR MCQs | BISE BOARD MASTER 600 | PARTS OF SPEECH,Apply,In “The brave soldier fought.” “brave” is a/an ____ [2].,verb,adjective,adverb,noun,B | adjective,Easy,1,ELITE,1
q_10_q1d_master_0335,1,ENGLISH_B | Q1(d) GRAMMAR MCQs | BISE BOARD MASTER 600 | PARTS OF SPEECH,Apply,In “He spoke softly.” “softly” is a/an ____ [2].,verb,adjective,adverb,noun,C | adverb,Easy,1,ELITE,1
q_10_q1d_master_0336,1,ENGLISH_B | Q1(d) GRAMMAR MCQs | BISE BOARD MASTER 600 | PARTS OF SPEECH,Apply,In “They opened the gate.” “opened” is a/an ____ [2].,verb,adjective,adverb,noun,A | verb,Easy,1,ELITE,1
q_10_q1d_master_0337,1,ENGLISH_B | Q1(d) GRAMMAR MCQs | BISE BOARD MASTER 600 | PARTS OF SPEECH,Apply,In “Honesty is valuable.” “Honesty” is a/an ____ [2].,verb,adjective,adverb,noun,D | noun,Easy,1,ELITE,1
q_10_q1d_master_0338,1,ENGLISH_B | Q1(d) GRAMMAR MCQs | BISE BOARD MASTER 600 | PARTS OF SPEECH,Apply,In “She helped him.” “him” is a/an ____ [2].,noun,verb,adjective,pronoun,D | pronoun,Easy,1,ELITE,1
q_10_q1d_master_0339,1,ENGLISH_B | Q1(d) GRAMMAR MCQs | BISE BOARD MASTER 600 | PARTS OF SPEECH,Apply,In “We sat under a tree.” “under” is a/an ____ [2].,noun,verb,adjective,preposition,D | preposition,Easy,1,ELITE,1
q_10_q1d_master_0340,1,ENGLISH_B | Q1(d) GRAMMAR MCQs | BISE BOARD MASTER 600 | PARTS OF SPEECH,Apply,In “Ali and Ahmed came.” “and” is a/an ____ [2].,noun,verb,adjective,conjunction,D | conjunction,Easy,1,ELITE,1
q_10_q1d_master_0341,1,ENGLISH_B | Q1(d) GRAMMAR MCQs | BISE BOARD MASTER 600 | PARTS OF SPEECH,Apply,In “Wow! What a view!” “Wow” is a/an ____ [2].,noun,verb,adjective,interjection,D | interjection,Easy,1,ELITE,1
q_10_q1d_master_0342,1,ENGLISH_B | Q1(d) GRAMMAR MCQs | BISE BOARD MASTER 600 | PARTS OF SPEECH,Apply,In “The brave soldier fought.” “brave” is a/an ____ [3].,adjective,adverb,noun,verb,A | adjective,Easy,1,ULTRA,1
q_10_q1d_master_0343,1,ENGLISH_B | Q1(d) GRAMMAR MCQs | BISE BOARD MASTER 600 | PARTS OF SPEECH,Apply,In “He spoke softly.” “softly” is a/an ____ [3].,adjective,adverb,noun,verb,B | adverb,Easy,1,ULTRA,1
q_10_q1d_master_0344,1,ENGLISH_B | Q1(d) GRAMMAR MCQs | BISE BOARD MASTER 600 | PARTS OF SPEECH,Apply,In “They opened the gate.” “opened” is a/an ____ [3].,adjective,adverb,noun,verb,D | verb,Easy,1,ULTRA,1
q_10_q1d_master_0345,1,ENGLISH_B | Q1(d) GRAMMAR MCQs | BISE BOARD MASTER 600 | PARTS OF SPEECH,Apply,In “Honesty is valuable.” “Honesty” is a/an ____ [3].,adjective,adverb,noun,verb,C | noun,Easy,1,ULTRA,1
q_10_q1d_master_0346,1,ENGLISH_B | Q1(d) GRAMMAR MCQs | BISE BOARD MASTER 600 | PARTS OF SPEECH,Apply,In “She helped him.” “him” is a/an ____ [3].,verb,adjective,pronoun,noun,C | pronoun,Easy,1,ULTRA,1
q_10_q1d_master_0347,1,ENGLISH_B | Q1(d) GRAMMAR MCQs | BISE BOARD MASTER 600 | PARTS OF SPEECH,Apply,In “We sat under a tree.” “under” is a/an ____ [3].,verb,adjective,preposition,noun,C | preposition,Easy,1,ULTRA,1
q_10_q1d_master_0348,1,ENGLISH_B | Q1(d) GRAMMAR MCQs | BISE BOARD MASTER 600 | PARTS OF SPEECH,Apply,In “Ali and Ahmed came.” “and” is a/an ____ [3].,verb,adjective,conjunction,noun,C | conjunction,Easy,1,ULTRA,1
q_10_q1d_master_0349,1,ENGLISH_B | Q1(d) GRAMMAR MCQs | BISE BOARD MASTER 600 | PARTS OF SPEECH,Apply,In “Wow! What a view!” “Wow” is a/an ____ [3].,verb,adjective,interjection,noun,C | interjection,Easy,1,ULTRA,1
q_10_q1d_master_0350,1,ENGLISH_B | Q1(d) GRAMMAR MCQs | BISE BOARD MASTER 600 | PARTS OF SPEECH,Apply,In “The brave soldier fought.” “brave” is a/an ____ [4].,adverb,noun,verb,adjective,D | adjective,Easy,1,ULTRA,1
q_10_q1d_master_0351,1,ENGLISH_B | Q1(d) GRAMMAR MCQs | BISE BOARD MASTER 600 | PARTS OF SPEECH,Apply,In “He spoke softly.” “softly” is a/an ____ [4].,adverb,noun,verb,adjective,A | adverb,Easy,1,ULTRA,1
q_10_q1d_master_0352,1,ENGLISH_B | Q1(d) GRAMMAR MCQs | BISE BOARD MASTER 600 | PARTS OF SPEECH,Apply,In “They opened the gate.” “opened” is a/an ____ [4].,adverb,noun,verb,adjective,C | verb,Easy,1,ULTRA,1
q_10_q1d_master_0353,1,ENGLISH_B | Q1(d) GRAMMAR MCQs | BISE BOARD MASTER 600 | PARTS OF SPEECH,Apply,In “Honesty is valuable.” “Honesty” is a/an ____ [4].,adverb,noun,verb,adjective,B | noun,Easy,1,ULTRA,1
q_10_q1d_master_0354,1,ENGLISH_B | Q1(d) GRAMMAR MCQs | BISE BOARD MASTER 600 | PARTS OF SPEECH,Apply,In “She helped him.” “him” is a/an ____ [4].,adjective,pronoun,noun,verb,B | pronoun,Easy,1,ULTRA,1
q_10_q1d_master_0355,1,ENGLISH_B | Q1(d) GRAMMAR MCQs | BISE BOARD MASTER 600 | PARTS OF SPEECH,Apply,In “We sat under a tree.” “under” is a/an ____ [4].,adjective,preposition,noun,verb,B | preposition,Easy,1,ULTRA,1
q_10_q1d_master_0356,1,ENGLISH_B | Q1(d) GRAMMAR MCQs | BISE BOARD MASTER 600 | PARTS OF SPEECH,Apply,In “Ali and Ahmed came.” “and” is a/an ____ [4].,adjective,conjunction,noun,verb,B | conjunction,Easy,1,ULTRA,1
sep_10_q1d_master_0020,1,ENGLISH_B | Q1(d) GRAMMAR MCQs | BISE BOARD MASTER 600 | PHRASES,Topic,,,,,,,,,,1
q_10_q1d_master_0357,1,ENGLISH_B | Q1(d) GRAMMAR MCQs | BISE BOARD MASTER 600 | PHRASES,Apply,“In the room” is a:,main clause,prepositional phrase,noun clause,verb phrase,B | prepositional phrase,Easy,1,ELITE,1
q_10_q1d_master_0358,1,ENGLISH_B | Q1(d) GRAMMAR MCQs | BISE BOARD MASTER 600 | PHRASES,Apply,“With red hair” can be an:,noun clause,main clause,verb phrase,adjectival phrase,D | adjectival phrase,Easy,1,ELITE,1
q_10_q1d_master_0359,1,ENGLISH_B | Q1(d) GRAMMAR MCQs | BISE BOARD MASTER 600 | PHRASES,Apply,“In a low voice” can be an:,verb phrase,adverbial phrase,noun clause,main clause,B | adverbial phrase,Easy,1,ULTRA,1
q_10_q1d_master_0360,1,ENGLISH_B | Q1(d) GRAMMAR MCQs | BISE BOARD MASTER 600 | PHRASES,Apply,A phrase normally lacks a complete:,noun,preposition,adjective,subject-predicate,D | subject-predicate,Medium,1,ULTRA,1
q_10_q1d_master_0361,1,ENGLISH_B | Q1(d) GRAMMAR MCQs | BISE BOARD MASTER 600 | PHRASES,Apply,“Under the tree” is a:,verb phrase,prepositional phrase,main clause,noun clause,B | prepositional phrase,Medium,1,ULTRA,1
q_10_q1d_master_0362,1,ENGLISH_B | Q1(d) GRAMMAR MCQs | BISE BOARD MASTER 600 | PHRASES,Apply,An adjectival phrase describes a:,verb,adverb,conjunction,noun,D | noun,Medium,1,ULTRA,1
q_10_q1d_master_0363,1,ENGLISH_B | Q1(d) GRAMMAR MCQs | BISE BOARD MASTER 600 | PHRASES,Apply,An adverbial phrase mainly describes a:,article,verb,noun,pronoun,B | verb,Medium,1,ULTRA,1
q_10_q1d_master_0364,1,ENGLISH_B | Q1(d) GRAMMAR MCQs | BISE BOARD MASTER 600 | PHRASES,Apply,“With great care” is usually an:,noun phrase,main clause,noun clause,adverbial phrase,D | adverbial phrase,Medium,1,PRO,1
q_10_q1d_master_0365,1,ENGLISH_B | Q1(d) GRAMMAR MCQs | BISE BOARD MASTER 600 | PHRASES,Apply,“The boy with glasses” contains an:,verb phrase,adjectival phrase,main clause,noun clause,B | adjectival phrase,Hard,1,PRO,1
q_10_q1d_master_0366,1,ENGLISH_B | Q1(d) GRAMMAR MCQs | BISE BOARD MASTER 600 | PHRASES,Apply,A prepositional phrase begins with a:,verb,noun,article,preposition,D | preposition,Hard,1,PRO,1
q_10_q1d_master_0367,1,ENGLISH_B | Q1(d) GRAMMAR MCQs | BISE BOARD MASTER 600 | PHRASES,Apply,“In the garden” is a/an ____ [1].,prepositional phrase,noun clause,main clause,verb phrase,A | prepositional phrase,Medium,1,ULTRA,1
q_10_q1d_master_0368,1,ENGLISH_B | Q1(d) GRAMMAR MCQs | BISE BOARD MASTER 600 | PHRASES,Apply,“With great care” is a/an ____ [1].,adverbial phrase,noun clause,main clause,verb phrase,A | adverbial phrase,Medium,1,ULTRA,1
q_10_q1d_master_0369,1,ENGLISH_B | Q1(d) GRAMMAR MCQs | BISE BOARD MASTER 600 | PHRASES,Apply,“The man with a beard” is a/an ____ [1].,adjectival phrase,noun clause,main clause,verb phrase,A | adjectival phrase,Medium,1,ULTRA,1
q_10_q1d_master_0370,1,ENGLISH_B | Q1(d) GRAMMAR MCQs | BISE BOARD MASTER 600 | PHRASES,Apply,“Under the old tree” is a/an ____ [1].,prepositional phrase,noun clause,main clause,verb phrase,A | prepositional phrase,Medium,1,ULTRA,1
q_10_q1d_master_0371,1,ENGLISH_B | Q1(d) GRAMMAR MCQs | BISE BOARD MASTER 600 | PHRASES,Apply,“In a low voice” is a/an ____ [1].,adverbial phrase,noun clause,main clause,verb phrase,A | adverbial phrase,Medium,1,ULTRA,1
q_10_q1d_master_0372,1,ENGLISH_B | Q1(d) GRAMMAR MCQs | BISE BOARD MASTER 600 | PHRASES,Apply,“With bright eyes” is a/an ____ [1].,adjectival phrase,noun clause,main clause,verb phrase,A | adjectival phrase,Medium,1,ULTRA,1
q_10_q1d_master_0373,1,ENGLISH_B | Q1(d) GRAMMAR MCQs | BISE BOARD MASTER 600 | PHRASES,Apply,“In the garden” is a/an ____ [2].,noun clause,main clause,verb phrase,prepositional phrase,D | prepositional phrase,Medium,1,ULTRA,1
q_10_q1d_master_0374,1,ENGLISH_B | Q1(d) GRAMMAR MCQs | BISE BOARD MASTER 600 | PHRASES,Apply,“With great care” is a/an ____ [2].,noun clause,main clause,verb phrase,adverbial phrase,D | adverbial phrase,Medium,1,ULTRA,1
q_10_q1d_master_0375,1,ENGLISH_B | Q1(d) GRAMMAR MCQs | BISE BOARD MASTER 600 | PHRASES,Apply,“The man with a beard” is a/an ____ [2].,noun clause,main clause,verb phrase,adjectival phrase,D | adjectival phrase,Medium,1,ULTRA,1
q_10_q1d_master_0376,1,ENGLISH_B | Q1(d) GRAMMAR MCQs | BISE BOARD MASTER 600 | PHRASES,Apply,“Under the old tree” is a/an ____ [2].,noun clause,main clause,verb phrase,prepositional phrase,D | prepositional phrase,Medium,1,ULTRA,1
q_10_q1d_master_0377,1,ENGLISH_B | Q1(d) GRAMMAR MCQs | BISE BOARD MASTER 600 | PHRASES,Apply,“In a low voice” is a/an ____ [2].,noun clause,main clause,verb phrase,adverbial phrase,D | adverbial phrase,Medium,1,ULTRA,1
q_10_q1d_master_0378,1,ENGLISH_B | Q1(d) GRAMMAR MCQs | BISE BOARD MASTER 600 | PHRASES,Apply,“With bright eyes” is a/an ____ [2].,noun clause,main clause,verb phrase,adjectival phrase,D | adjectival phrase,Medium,1,ULTRA,1
q_10_q1d_master_0379,1,ENGLISH_B | Q1(d) GRAMMAR MCQs | BISE BOARD MASTER 600 | PHRASES,Apply,“In the garden” is a/an ____ [3].,main clause,verb phrase,prepositional phrase,noun clause,C | prepositional phrase,Medium,1,ULTRA,1
q_10_q1d_master_0380,1,ENGLISH_B | Q1(d) GRAMMAR MCQs | BISE BOARD MASTER 600 | PHRASES,Apply,“With great care” is a/an ____ [3].,main clause,verb phrase,adverbial phrase,noun clause,C | adverbial phrase,Medium,1,ULTRA,1
q_10_q1d_master_0381,1,ENGLISH_B | Q1(d) GRAMMAR MCQs | BISE BOARD MASTER 600 | PHRASES,Apply,“The man with a beard” is a/an ____ [3].,main clause,verb phrase,adjectival phrase,noun clause,C | adjectival phrase,Medium,1,ULTRA,1
q_10_q1d_master_0382,1,ENGLISH_B | Q1(d) GRAMMAR MCQs | BISE BOARD MASTER 600 | PHRASES,Apply,“Under the old tree” is a/an ____ [3].,main clause,verb phrase,prepositional phrase,noun clause,C | prepositional phrase,Medium,1,ULTRA,1
q_10_q1d_master_0383,1,ENGLISH_B | Q1(d) GRAMMAR MCQs | BISE BOARD MASTER 600 | PHRASES,Apply,“In a low voice” is a/an ____ [3].,main clause,verb phrase,adverbial phrase,noun clause,C | adverbial phrase,Medium,1,ULTRA,1
q_10_q1d_master_0384,1,ENGLISH_B | Q1(d) GRAMMAR MCQs | BISE BOARD MASTER 600 | PHRASES,Apply,“With bright eyes” is a/an ____ [3].,main clause,verb phrase,adjectival phrase,noun clause,C | adjectival phrase,Medium,1,ULTRA,1
q_10_q1d_master_0385,1,ENGLISH_B | Q1(d) GRAMMAR MCQs | BISE BOARD MASTER 600 | PHRASES,Apply,“In the garden” is a/an ____ [4].,verb phrase,prepositional phrase,noun clause,main clause,B | prepositional phrase,Medium,1,ULTRA,1
q_10_q1d_master_0386,1,ENGLISH_B | Q1(d) GRAMMAR MCQs | BISE BOARD MASTER 600 | PHRASES,Apply,“With great care” is a/an ____ [4].,verb phrase,adverbial phrase,noun clause,main clause,B | adverbial phrase,Medium,1,ULTRA,1
q_10_q1d_master_0387,1,ENGLISH_B | Q1(d) GRAMMAR MCQs | BISE BOARD MASTER 600 | PHRASES,Apply,“The man with a beard” is a/an ____ [4].,verb phrase,adjectival phrase,noun clause,main clause,B | adjectival phrase,Medium,1,ULTRA,1
q_10_q1d_master_0388,1,ENGLISH_B | Q1(d) GRAMMAR MCQs | BISE BOARD MASTER 600 | PHRASES,Apply,“Under the old tree” is a/an ____ [4].,verb phrase,prepositional phrase,noun clause,main clause,B | prepositional phrase,Medium,1,ULTRA,1
q_10_q1d_master_0389,1,ENGLISH_B | Q1(d) GRAMMAR MCQs | BISE BOARD MASTER 600 | PHRASES,Apply,“In a low voice” is a/an ____ [4].,verb phrase,adverbial phrase,noun clause,main clause,B | adverbial phrase,Medium,1,ULTRA,1
q_10_q1d_master_0390,1,ENGLISH_B | Q1(d) GRAMMAR MCQs | BISE BOARD MASTER 600 | PHRASES,Apply,“With bright eyes” is a/an ____ [4].,verb phrase,adjectival phrase,noun clause,main clause,B | adjectival phrase,Medium,1,ULTRA,1
q_10_q1d_master_0391,1,ENGLISH_B | Q1(d) GRAMMAR MCQs | BISE BOARD MASTER 600 | PHRASES,Apply,“In the garden” is a/an ____ [5].,prepositional phrase,noun clause,main clause,verb phrase,A | prepositional phrase,Medium,1,ULTRA,1
q_10_q1d_master_0392,1,ENGLISH_B | Q1(d) GRAMMAR MCQs | BISE BOARD MASTER 600 | PHRASES,Apply,“With great care” is a/an ____ [5].,adverbial phrase,noun clause,main clause,verb phrase,A | adverbial phrase,Medium,1,ULTRA,1
q_10_q1d_master_0393,1,ENGLISH_B | Q1(d) GRAMMAR MCQs | BISE BOARD MASTER 600 | PHRASES,Apply,“The man with a beard” is a/an ____ [5].,adjectival phrase,noun clause,main clause,verb phrase,A | adjectival phrase,Medium,1,ULTRA,1
q_10_q1d_master_0394,1,ENGLISH_B | Q1(d) GRAMMAR MCQs | BISE BOARD MASTER 600 | PHRASES,Apply,“Under the old tree” is a/an ____ [5].,prepositional phrase,noun clause,main clause,verb phrase,A | prepositional phrase,Medium,1,ULTRA,1
q_10_q1d_master_0395,1,ENGLISH_B | Q1(d) GRAMMAR MCQs | BISE BOARD MASTER 600 | PHRASES,Apply,“In a low voice” is a/an ____ [5].,adverbial phrase,noun clause,main clause,verb phrase,A | adverbial phrase,Medium,1,ULTRA,1
q_10_q1d_master_0396,1,ENGLISH_B | Q1(d) GRAMMAR MCQs | BISE BOARD MASTER 600 | PHRASES,Apply,“With bright eyes” is a/an ____ [5].,adjectival phrase,noun clause,main clause,verb phrase,A | adjectival phrase,Medium,1,ULTRA,1
q_10_q1d_master_0397,1,ENGLISH_B | Q1(d) GRAMMAR MCQs | BISE BOARD MASTER 600 | PHRASES,Apply,“In the garden” is a/an ____ [6].,noun clause,main clause,verb phrase,prepositional phrase,D | prepositional phrase,Medium,1,ULTRA,1
sep_10_q1d_master_0021,1,ENGLISH_B | Q1(d) GRAMMAR MCQs | BISE BOARD MASTER 600 | PREPOSITION,Topic,,,,,,,,,,1
q_10_q1d_master_0398,1,ENGLISH_B | Q1(d) GRAMMAR MCQs | BISE BOARD MASTER 600 | PREPOSITION,Apply,The word “in” in “in the room” is a:,pronoun,verb,adverb,preposition,D | preposition,Easy,1,ELITE,1
q_10_q1d_master_0399,1,ENGLISH_B | Q1(d) GRAMMAR MCQs | BISE BOARD MASTER 600 | PREPOSITION,Apply,The word “under” in “under the table” is a:,verb,preposition,noun,adjective,B | preposition,Easy,1,ELITE,1
q_10_q1d_master_0400,1,ENGLISH_B | Q1(d) GRAMMAR MCQs | BISE BOARD MASTER 600 | PREPOSITION,Apply,The word “between” is a:,conjunction,noun,adverb,preposition,D | preposition,Easy,1,ULTRA,1
q_10_q1d_master_0401,1,ENGLISH_B | Q1(d) GRAMMAR MCQs | BISE BOARD MASTER 600 | PREPOSITION,Apply,The word “with” in “with him” is a:,pronoun,preposition,verb,article,B | preposition,Medium,1,ULTRA,1
q_10_q1d_master_0402,1,ENGLISH_B | Q1(d) GRAMMAR MCQs | BISE BOARD MASTER 600 | PREPOSITION,Apply,The word “during” is a:,noun,verb,adjective,preposition,D | preposition,Medium,1,ULTRA,1
q_10_q1d_master_0403,1,ENGLISH_B | Q1(d) GRAMMAR MCQs | BISE BOARD MASTER 600 | PREPOSITION,Apply,The word “towards” is a:,verb,preposition,adverb,noun,B | preposition,Medium,1,ULTRA,1
q_10_q1d_master_0404,1,ENGLISH_B | Q1(d) GRAMMAR MCQs | BISE BOARD MASTER 600 | PREPOSITION,Apply,The word “before” in “before class” is a:,pronoun,article,verb,preposition,D | preposition,Medium,1,ULTRA,1
q_10_q1d_master_0405,1,ENGLISH_B | Q1(d) GRAMMAR MCQs | BISE BOARD MASTER 600 | PREPOSITION,Apply,The word “among” is a:,verb,preposition,noun,adverb,B | preposition,Medium,1,PRO,1
q_10_q1d_master_0406,1,ENGLISH_B | Q1(d) GRAMMAR MCQs | BISE BOARD MASTER 600 | PREPOSITION,Apply,The word “without” is a:,noun,pronoun,adjective,preposition,D | preposition,Hard,1,PRO,1
q_10_q1d_master_0407,1,ENGLISH_B | Q1(d) GRAMMAR MCQs | BISE BOARD MASTER 600 | PREPOSITION,Apply,The word “across” in “across the road” is a:,adverb,preposition,verb,noun,B | preposition,Hard,1,PRO,1
sep_10_q1d_master_0022,1,ENGLISH_B | Q1(d) GRAMMAR MCQs | BISE BOARD MASTER 600 | PREPOSITIONS,Topic,,,,,,,,,,1
q_10_q1d_master_0408,1,ENGLISH_B | Q1(d) GRAMMAR MCQs | BISE BOARD MASTER 600 | PREPOSITIONS,Apply,Choose the preposition: He is good ____ English [1].,at,of,to,for,A | at,Easy,1,ELITE,1
q_10_q1d_master_0409,1,ENGLISH_B | Q1(d) GRAMMAR MCQs | BISE BOARD MASTER 600 | PREPOSITIONS,Apply,Choose the preposition: He is fond ____ music [1].,of,at,in,with,A | of,Easy,1,ELITE,1
q_10_q1d_master_0410,1,ENGLISH_B | Q1(d) GRAMMAR MCQs | BISE BOARD MASTER 600 | PREPOSITIONS,Apply,Choose the preposition: He is afraid ____ dogs [1].,of,at,in,with,A | of,Easy,1,ELITE,1
q_10_q1d_master_0411,1,ENGLISH_B | Q1(d) GRAMMAR MCQs | BISE BOARD MASTER 600 | PREPOSITIONS,Apply,Choose the preposition: He is proud ____ success [1].,of,at,in,with,A | of,Easy,1,ELITE,1
q_10_q1d_master_0412,1,ENGLISH_B | Q1(d) GRAMMAR MCQs | BISE BOARD MASTER 600 | PREPOSITIONS,Apply,Choose the preposition: He is interested ____ science [1].,in,of,to,for,A | in,Easy,1,ELITE,1
q_10_q1d_master_0413,1,ENGLISH_B | Q1(d) GRAMMAR MCQs | BISE BOARD MASTER 600 | PREPOSITIONS,Apply,Choose the preposition: He is famous ____ poetry [1].,for,at,in,with,A | for,Easy,1,ELITE,1
q_10_q1d_master_0414,1,ENGLISH_B | Q1(d) GRAMMAR MCQs | BISE BOARD MASTER 600 | PREPOSITIONS,Apply,Choose the preposition: He is angry ____ him [1].,with,of,to,for,A | with,Easy,1,ELITE,1
q_10_q1d_master_0415,1,ENGLISH_B | Q1(d) GRAMMAR MCQs | BISE BOARD MASTER 600 | PREPOSITIONS,Apply,Choose the preposition: They depend ____ parents [1].,on,at,in,with,A | on,Easy,1,ELITE,1
q_10_q1d_master_0416,1,ENGLISH_B | Q1(d) GRAMMAR MCQs | BISE BOARD MASTER 600 | PREPOSITIONS,Apply,Choose the preposition: They belong ____ Lahore [1].,to,at,in,with,A | to,Easy,1,ELITE,1
q_10_q1d_master_0417,1,ENGLISH_B | Q1(d) GRAMMAR MCQs | BISE BOARD MASTER 600 | PREPOSITIONS,Apply,Choose the preposition: They suffer ____ fever [1].,from,at,in,with,A | from,Easy,1,ELITE,1
q_10_q1d_master_0418,1,ENGLISH_B | Q1(d) GRAMMAR MCQs | BISE BOARD MASTER 600 | PREPOSITIONS,Apply,Choose the preposition: They wait ____ bus [1].,for,at,in,with,A | for,Easy,1,ELITE,1
q_10_q1d_master_0419,1,ENGLISH_B | Q1(d) GRAMMAR MCQs | BISE BOARD MASTER 600 | PREPOSITIONS,Apply,Choose the preposition: They listen ____ teacher [1].,to,at,in,with,A | to,Easy,1,ELITE,1
q_10_q1d_master_0420,1,ENGLISH_B | Q1(d) GRAMMAR MCQs | BISE BOARD MASTER 600 | PREPOSITIONS,Apply,Choose the preposition: He is good ____ English [2].,of,to,for,at,D | at,Easy,1,ELITE,1
q_10_q1d_master_0421,1,ENGLISH_B | Q1(d) GRAMMAR MCQs | BISE BOARD MASTER 600 | PREPOSITIONS,Apply,Choose the preposition: He is fond ____ music [2].,at,in,with,of,D | of,Easy,1,ELITE,1
q_10_q1d_master_0422,1,ENGLISH_B | Q1(d) GRAMMAR MCQs | BISE BOARD MASTER 600 | PREPOSITIONS,Apply,Choose the preposition: He is afraid ____ dogs [2].,at,in,with,of,D | of,Easy,1,ELITE,1
q_10_q1d_master_0423,1,ENGLISH_B | Q1(d) GRAMMAR MCQs | BISE BOARD MASTER 600 | PREPOSITIONS,Apply,Choose the preposition: He is proud ____ success [2].,at,in,with,of,D | of,Easy,1,ELITE,1
q_10_q1d_master_0424,1,ENGLISH_B | Q1(d) GRAMMAR MCQs | BISE BOARD MASTER 600 | PREPOSITIONS,Apply,Choose the preposition: He is interested ____ science [2].,of,to,for,in,D | in,Easy,1,ELITE,1
q_10_q1d_master_0425,1,ENGLISH_B | Q1(d) GRAMMAR MCQs | BISE BOARD MASTER 600 | PREPOSITIONS,Apply,Choose the preposition: He is famous ____ poetry [2].,at,in,with,for,D | for,Easy,1,ELITE,1
q_10_q1d_master_0426,1,ENGLISH_B | Q1(d) GRAMMAR MCQs | BISE BOARD MASTER 600 | PREPOSITIONS,Apply,Choose the preposition: He is angry ____ him [2].,of,to,for,with,D | with,Easy,1,ELITE,1
q_10_q1d_master_0427,1,ENGLISH_B | Q1(d) GRAMMAR MCQs | BISE BOARD MASTER 600 | PREPOSITIONS,Apply,Choose the preposition: They depend ____ parents [2].,at,in,with,on,D | on,Easy,1,ELITE,1
q_10_q1d_master_0428,1,ENGLISH_B | Q1(d) GRAMMAR MCQs | BISE BOARD MASTER 600 | PREPOSITIONS,Apply,Choose the preposition: They belong ____ Lahore [2].,at,in,with,to,D | to,Easy,1,ELITE,1
q_10_q1d_master_0429,1,ENGLISH_B | Q1(d) GRAMMAR MCQs | BISE BOARD MASTER 600 | PREPOSITIONS,Apply,Choose the preposition: They suffer ____ fever [2].,at,in,with,from,D | from,Easy,1,ELITE,1
q_10_q1d_master_0430,1,ENGLISH_B | Q1(d) GRAMMAR MCQs | BISE BOARD MASTER 600 | PREPOSITIONS,Apply,Choose the preposition: They wait ____ bus [2].,at,in,with,for,D | for,Easy,1,ELITE,1
q_10_q1d_master_0431,1,ENGLISH_B | Q1(d) GRAMMAR MCQs | BISE BOARD MASTER 600 | PREPOSITIONS,Apply,Choose the preposition: They listen ____ teacher [2].,at,in,with,to,D | to,Easy,1,ELITE,1
q_10_q1d_master_0432,1,ENGLISH_B | Q1(d) GRAMMAR MCQs | BISE BOARD MASTER 600 | PREPOSITIONS,Apply,Choose the preposition: He is good ____ English [3].,to,for,at,of,C | at,Easy,1,ULTRA,1
q_10_q1d_master_0433,1,ENGLISH_B | Q1(d) GRAMMAR MCQs | BISE BOARD MASTER 600 | PREPOSITIONS,Apply,Choose the preposition: He is fond ____ music [3].,in,with,of,at,C | of,Easy,1,ULTRA,1
q_10_q1d_master_0434,1,ENGLISH_B | Q1(d) GRAMMAR MCQs | BISE BOARD MASTER 600 | PREPOSITIONS,Apply,Choose the preposition: He is afraid ____ dogs [3].,in,with,of,at,C | of,Easy,1,ULTRA,1
q_10_q1d_master_0435,1,ENGLISH_B | Q1(d) GRAMMAR MCQs | BISE BOARD MASTER 600 | PREPOSITIONS,Apply,Choose the preposition: He is proud ____ success [3].,in,with,of,at,C | of,Easy,1,ULTRA,1
q_10_q1d_master_0436,1,ENGLISH_B | Q1(d) GRAMMAR MCQs | BISE BOARD MASTER 600 | PREPOSITIONS,Apply,Choose the preposition: He is interested ____ science [3].,to,for,in,of,C | in,Easy,1,ULTRA,1
q_10_q1d_master_0437,1,ENGLISH_B | Q1(d) GRAMMAR MCQs | BISE BOARD MASTER 600 | PREPOSITIONS,Apply,Choose the preposition: He is famous ____ poetry [3].,in,with,for,at,C | for,Easy,1,ULTRA,1
q_10_q1d_master_0438,1,ENGLISH_B | Q1(d) GRAMMAR MCQs | BISE BOARD MASTER 600 | PREPOSITIONS,Apply,Choose the preposition: He is angry ____ him [3].,to,for,with,of,C | with,Easy,1,ULTRA,1
sep_10_q1d_master_0023,1,ENGLISH_B | Q1(d) GRAMMAR MCQs | BISE BOARD MASTER 600 | PRONOUN,Topic,,,,,,,,,,1
q_10_q1d_master_0439,1,ENGLISH_B | Q1(d) GRAMMAR MCQs | BISE BOARD MASTER 600 | PRONOUN,Apply,The word “he” is a:,article,pronoun,noun,verb,B | pronoun,Easy,1,ELITE,1
q_10_q1d_master_0440,1,ENGLISH_B | Q1(d) GRAMMAR MCQs | BISE BOARD MASTER 600 | PRONOUN,Apply,The word “they” is a:,adverb,noun,verb,pronoun,D | pronoun,Easy,1,ELITE,1
q_10_q1d_master_0441,1,ENGLISH_B | Q1(d) GRAMMAR MCQs | BISE BOARD MASTER 600 | PRONOUN,Apply,The word “which” in “the book which I bought” is a:,adverb,pronoun,article,verb,B | pronoun,Easy,1,ULTRA,1
q_10_q1d_master_0442,1,ENGLISH_B | Q1(d) GRAMMAR MCQs | BISE BOARD MASTER 600 | PRONOUN,Apply,The word “myself” is a:,noun,verb,adjective,pronoun,D | pronoun,Medium,1,ULTRA,1
q_10_q1d_master_0443,1,ENGLISH_B | Q1(d) GRAMMAR MCQs | BISE BOARD MASTER 600 | PRONOUN,Apply,The word “who” in “Who came?” is a:,verb,pronoun,adverb,article,B | pronoun,Medium,1,ULTRA,1
q_10_q1d_master_0444,1,ENGLISH_B | Q1(d) GRAMMAR MCQs | BISE BOARD MASTER 600 | PRONOUN,Apply,The word “ours” is a:,noun,verb,preposition,pronoun,D | pronoun,Medium,1,ULTRA,1
q_10_q1d_master_0445,1,ENGLISH_B | Q1(d) GRAMMAR MCQs | BISE BOARD MASTER 600 | PRONOUN,Apply,The word “someone” is a:,article,pronoun,verb,adjective,B | pronoun,Medium,1,ULTRA,1
q_10_q1d_master_0446,1,ENGLISH_B | Q1(d) GRAMMAR MCQs | BISE BOARD MASTER 600 | PRONOUN,Apply,The word “this” in “This is mine” is a:,verb,adverb,conjunction,pronoun,D | pronoun,Medium,1,PRO,1
q_10_q1d_master_0447,1,ENGLISH_B | Q1(d) GRAMMAR MCQs | BISE BOARD MASTER 600 | PRONOUN,Apply,The word “them” is a:,adjective,pronoun,noun,verb,B | pronoun,Hard,1,PRO,1
q_10_q1d_master_0448,1,ENGLISH_B | Q1(d) GRAMMAR MCQs | BISE BOARD MASTER 600 | PRONOUN,Apply,The word “yourself” is a:,adverb,noun,article,pronoun,D | pronoun,Hard,1,PRO,1
sep_10_q1d_master_0024,1,ENGLISH_B | Q1(d) GRAMMAR MCQs | BISE BOARD MASTER 600 | PRONOUNS,Topic,,,,,,,,,,1
q_10_q1d_master_0449,1,ENGLISH_B | Q1(d) GRAMMAR MCQs | BISE BOARD MASTER 600 | PRONOUNS,Apply,Ali and ____ went to school [1].,I,me,my,mine,A | I,Medium,1,ULTRA,1
q_10_q1d_master_0450,1,ENGLISH_B | Q1(d) GRAMMAR MCQs | BISE BOARD MASTER 600 | PRONOUNS,Apply,This book is ____ [1].,mine,my,me,I,A | mine,Medium,1,ULTRA,1
q_10_q1d_master_0451,1,ENGLISH_B | Q1(d) GRAMMAR MCQs | BISE BOARD MASTER 600 | PRONOUNS,Apply,The teacher called Ali and ____ [1].,me,I,mine,my,A | me,Medium,1,ULTRA,1
q_10_q1d_master_0452,1,ENGLISH_B | Q1(d) GRAMMAR MCQs | BISE BOARD MASTER 600 | PRONOUNS,Apply,____ is knocking [1]?,Who,Whom,Which,Whose,A | Who,Medium,1,ULTRA,1
q_10_q1d_master_0453,1,ENGLISH_B | Q1(d) GRAMMAR MCQs | BISE BOARD MASTER 600 | PRONOUNS,Apply,To ____ did you speak [1]?,whom,who,whose,which,A | whom,Medium,1,ULTRA,1
q_10_q1d_master_0454,1,ENGLISH_B | Q1(d) GRAMMAR MCQs | BISE BOARD MASTER 600 | PRONOUNS,Apply,The boy ____ won is my cousin [1].,who,whom,which,whose,A | who,Medium,1,ULTRA,1
q_10_q1d_master_0455,1,ENGLISH_B | Q1(d) GRAMMAR MCQs | BISE BOARD MASTER 600 | PRONOUNS,Apply,Ali and ____ went to school [2].,me,my,mine,I,D | I,Medium,1,ULTRA,1
q_10_q1d_master_0456,1,ENGLISH_B | Q1(d) GRAMMAR MCQs | BISE BOARD MASTER 600 | PRONOUNS,Apply,This book is ____ [2].,my,me,I,mine,D | mine,Medium,1,ULTRA,1
q_10_q1d_master_0457,1,ENGLISH_B | Q1(d) GRAMMAR MCQs | BISE BOARD MASTER 600 | PRONOUNS,Apply,The teacher called Ali and ____ [2].,I,mine,my,me,D | me,Medium,1,ULTRA,1
q_10_q1d_master_0458,1,ENGLISH_B | Q1(d) GRAMMAR MCQs | BISE BOARD MASTER 600 | PRONOUNS,Apply,____ is knocking [2]?,Whom,Which,Whose,Who,D | Who,Medium,1,ULTRA,1
q_10_q1d_master_0459,1,ENGLISH_B | Q1(d) GRAMMAR MCQs | BISE BOARD MASTER 600 | PRONOUNS,Apply,To ____ did you speak [2]?,who,whose,which,whom,D | whom,Medium,1,ULTRA,1
q_10_q1d_master_0460,1,ENGLISH_B | Q1(d) GRAMMAR MCQs | BISE BOARD MASTER 600 | PRONOUNS,Apply,The boy ____ won is my cousin [2].,whom,which,whose,who,D | who,Medium,1,ULTRA,1
q_10_q1d_master_0461,1,ENGLISH_B | Q1(d) GRAMMAR MCQs | BISE BOARD MASTER 600 | PRONOUNS,Apply,Ali and ____ went to school [3].,my,mine,I,me,C | I,Medium,1,ULTRA,1
q_10_q1d_master_0462,1,ENGLISH_B | Q1(d) GRAMMAR MCQs | BISE BOARD MASTER 600 | PRONOUNS,Apply,This book is ____ [3].,me,I,mine,my,C | mine,Medium,1,ULTRA,1
q_10_q1d_master_0463,1,ENGLISH_B | Q1(d) GRAMMAR MCQs | BISE BOARD MASTER 600 | PRONOUNS,Apply,The teacher called Ali and ____ [3].,mine,my,me,I,C | me,Medium,1,ULTRA,1
q_10_q1d_master_0464,1,ENGLISH_B | Q1(d) GRAMMAR MCQs | BISE BOARD MASTER 600 | PRONOUNS,Apply,____ is knocking [3]?,Which,Whose,Who,Whom,C | Who,Medium,1,ULTRA,1
q_10_q1d_master_0465,1,ENGLISH_B | Q1(d) GRAMMAR MCQs | BISE BOARD MASTER 600 | PRONOUNS,Apply,To ____ did you speak [3]?,whose,which,whom,who,C | whom,Medium,1,ULTRA,1
q_10_q1d_master_0466,1,ENGLISH_B | Q1(d) GRAMMAR MCQs | BISE BOARD MASTER 600 | PRONOUNS,Apply,The boy ____ won is my cousin [3].,which,whose,who,whom,C | who,Medium,1,ULTRA,1
q_10_q1d_master_0467,1,ENGLISH_B | Q1(d) GRAMMAR MCQs | BISE BOARD MASTER 600 | PRONOUNS,Apply,Ali and ____ went to school [4].,mine,I,me,my,B | I,Medium,1,ULTRA,1
q_10_q1d_master_0468,1,ENGLISH_B | Q1(d) GRAMMAR MCQs | BISE BOARD MASTER 600 | PRONOUNS,Apply,This book is ____ [4].,I,mine,my,me,B | mine,Medium,1,ULTRA,1
q_10_q1d_master_0469,1,ENGLISH_B | Q1(d) GRAMMAR MCQs | BISE BOARD MASTER 600 | PRONOUNS,Apply,The teacher called Ali and ____ [4].,my,me,I,mine,B | me,Medium,1,ULTRA,1
q_10_q1d_master_0470,1,ENGLISH_B | Q1(d) GRAMMAR MCQs | BISE BOARD MASTER 600 | PRONOUNS,Apply,____ is knocking [4]?,Whose,Who,Whom,Which,B | Who,Medium,1,ULTRA,1
q_10_q1d_master_0471,1,ENGLISH_B | Q1(d) GRAMMAR MCQs | BISE BOARD MASTER 600 | PRONOUNS,Apply,To ____ did you speak [4]?,which,whom,who,whose,B | whom,Medium,1,ULTRA,1
q_10_q1d_master_0472,1,ENGLISH_B | Q1(d) GRAMMAR MCQs | BISE BOARD MASTER 600 | PRONOUNS,Apply,The boy ____ won is my cousin [4].,whose,who,whom,which,B | who,Medium,1,ULTRA,1
q_10_q1d_master_0473,1,ENGLISH_B | Q1(d) GRAMMAR MCQs | BISE BOARD MASTER 600 | PRONOUNS,Apply,Ali and ____ went to school [5].,I,me,my,mine,A | I,Medium,1,ULTRA,1
q_10_q1d_master_0474,1,ENGLISH_B | Q1(d) GRAMMAR MCQs | BISE BOARD MASTER 600 | PRONOUNS,Apply,This book is ____ [5].,mine,my,me,I,A | mine,Medium,1,ULTRA,1
q_10_q1d_master_0475,1,ENGLISH_B | Q1(d) GRAMMAR MCQs | BISE BOARD MASTER 600 | PRONOUNS,Apply,The teacher called Ali and ____ [5].,me,I,mine,my,A | me,Medium,1,ULTRA,1
q_10_q1d_master_0476,1,ENGLISH_B | Q1(d) GRAMMAR MCQs | BISE BOARD MASTER 600 | PRONOUNS,Apply,____ is knocking [5]?,Who,Whom,Which,Whose,A | Who,Medium,1,ULTRA,1
q_10_q1d_master_0477,1,ENGLISH_B | Q1(d) GRAMMAR MCQs | BISE BOARD MASTER 600 | PRONOUNS,Apply,To ____ did you speak [5]?,whom,who,whose,which,A | whom,Medium,1,ULTRA,1
q_10_q1d_master_0478,1,ENGLISH_B | Q1(d) GRAMMAR MCQs | BISE BOARD MASTER 600 | PRONOUNS,Apply,The boy ____ won is my cousin [5].,who,whom,which,whose,A | who,Medium,1,ULTRA,1
q_10_q1d_master_0479,1,ENGLISH_B | Q1(d) GRAMMAR MCQs | BISE BOARD MASTER 600 | PRONOUNS,Apply,Ali and ____ went to school [6].,me,my,mine,I,D | I,Medium,1,ULTRA,1
sep_10_q1d_master_0025,1,ENGLISH_B | Q1(d) GRAMMAR MCQs | BISE BOARD MASTER 600 | PUNCTUATION / CAPITALIZATION / HYPHENATION,Topic,,,,,,,,,,1
q_10_q1d_master_0480,1,ENGLISH_B | Q1(d) GRAMMAR MCQs | BISE BOARD MASTER 600 | PUNCTUATION / CAPITALIZATION / HYPHENATION,Apply,A proper noun begins with a: [1],capital letter,comma,hyphen,semicolon,A | capital letter,Easy,1,ULTRA,1
q_10_q1d_master_0481,1,ENGLISH_B | Q1(d) GRAMMAR MCQs | BISE BOARD MASTER 600 | PUNCTUATION / CAPITALIZATION / HYPHENATION,Apply,A question ends with a: [1],question mark,full stop,comma,colon,A | question mark,Easy,1,ULTRA,1
q_10_q1d_master_0482,1,ENGLISH_B | Q1(d) GRAMMAR MCQs | BISE BOARD MASTER 600 | PUNCTUATION / CAPITALIZATION / HYPHENATION,Apply,An exclamation ends with an: [1],exclamation mark,comma,colon,hyphen,A | exclamation mark,Easy,1,ULTRA,1
q_10_q1d_master_0483,1,ENGLISH_B | Q1(d) GRAMMAR MCQs | BISE BOARD MASTER 600 | PUNCTUATION / CAPITALIZATION / HYPHENATION,Apply,A statement normally ends with a: [1],full stop,question mark,colon,hyphen,A | full stop,Easy,1,ULTRA,1
q_10_q1d_master_0484,1,ENGLISH_B | Q1(d) GRAMMAR MCQs | BISE BOARD MASTER 600 | PUNCTUATION / CAPITALIZATION / HYPHENATION,Apply,Quotation marks enclose exact: [1],speech,adverbs,articles,prepositions,A | speech,Easy,1,ULTRA,1
q_10_q1d_master_0485,1,ENGLISH_B | Q1(d) GRAMMAR MCQs | BISE BOARD MASTER 600 | PUNCTUATION / CAPITALIZATION / HYPHENATION,Apply,An apostrophe may show: [1],possession,comparison,question,conjunction,A | possession,Easy,1,ULTRA,1
q_10_q1d_master_0486,1,ENGLISH_B | Q1(d) GRAMMAR MCQs | BISE BOARD MASTER 600 | PUNCTUATION / CAPITALIZATION / HYPHENATION,Apply,Well-known writer uses a: [1],hyphen,colon,comma,slash,A | hyphen,Easy,1,ULTRA,1
q_10_q1d_master_0487,1,ENGLISH_B | Q1(d) GRAMMAR MCQs | BISE BOARD MASTER 600 | PUNCTUATION / CAPITALIZATION / HYPHENATION,Apply,A proper noun begins with a: [2],comma,hyphen,semicolon,capital letter,D | capital letter,Easy,1,ULTRA,1
q_10_q1d_master_0488,1,ENGLISH_B | Q1(d) GRAMMAR MCQs | BISE BOARD MASTER 600 | PUNCTUATION / CAPITALIZATION / HYPHENATION,Apply,A question ends with a: [2],full stop,comma,colon,question mark,D | question mark,Easy,1,ULTRA,1
q_10_q1d_master_0489,1,ENGLISH_B | Q1(d) GRAMMAR MCQs | BISE BOARD MASTER 600 | PUNCTUATION / CAPITALIZATION / HYPHENATION,Apply,An exclamation ends with an: [2],comma,colon,hyphen,exclamation mark,D | exclamation mark,Easy,1,ULTRA,1
q_10_q1d_master_0490,1,ENGLISH_B | Q1(d) GRAMMAR MCQs | BISE BOARD MASTER 600 | PUNCTUATION / CAPITALIZATION / HYPHENATION,Apply,A statement normally ends with a: [2],question mark,colon,hyphen,full stop,D | full stop,Easy,1,ULTRA,1
q_10_q1d_master_0491,1,ENGLISH_B | Q1(d) GRAMMAR MCQs | BISE BOARD MASTER 600 | PUNCTUATION / CAPITALIZATION / HYPHENATION,Apply,Quotation marks enclose exact: [2],adverbs,articles,prepositions,speech,D | speech,Easy,1,ULTRA,1
q_10_q1d_master_0492,1,ENGLISH_B | Q1(d) GRAMMAR MCQs | BISE BOARD MASTER 600 | PUNCTUATION / CAPITALIZATION / HYPHENATION,Apply,An apostrophe may show: [2],comparison,question,conjunction,possession,D | possession,Easy,1,ULTRA,1
q_10_q1d_master_0493,1,ENGLISH_B | Q1(d) GRAMMAR MCQs | BISE BOARD MASTER 600 | PUNCTUATION / CAPITALIZATION / HYPHENATION,Apply,Well-known writer uses a: [2],colon,comma,slash,hyphen,D | hyphen,Easy,1,ULTRA,1
q_10_q1d_master_0494,1,ENGLISH_B | Q1(d) GRAMMAR MCQs | BISE BOARD MASTER 600 | PUNCTUATION / CAPITALIZATION / HYPHENATION,Apply,A proper noun begins with a: [3],hyphen,semicolon,capital letter,comma,C | capital letter,Easy,1,ULTRA,1
q_10_q1d_master_0495,1,ENGLISH_B | Q1(d) GRAMMAR MCQs | BISE BOARD MASTER 600 | PUNCTUATION / CAPITALIZATION / HYPHENATION,Apply,A question ends with a: [3],comma,colon,question mark,full stop,C | question mark,Easy,1,ULTRA,1
q_10_q1d_master_0496,1,ENGLISH_B | Q1(d) GRAMMAR MCQs | BISE BOARD MASTER 600 | PUNCTUATION / CAPITALIZATION / HYPHENATION,Apply,An exclamation ends with an: [3],colon,hyphen,exclamation mark,comma,C | exclamation mark,Easy,1,ULTRA,1
q_10_q1d_master_0497,1,ENGLISH_B | Q1(d) GRAMMAR MCQs | BISE BOARD MASTER 600 | PUNCTUATION / CAPITALIZATION / HYPHENATION,Apply,A statement normally ends with a: [3],colon,hyphen,full stop,question mark,C | full stop,Easy,1,ULTRA,1
q_10_q1d_master_0498,1,ENGLISH_B | Q1(d) GRAMMAR MCQs | BISE BOARD MASTER 600 | PUNCTUATION / CAPITALIZATION / HYPHENATION,Apply,Quotation marks enclose exact: [3],articles,prepositions,speech,adverbs,C | speech,Easy,1,ULTRA,1
q_10_q1d_master_0499,1,ENGLISH_B | Q1(d) GRAMMAR MCQs | BISE BOARD MASTER 600 | PUNCTUATION / CAPITALIZATION / HYPHENATION,Apply,An apostrophe may show: [3],question,conjunction,possession,comparison,C | possession,Easy,1,ULTRA,1
q_10_q1d_master_0500,1,ENGLISH_B | Q1(d) GRAMMAR MCQs | BISE BOARD MASTER 600 | PUNCTUATION / CAPITALIZATION / HYPHENATION,Apply,Well-known writer uses a: [3],comma,slash,hyphen,colon,C | hyphen,Easy,1,ULTRA,1
q_10_q1d_master_0501,1,ENGLISH_B | Q1(d) GRAMMAR MCQs | BISE BOARD MASTER 600 | PUNCTUATION / CAPITALIZATION / HYPHENATION,Apply,A proper noun begins with a: [4],semicolon,capital letter,comma,hyphen,B | capital letter,Easy,1,ULTRA,1
q_10_q1d_master_0502,1,ENGLISH_B | Q1(d) GRAMMAR MCQs | BISE BOARD MASTER 600 | PUNCTUATION / CAPITALIZATION / HYPHENATION,Apply,A question ends with a: [4],colon,question mark,full stop,comma,B | question mark,Easy,1,ULTRA,1
q_10_q1d_master_0503,1,ENGLISH_B | Q1(d) GRAMMAR MCQs | BISE BOARD MASTER 600 | PUNCTUATION / CAPITALIZATION / HYPHENATION,Apply,An exclamation ends with an: [4],hyphen,exclamation mark,comma,colon,B | exclamation mark,Easy,1,ULTRA,1
q_10_q1d_master_0504,1,ENGLISH_B | Q1(d) GRAMMAR MCQs | BISE BOARD MASTER 600 | PUNCTUATION / CAPITALIZATION / HYPHENATION,Apply,A statement normally ends with a: [4],hyphen,full stop,question mark,colon,B | full stop,Easy,1,ULTRA,1
q_10_q1d_master_0505,1,ENGLISH_B | Q1(d) GRAMMAR MCQs | BISE BOARD MASTER 600 | PUNCTUATION / CAPITALIZATION / HYPHENATION,Apply,Quotation marks enclose exact: [4],prepositions,speech,adverbs,articles,B | speech,Easy,1,ULTRA,1
q_10_q1d_master_0506,1,ENGLISH_B | Q1(d) GRAMMAR MCQs | BISE BOARD MASTER 600 | PUNCTUATION / CAPITALIZATION / HYPHENATION,Apply,An apostrophe may show: [4],conjunction,possession,comparison,question,B | possession,Easy,1,ULTRA,1
q_10_q1d_master_0507,1,ENGLISH_B | Q1(d) GRAMMAR MCQs | BISE BOARD MASTER 600 | PUNCTUATION / CAPITALIZATION / HYPHENATION,Apply,Well-known writer uses a: [4],slash,hyphen,colon,comma,B | hyphen,Easy,1,ULTRA,1
q_10_q1d_master_0508,1,ENGLISH_B | Q1(d) GRAMMAR MCQs | BISE BOARD MASTER 600 | PUNCTUATION / CAPITALIZATION / HYPHENATION,Apply,A proper noun begins with a: [5],capital letter,comma,hyphen,semicolon,A | capital letter,Easy,1,ULTRA,1
q_10_q1d_master_0509,1,ENGLISH_B | Q1(d) GRAMMAR MCQs | BISE BOARD MASTER 600 | PUNCTUATION / CAPITALIZATION / HYPHENATION,Apply,A question ends with a: [5],question mark,full stop,comma,colon,A | question mark,Easy,1,ULTRA,1
sep_10_q1d_master_0026,1,ENGLISH_B | Q1(d) GRAMMAR MCQs | BISE BOARD MASTER 600 | SENTENCE STRUCTURE,Topic,,,,,,,,,,1
q_10_q1d_master_0510,1,ENGLISH_B | Q1(d) GRAMMAR MCQs | BISE BOARD MASTER 600 | SENTENCE STRUCTURE,Apply,A simple sentence has ______ main clause.,two,three,no,one,D | one,Easy,1,ELITE,1
q_10_q1d_master_0511,1,ENGLISH_B | Q1(d) GRAMMAR MCQs | BISE BOARD MASTER 600 | SENTENCE STRUCTURE,Apply,A compound sentence has two or more ______ clauses.,relative,independent,dependent,subordinate,B | independent,Easy,1,ELITE,1
q_10_q1d_master_0512,1,ENGLISH_B | Q1(d) GRAMMAR MCQs | BISE BOARD MASTER 600 | SENTENCE STRUCTURE,Apply,A complex sentence contains a main and a ______ clause.,independent only,noun only,phrase only,dependent,D | dependent,Easy,1,ULTRA,1
q_10_q1d_master_0513,1,ENGLISH_B | Q1(d) GRAMMAR MCQs | BISE BOARD MASTER 600 | SENTENCE STRUCTURE,Apply,“I came and he left.” is a:,fragment,compound sentence,simple sentence,phrase,B | compound sentence,Medium,1,ULTRA,1
q_10_q1d_master_0514,1,ENGLISH_B | Q1(d) GRAMMAR MCQs | BISE BOARD MASTER 600 | SENTENCE STRUCTURE,Apply,"“Because it rained, we stayed home.” is a:",simple sentence,phrase,fragment,complex sentence,D | complex sentence,Medium,1,ULTRA,1
q_10_q1d_master_0515,1,ENGLISH_B | Q1(d) GRAMMAR MCQs | BISE BOARD MASTER 600 | SENTENCE STRUCTURE,Apply,“The boy runs.” is a:,fragment,simple sentence,compound sentence,complex sentence,B | simple sentence,Medium,1,ULTRA,1
q_10_q1d_master_0516,1,ENGLISH_B | Q1(d) GRAMMAR MCQs | BISE BOARD MASTER 600 | SENTENCE STRUCTURE,Apply,A dependent clause cannot normally:,contain words,have a verb,have a subject,stand alone,D | stand alone,Medium,1,ULTRA,1
q_10_q1d_master_0517,1,ENGLISH_B | Q1(d) GRAMMAR MCQs | BISE BOARD MASTER 600 | SENTENCE STRUCTURE,Apply,A main clause can:,only describe,stand alone,never stand,only modify,B | stand alone,Medium,1,PRO,1
q_10_q1d_master_0518,1,ENGLISH_B | Q1(d) GRAMMAR MCQs | BISE BOARD MASTER 600 | SENTENCE STRUCTURE,Apply,A complete sentence must express a complete:,word,phrase,title,thought,D | thought,Hard,1,PRO,1
q_10_q1d_master_0519,1,ENGLISH_B | Q1(d) GRAMMAR MCQs | BISE BOARD MASTER 600 | SENTENCE STRUCTURE,Apply,A sentence normally starts with a:,semicolon,capital letter,comma,hyphen,B | capital letter,Hard,1,PRO,1
sep_10_q1d_master_0027,1,ENGLISH_B | Q1(d) GRAMMAR MCQs | BISE BOARD MASTER 600 | SENTENCE STRUCTURE / CLAUSES,Topic,,,,,,,,,,1
q_10_q1d_master_0520,1,ENGLISH_B | Q1(d) GRAMMAR MCQs | BISE BOARD MASTER 600 | SENTENCE STRUCTURE / CLAUSES,Apply,“The sun shines.” is a ____ [1].,simple sentence,compound sentence,complex sentence,fragment,A | simple sentence,Medium,1,ELITE,1
q_10_q1d_master_0521,1,ENGLISH_B | Q1(d) GRAMMAR MCQs | BISE BOARD MASTER 600 | SENTENCE STRUCTURE / CLAUSES,Apply,“I came and he left.” is a ____ [1].,compound sentence,simple sentence,complex sentence,fragment,A | compound sentence,Medium,1,ELITE,1
q_10_q1d_master_0522,1,ENGLISH_B | Q1(d) GRAMMAR MCQs | BISE BOARD MASTER 600 | SENTENCE STRUCTURE / CLAUSES,Apply,"“Because it rained, we stayed home.” is a ____ [1].",complex sentence,simple sentence,compound sentence,phrase,A | complex sentence,Medium,1,ELITE,1
q_10_q1d_master_0523,1,ENGLISH_B | Q1(d) GRAMMAR MCQs | BISE BOARD MASTER 600 | SENTENCE STRUCTURE / CLAUSES,Apply,A clause that can stand alone is a: [1],independent clause,dependent clause,noun phrase,verb phrase,A | independent clause,Medium,1,ELITE,1
q_10_q1d_master_0524,1,ENGLISH_B | Q1(d) GRAMMAR MCQs | BISE BOARD MASTER 600 | SENTENCE STRUCTURE / CLAUSES,Apply,A clause that cannot stand alone is a: [1],dependent clause,independent clause,main clause,simple sentence,A | dependent clause,Medium,1,ELITE,1
q_10_q1d_master_0525,1,ENGLISH_B | Q1(d) GRAMMAR MCQs | BISE BOARD MASTER 600 | SENTENCE STRUCTURE / CLAUSES,Apply,“The sun shines.” is a ____ [2].,compound sentence,complex sentence,fragment,simple sentence,D | simple sentence,Medium,1,ELITE,1
q_10_q1d_master_0526,1,ENGLISH_B | Q1(d) GRAMMAR MCQs | BISE BOARD MASTER 600 | SENTENCE STRUCTURE / CLAUSES,Apply,“I came and he left.” is a ____ [2].,simple sentence,complex sentence,fragment,compound sentence,D | compound sentence,Medium,1,ELITE,1
q_10_q1d_master_0527,1,ENGLISH_B | Q1(d) GRAMMAR MCQs | BISE BOARD MASTER 600 | SENTENCE STRUCTURE / CLAUSES,Apply,"“Because it rained, we stayed home.” is a ____ [2].",simple sentence,compound sentence,phrase,complex sentence,D | complex sentence,Medium,1,ELITE,1
q_10_q1d_master_0528,1,ENGLISH_B | Q1(d) GRAMMAR MCQs | BISE BOARD MASTER 600 | SENTENCE STRUCTURE / CLAUSES,Apply,A clause that can stand alone is a: [2],dependent clause,noun phrase,verb phrase,independent clause,D | independent clause,Medium,1,ELITE,1
q_10_q1d_master_0529,1,ENGLISH_B | Q1(d) GRAMMAR MCQs | BISE BOARD MASTER 600 | SENTENCE STRUCTURE / CLAUSES,Apply,A clause that cannot stand alone is a: [2],independent clause,main clause,simple sentence,dependent clause,D | dependent clause,Medium,1,ELITE,1
q_10_q1d_master_0530,1,ENGLISH_B | Q1(d) GRAMMAR MCQs | BISE BOARD MASTER 600 | SENTENCE STRUCTURE / CLAUSES,Apply,“The sun shines.” is a ____ [3].,complex sentence,fragment,simple sentence,compound sentence,C | simple sentence,Medium,1,ELITE,1
q_10_q1d_master_0531,1,ENGLISH_B | Q1(d) GRAMMAR MCQs | BISE BOARD MASTER 600 | SENTENCE STRUCTURE / CLAUSES,Apply,“I came and he left.” is a ____ [3].,complex sentence,fragment,compound sentence,simple sentence,C | compound sentence,Medium,1,ELITE,1
q_10_q1d_master_0532,1,ENGLISH_B | Q1(d) GRAMMAR MCQs | BISE BOARD MASTER 600 | SENTENCE STRUCTURE / CLAUSES,Apply,"“Because it rained, we stayed home.” is a ____ [3].",compound sentence,phrase,complex sentence,simple sentence,C | complex sentence,Medium,1,ELITE,1
q_10_q1d_master_0533,1,ENGLISH_B | Q1(d) GRAMMAR MCQs | BISE BOARD MASTER 600 | SENTENCE STRUCTURE / CLAUSES,Apply,A clause that can stand alone is a: [3],noun phrase,verb phrase,independent clause,dependent clause,C | independent clause,Medium,1,ELITE,1
q_10_q1d_master_0534,1,ENGLISH_B | Q1(d) GRAMMAR MCQs | BISE BOARD MASTER 600 | SENTENCE STRUCTURE / CLAUSES,Apply,A clause that cannot stand alone is a: [3],main clause,simple sentence,dependent clause,independent clause,C | dependent clause,Medium,1,ELITE,1
q_10_q1d_master_0535,1,ENGLISH_B | Q1(d) GRAMMAR MCQs | BISE BOARD MASTER 600 | SENTENCE STRUCTURE / CLAUSES,Apply,“The sun shines.” is a ____ [4].,fragment,simple sentence,compound sentence,complex sentence,B | simple sentence,Medium,1,ULTRA,1
q_10_q1d_master_0536,1,ENGLISH_B | Q1(d) GRAMMAR MCQs | BISE BOARD MASTER 600 | SENTENCE STRUCTURE / CLAUSES,Apply,“I came and he left.” is a ____ [4].,fragment,compound sentence,simple sentence,complex sentence,B | compound sentence,Medium,1,ULTRA,1
q_10_q1d_master_0537,1,ENGLISH_B | Q1(d) GRAMMAR MCQs | BISE BOARD MASTER 600 | SENTENCE STRUCTURE / CLAUSES,Apply,"“Because it rained, we stayed home.” is a ____ [4].",phrase,complex sentence,simple sentence,compound sentence,B | complex sentence,Medium,1,ULTRA,1
q_10_q1d_master_0538,1,ENGLISH_B | Q1(d) GRAMMAR MCQs | BISE BOARD MASTER 600 | SENTENCE STRUCTURE / CLAUSES,Apply,A clause that can stand alone is a: [4],verb phrase,independent clause,dependent clause,noun phrase,B | independent clause,Medium,1,ULTRA,1
q_10_q1d_master_0539,1,ENGLISH_B | Q1(d) GRAMMAR MCQs | BISE BOARD MASTER 600 | SENTENCE STRUCTURE / CLAUSES,Apply,A clause that cannot stand alone is a: [4],simple sentence,dependent clause,independent clause,main clause,B | dependent clause,Medium,1,ULTRA,1
q_10_q1d_master_0540,1,ENGLISH_B | Q1(d) GRAMMAR MCQs | BISE BOARD MASTER 600 | SENTENCE STRUCTURE / CLAUSES,Apply,“The sun shines.” is a ____ [5].,simple sentence,compound sentence,complex sentence,fragment,A | simple sentence,Medium,1,ULTRA,1
q_10_q1d_master_0541,1,ENGLISH_B | Q1(d) GRAMMAR MCQs | BISE BOARD MASTER 600 | SENTENCE STRUCTURE / CLAUSES,Apply,“I came and he left.” is a ____ [5].,compound sentence,simple sentence,complex sentence,fragment,A | compound sentence,Medium,1,ULTRA,1
q_10_q1d_master_0542,1,ENGLISH_B | Q1(d) GRAMMAR MCQs | BISE BOARD MASTER 600 | SENTENCE STRUCTURE / CLAUSES,Apply,"“Because it rained, we stayed home.” is a ____ [5].",complex sentence,simple sentence,compound sentence,phrase,A | complex sentence,Medium,1,ULTRA,1
q_10_q1d_master_0543,1,ENGLISH_B | Q1(d) GRAMMAR MCQs | BISE BOARD MASTER 600 | SENTENCE STRUCTURE / CLAUSES,Apply,A clause that can stand alone is a: [5],independent clause,dependent clause,noun phrase,verb phrase,A | independent clause,Medium,1,ULTRA,1
q_10_q1d_master_0544,1,ENGLISH_B | Q1(d) GRAMMAR MCQs | BISE BOARD MASTER 600 | SENTENCE STRUCTURE / CLAUSES,Apply,A clause that cannot stand alone is a: [5],dependent clause,independent clause,main clause,simple sentence,A | dependent clause,Medium,1,ULTRA,1
q_10_q1d_master_0545,1,ENGLISH_B | Q1(d) GRAMMAR MCQs | BISE BOARD MASTER 600 | SENTENCE STRUCTURE / CLAUSES,Apply,“The sun shines.” is a ____ [6].,compound sentence,complex sentence,fragment,simple sentence,D | simple sentence,Medium,1,ULTRA,1
q_10_q1d_master_0546,1,ENGLISH_B | Q1(d) GRAMMAR MCQs | BISE BOARD MASTER 600 | SENTENCE STRUCTURE / CLAUSES,Apply,“I came and he left.” is a ____ [6].,simple sentence,complex sentence,fragment,compound sentence,D | compound sentence,Medium,1,ULTRA,1
q_10_q1d_master_0547,1,ENGLISH_B | Q1(d) GRAMMAR MCQs | BISE BOARD MASTER 600 | SENTENCE STRUCTURE / CLAUSES,Apply,"“Because it rained, we stayed home.” is a ____ [6].",simple sentence,compound sentence,phrase,complex sentence,D | complex sentence,Medium,1,ULTRA,1
q_10_q1d_master_0548,1,ENGLISH_B | Q1(d) GRAMMAR MCQs | BISE BOARD MASTER 600 | SENTENCE STRUCTURE / CLAUSES,Apply,A clause that can stand alone is a: [6],dependent clause,noun phrase,verb phrase,independent clause,D | independent clause,Medium,1,ULTRA,1
q_10_q1d_master_0549,1,ENGLISH_B | Q1(d) GRAMMAR MCQs | BISE BOARD MASTER 600 | SENTENCE STRUCTURE / CLAUSES,Apply,A clause that cannot stand alone is a: [6],independent clause,main clause,simple sentence,dependent clause,D | dependent clause,Medium,1,ULTRA,1
q_10_q1d_master_0550,1,ENGLISH_B | Q1(d) GRAMMAR MCQs | BISE BOARD MASTER 600 | SENTENCE STRUCTURE / CLAUSES,Apply,“The sun shines.” is a ____ [7].,complex sentence,fragment,simple sentence,compound sentence,C | simple sentence,Medium,1,ULTRA,1
sep_10_q1d_master_0028,1,ENGLISH_B | Q1(d) GRAMMAR MCQs | BISE BOARD MASTER 600 | SUBJECT / VERB / OBJECT,Topic,,,,,,,,,,1
q_10_q1d_master_0551,1,ENGLISH_B | Q1(d) GRAMMAR MCQs | BISE BOARD MASTER 600 | SUBJECT / VERB / OBJECT,Apply,"In “Ali reads books,” “Ali” is the:",adverb,subject,verb,object,B | subject,Easy,1,ELITE,1
q_10_q1d_master_0552,1,ENGLISH_B | Q1(d) GRAMMAR MCQs | BISE BOARD MASTER 600 | SUBJECT / VERB / OBJECT,Apply,"In “Ali reads books,” “reads” is the:",subject,object,adjective,verb,D | verb,Easy,1,ELITE,1
q_10_q1d_master_0553,1,ENGLISH_B | Q1(d) GRAMMAR MCQs | BISE BOARD MASTER 600 | SUBJECT / VERB / OBJECT,Apply,"In “Ali reads books,” “books” is the:",adverb,object,subject,verb,B | object,Easy,1,ULTRA,1
q_10_q1d_master_0554,1,ENGLISH_B | Q1(d) GRAMMAR MCQs | BISE BOARD MASTER 600 | SUBJECT / VERB / OBJECT,Apply,The doer of an action is usually the:,object,adverb,article,subject,D | subject,Medium,1,ULTRA,1
q_10_q1d_master_0555,1,ENGLISH_B | Q1(d) GRAMMAR MCQs | BISE BOARD MASTER 600 | SUBJECT / VERB / OBJECT,Apply,The action word is the:,pronoun,verb,subject,object,B | verb,Medium,1,ULTRA,1
q_10_q1d_master_0556,1,ENGLISH_B | Q1(d) GRAMMAR MCQs | BISE BOARD MASTER 600 | SUBJECT / VERB / OBJECT,Apply,The receiver of action is often the:,subject,verb,conjunction,object,D | object,Medium,1,ULTRA,1
q_10_q1d_master_0557,1,ENGLISH_B | Q1(d) GRAMMAR MCQs | BISE BOARD MASTER 600 | SUBJECT / VERB / OBJECT,Apply,"In “Sara opened the door,” “door” is the:",adverb,object,subject,verb,B | object,Medium,1,ULTRA,1
q_10_q1d_master_0558,1,ENGLISH_B | Q1(d) GRAMMAR MCQs | BISE BOARD MASTER 600 | SUBJECT / VERB / OBJECT,Apply,"In “Birds fly,” “Birds” is the:",object,verb,article,subject,D | subject,Medium,1,PRO,1
q_10_q1d_master_0559,1,ENGLISH_B | Q1(d) GRAMMAR MCQs | BISE BOARD MASTER 600 | SUBJECT / VERB / OBJECT,Apply,"In “The teacher explained the lesson,” “explained” is the:",adjective,verb,noun,object,B | verb,Hard,1,PRO,1
q_10_q1d_master_0560,1,ENGLISH_B | Q1(d) GRAMMAR MCQs | BISE BOARD MASTER 600 | SUBJECT / VERB / OBJECT,Apply,"In “We planted trees,” “trees” is the:",subject,verb,adverb,object,D | object,Hard,1,PRO,1
sep_10_q1d_master_0029,1,ENGLISH_B | Q1(d) GRAMMAR MCQs | BISE BOARD MASTER 600 | TRANSITION WORDS,Topic,,,,,,,,,,1
q_10_q1d_master_0561,1,ENGLISH_B | Q1(d) GRAMMAR MCQs | BISE BOARD MASTER 600 | TRANSITION WORDS,Apply,“Therefore” mainly shows:,contrast,addition,example,result,D | result,Easy,1,ELITE,1
q_10_q1d_master_0562,1,ENGLISH_B | Q1(d) GRAMMAR MCQs | BISE BOARD MASTER 600 | TRANSITION WORDS,Apply,“However” mainly shows:,time,contrast,result,addition,B | contrast,Easy,1,ELITE,1
q_10_q1d_master_0563,1,ENGLISH_B | Q1(d) GRAMMAR MCQs | BISE BOARD MASTER 600 | TRANSITION WORDS,Apply,“Moreover” mainly shows:,contrast,cause,time,addition,D | addition,Easy,1,ULTRA,1
q_10_q1d_master_0564,1,ENGLISH_B | Q1(d) GRAMMAR MCQs | BISE BOARD MASTER 600 | TRANSITION WORDS,Apply,“Consequently” mainly shows:,time,result,example,contrast,B | result,Medium,1,ULTRA,1
q_10_q1d_master_0565,1,ENGLISH_B | Q1(d) GRAMMAR MCQs | BISE BOARD MASTER 600 | TRANSITION WORDS,Apply,“In addition” mainly shows:,contrast,cause,time,addition,D | addition,Medium,1,ULTRA,1
q_10_q1d_master_0566,1,ENGLISH_B | Q1(d) GRAMMAR MCQs | BISE BOARD MASTER 600 | TRANSITION WORDS,Apply,“On the other hand” shows:,example,contrast,addition,result,B | contrast,Medium,1,ULTRA,1
q_10_q1d_master_0567,1,ENGLISH_B | Q1(d) GRAMMAR MCQs | BISE BOARD MASTER 600 | TRANSITION WORDS,Apply,“As a result” shows:,addition,contrast,example,result,D | result,Medium,1,ULTRA,1
q_10_q1d_master_0568,1,ENGLISH_B | Q1(d) GRAMMAR MCQs | BISE BOARD MASTER 600 | TRANSITION WORDS,Apply,“Likewise” shows:,time,similarity,contrast,cause,B | similarity,Medium,1,PRO,1
q_10_q1d_master_0569,1,ENGLISH_B | Q1(d) GRAMMAR MCQs | BISE BOARD MASTER 600 | TRANSITION WORDS,Apply,“Furthermore” shows:,contrast,cause,example,addition,D | addition,Hard,1,PRO,1
q_10_q1d_master_0570,1,ENGLISH_B | Q1(d) GRAMMAR MCQs | BISE BOARD MASTER 600 | TRANSITION WORDS,Apply,“In contrast” shows:,time,contrast,result,addition,B | contrast,Hard,1,PRO,1
sep_10_q1d_master_0030,1,ENGLISH_B | Q1(d) GRAMMAR MCQs | BISE BOARD MASTER 600 | TRANSITION WORDS / COHESION,Topic,,,,,,,,,,1
q_10_q1d_master_0571,1,ENGLISH_B | Q1(d) GRAMMAR MCQs | BISE BOARD MASTER 600 | TRANSITION WORDS / COHESION,Apply,“Therefore” mainly shows ____ [1].,result,contrast,addition,example,A | result,Medium,1,ULTRA,1
q_10_q1d_master_0572,1,ENGLISH_B | Q1(d) GRAMMAR MCQs | BISE BOARD MASTER 600 | TRANSITION WORDS / COHESION,Apply,“However” mainly shows ____ [1].,contrast,result,time,example,A | contrast,Medium,1,ULTRA,1
q_10_q1d_master_0573,1,ENGLISH_B | Q1(d) GRAMMAR MCQs | BISE BOARD MASTER 600 | TRANSITION WORDS / COHESION,Apply,“Moreover” mainly shows ____ [1].,addition,result,time,example,A | addition,Medium,1,ULTRA,1
q_10_q1d_master_0574,1,ENGLISH_B | Q1(d) GRAMMAR MCQs | BISE BOARD MASTER 600 | TRANSITION WORDS / COHESION,Apply,“Consequently” mainly shows ____ [1].,result,contrast,addition,example,A | result,Medium,1,ULTRA,1
q_10_q1d_master_0575,1,ENGLISH_B | Q1(d) GRAMMAR MCQs | BISE BOARD MASTER 600 | TRANSITION WORDS / COHESION,Apply,“In addition” mainly shows ____ [1].,addition,result,time,example,A | addition,Medium,1,ULTRA,1
q_10_q1d_master_0576,1,ENGLISH_B | Q1(d) GRAMMAR MCQs | BISE BOARD MASTER 600 | TRANSITION WORDS / COHESION,Apply,“Likewise” mainly shows ____ [1].,similarity,contrast,addition,example,A | similarity,Medium,1,ULTRA,1
q_10_q1d_master_0577,1,ENGLISH_B | Q1(d) GRAMMAR MCQs | BISE BOARD MASTER 600 | TRANSITION WORDS / COHESION,Apply,“On the other hand” mainly shows ____ [1].,contrast,result,time,example,A | contrast,Medium,1,ULTRA,1
q_10_q1d_master_0578,1,ENGLISH_B | Q1(d) GRAMMAR MCQs | BISE BOARD MASTER 600 | TRANSITION WORDS / COHESION,Apply,“Therefore” mainly shows ____ [2].,contrast,addition,example,result,D | result,Medium,1,ULTRA,1
q_10_q1d_master_0579,1,ENGLISH_B | Q1(d) GRAMMAR MCQs | BISE BOARD MASTER 600 | TRANSITION WORDS / COHESION,Apply,“However” mainly shows ____ [2].,result,time,example,contrast,D | contrast,Medium,1,ULTRA,1
q_10_q1d_master_0580,1,ENGLISH_B | Q1(d) GRAMMAR MCQs | BISE BOARD MASTER 600 | TRANSITION WORDS / COHESION,Apply,“Moreover” mainly shows ____ [2].,result,time,example,addition,D | addition,Medium,1,ULTRA,1
q_10_q1d_master_0581,1,ENGLISH_B | Q1(d) GRAMMAR MCQs | BISE BOARD MASTER 600 | TRANSITION WORDS / COHESION,Apply,“Consequently” mainly shows ____ [2].,contrast,addition,example,result,D | result,Medium,1,ULTRA,1
q_10_q1d_master_0582,1,ENGLISH_B | Q1(d) GRAMMAR MCQs | BISE BOARD MASTER 600 | TRANSITION WORDS / COHESION,Apply,“In addition” mainly shows ____ [2].,result,time,example,addition,D | addition,Medium,1,ULTRA,1
q_10_q1d_master_0583,1,ENGLISH_B | Q1(d) GRAMMAR MCQs | BISE BOARD MASTER 600 | TRANSITION WORDS / COHESION,Apply,“Likewise” mainly shows ____ [2].,contrast,addition,example,similarity,D | similarity,Medium,1,ULTRA,1
q_10_q1d_master_0584,1,ENGLISH_B | Q1(d) GRAMMAR MCQs | BISE BOARD MASTER 600 | TRANSITION WORDS / COHESION,Apply,“On the other hand” mainly shows ____ [2].,result,time,example,contrast,D | contrast,Medium,1,ULTRA,1
q_10_q1d_master_0585,1,ENGLISH_B | Q1(d) GRAMMAR MCQs | BISE BOARD MASTER 600 | TRANSITION WORDS / COHESION,Apply,“Therefore” mainly shows ____ [3].,addition,example,result,contrast,C | result,Medium,1,ULTRA,1
q_10_q1d_master_0586,1,ENGLISH_B | Q1(d) GRAMMAR MCQs | BISE BOARD MASTER 600 | TRANSITION WORDS / COHESION,Apply,“However” mainly shows ____ [3].,time,example,contrast,result,C | contrast,Medium,1,ULTRA,1
q_10_q1d_master_0587,1,ENGLISH_B | Q1(d) GRAMMAR MCQs | BISE BOARD MASTER 600 | TRANSITION WORDS / COHESION,Apply,“Moreover” mainly shows ____ [3].,time,example,addition,result,C | addition,Medium,1,ULTRA,1
q_10_q1d_master_0588,1,ENGLISH_B | Q1(d) GRAMMAR MCQs | BISE BOARD MASTER 600 | TRANSITION WORDS / COHESION,Apply,“Consequently” mainly shows ____ [3].,addition,example,result,contrast,C | result,Medium,1,ULTRA,1
q_10_q1d_master_0589,1,ENGLISH_B | Q1(d) GRAMMAR MCQs | BISE BOARD MASTER 600 | TRANSITION WORDS / COHESION,Apply,“In addition” mainly shows ____ [3].,time,example,addition,result,C | addition,Medium,1,ULTRA,1
q_10_q1d_master_0590,1,ENGLISH_B | Q1(d) GRAMMAR MCQs | BISE BOARD MASTER 600 | TRANSITION WORDS / COHESION,Apply,“Likewise” mainly shows ____ [3].,addition,example,similarity,contrast,C | similarity,Medium,1,ULTRA,1
q_10_q1d_master_0591,1,ENGLISH_B | Q1(d) GRAMMAR MCQs | BISE BOARD MASTER 600 | TRANSITION WORDS / COHESION,Apply,“On the other hand” mainly shows ____ [3].,time,example,contrast,result,C | contrast,Medium,1,ULTRA,1
q_10_q1d_master_0592,1,ENGLISH_B | Q1(d) GRAMMAR MCQs | BISE BOARD MASTER 600 | TRANSITION WORDS / COHESION,Apply,“Therefore” mainly shows ____ [4].,example,result,contrast,addition,B | result,Medium,1,ULTRA,1
q_10_q1d_master_0593,1,ENGLISH_B | Q1(d) GRAMMAR MCQs | BISE BOARD MASTER 600 | TRANSITION WORDS / COHESION,Apply,“However” mainly shows ____ [4].,example,contrast,result,time,B | contrast,Medium,1,ULTRA,1
q_10_q1d_master_0594,1,ENGLISH_B | Q1(d) GRAMMAR MCQs | BISE BOARD MASTER 600 | TRANSITION WORDS / COHESION,Apply,“Moreover” mainly shows ____ [4].,example,addition,result,time,B | addition,Medium,1,ULTRA,1
q_10_q1d_master_0595,1,ENGLISH_B | Q1(d) GRAMMAR MCQs | BISE BOARD MASTER 600 | TRANSITION WORDS / COHESION,Apply,“Consequently” mainly shows ____ [4].,example,result,contrast,addition,B | result,Medium,1,ULTRA,1
q_10_q1d_master_0596,1,ENGLISH_B | Q1(d) GRAMMAR MCQs | BISE BOARD MASTER 600 | TRANSITION WORDS / COHESION,Apply,“In addition” mainly shows ____ [4].,example,addition,result,time,B | addition,Medium,1,ULTRA,1
q_10_q1d_master_0597,1,ENGLISH_B | Q1(d) GRAMMAR MCQs | BISE BOARD MASTER 600 | TRANSITION WORDS / COHESION,Apply,“Likewise” mainly shows ____ [4].,example,similarity,contrast,addition,B | similarity,Medium,1,ULTRA,1
q_10_q1d_master_0598,1,ENGLISH_B | Q1(d) GRAMMAR MCQs | BISE BOARD MASTER 600 | TRANSITION WORDS / COHESION,Apply,“On the other hand” mainly shows ____ [4].,example,contrast,result,time,B | contrast,Medium,1,ULTRA,1
q_10_q1d_master_0599,1,ENGLISH_B | Q1(d) GRAMMAR MCQs | BISE BOARD MASTER 600 | TRANSITION WORDS / COHESION,Apply,“Therefore” mainly shows ____ [5].,result,contrast,addition,example,A | result,Medium,1,ULTRA,1
q_10_q1d_master_0600,1,ENGLISH_B | Q1(d) GRAMMAR MCQs | BISE BOARD MASTER 600 | TRANSITION WORDS / COHESION,Apply,“However” mainly shows ____ [5].,contrast,result,time,example,A | contrast,Medium,1,ULTRA,1
