question_hash,active,topic,bloom_level,question,A,B,C,D,correct_answer,difficulty,marks,weightage,smart_syllabus
sep_10_q1a_master_0001,1,ENGLISH_B | Q1(a) CORRECT FORM OF VERB | BISE BOARD MASTER 600,Topic,,,,,,,,,,1
sep_10_q1a_master_0002,1,ENGLISH_B | Q1(a) CORRECT FORM OF VERB | BISE BOARD MASTER 600 | 2019 Evening,Topic,,,,,,,,,,1
q_10_q1a_master_0001,1,ENGLISH_B | Q1(a) CORRECT FORM OF VERB | BISE BOARD MASTER 600 | 2019 Evening,Apply,She — French at present.,is learning,learnt,was learning,learn,A | is learning,Medium,1,ULTRA,1
q_10_q1a_master_0002,1,ENGLISH_B | Q1(a) CORRECT FORM OF VERB | BISE BOARD MASTER 600 | 2019 Evening,Apply,She — in this office for seven years.,had worked,worked,is working,has been working,D | has been working,Medium,1,ULTRA,1
q_10_q1a_master_0003,1,ENGLISH_B | Q1(a) CORRECT FORM OF VERB | BISE BOARD MASTER 600 | 2019 Evening,Apply,After you — I went to sleep.,has left,had left,leaves,will leave,B | had left,Medium,1,ULTRA,1
q_10_q1a_master_0004,1,ENGLISH_B | Q1(a) CORRECT FORM OF VERB | BISE BOARD MASTER 600 | 2019 Evening,Apply,I — tea when the door bell rang.,made,making,was making,make,C | was making,Medium,1,ULTRA,1
q_10_q1a_master_0005,1,ENGLISH_B | Q1(a) CORRECT FORM OF VERB | BISE BOARD MASTER 600 | 2019 Evening,Apply,It — to rain an hour ago.,begins,began,begin,will begin,B | began,Medium,1,ULTRA,1
sep_10_q1a_master_0003,1,ENGLISH_B | Q1(a) CORRECT FORM OF VERB | BISE BOARD MASTER 600 | 2019 Morning,Topic,,,,,,,,,,1
q_10_q1a_master_0006,1,ENGLISH_B | Q1(a) CORRECT FORM OF VERB | BISE BOARD MASTER 600 | 2019 Morning,Apply,My mother — to me for ten years.,was not writing,has not been writing,not write,do not write,B | has not been writing,Medium,1,ULTRA,1
q_10_q1a_master_0007,1,ENGLISH_B | Q1(a) CORRECT FORM OF VERB | BISE BOARD MASTER 600 | 2019 Morning,Apply,He — twenty minutes ago.,leaves,will leave,will be leaving,left,D | left,Medium,1,ELITE,1
q_10_q1a_master_0008,1,ENGLISH_B | Q1(a) CORRECT FORM OF VERB | BISE BOARD MASTER 600 | 2019 Morning,Apply,The meeting — by the time we gather.,ended,had ended,will ended,will have ended,D | will have ended,Medium,1,ULTRA,1
q_10_q1a_master_0009,1,ENGLISH_B | Q1(a) CORRECT FORM OF VERB | BISE BOARD MASTER 600 | 2019 Morning,Apply,They always — back home late.,come,comes,is came,will come,A | come,Medium,1,ULTRA,1
q_10_q1a_master_0010,1,ENGLISH_B | Q1(a) CORRECT FORM OF VERB | BISE BOARD MASTER 600 | 2019 Morning,Apply,The sun — in the east.,rise,is rose,rises,was rise,C | rises,Medium,1,ELITE,1
sep_10_q1a_master_0004,1,ENGLISH_B | Q1(a) CORRECT FORM OF VERB | BISE BOARD MASTER 600 | 2020 Evening,Topic,,,,,,,,,,1
q_10_q1a_master_0011,1,ENGLISH_B | Q1(a) CORRECT FORM OF VERB | BISE BOARD MASTER 600 | 2020 Evening,Apply,You — since morning.,rests,rest,have been resting,rested,C | have been resting,Medium,1,ELITE,1
q_10_q1a_master_0012,1,ENGLISH_B | Q1(a) CORRECT FORM OF VERB | BISE BOARD MASTER 600 | 2020 Evening,Apply,I shall — my work in a minute.,finished,finish,finishes,finishing,B | finish,Medium,1,ULTRA,1
q_10_q1a_master_0013,1,ENGLISH_B | Q1(a) CORRECT FORM OF VERB | BISE BOARD MASTER 600 | 2020 Evening,Apply,The baby — for milk now.,cry,crying,cried,is crying,D | is crying,Medium,1,ULTRA,1
q_10_q1a_master_0014,1,ENGLISH_B | Q1(a) CORRECT FORM OF VERB | BISE BOARD MASTER 600 | 2020 Evening,Apply,She — before the party began.,had left,leaves,leave,left,A | had left,Medium,1,ULTRA,1
q_10_q1a_master_0015,1,ENGLISH_B | Q1(a) CORRECT FORM OF VERB | BISE BOARD MASTER 600 | 2020 Evening,Apply,I — this bike a month ago.,bought,buy,buys,will buy,A | bought,Medium,1,ULTRA,1
sep_10_q1a_master_0005,1,ENGLISH_B | Q1(a) CORRECT FORM OF VERB | BISE BOARD MASTER 600 | 2021 Evening,Topic,,,,,,,,,,1
q_10_q1a_master_0016,1,ENGLISH_B | Q1(a) CORRECT FORM OF VERB | BISE BOARD MASTER 600 | 2021 Evening,Apply,Girls were —.,song,sang,sings,singing,D | singing,Medium,1,ULTRA,1
q_10_q1a_master_0017,1,ENGLISH_B | Q1(a) CORRECT FORM OF VERB | BISE BOARD MASTER 600 | 2021 Evening,Apply,The sun — in the west.,set,sets,has setting,setting,B | sets,Medium,1,ULTRA,1
q_10_q1a_master_0018,1,ENGLISH_B | Q1(a) CORRECT FORM OF VERB | BISE BOARD MASTER 600 | 2021 Evening,Apply,It is —.,raining,rain,rains,rained,A | raining,Medium,1,ULTRA,1
q_10_q1a_master_0019,1,ENGLISH_B | Q1(a) CORRECT FORM OF VERB | BISE BOARD MASTER 600 | 2021 Evening,Apply,She — the door softly.,is shut,have shut,shutting,shut,D | shut,Medium,1,ULTRA,1
sep_10_q1a_master_0006,1,ENGLISH_B | Q1(a) CORRECT FORM OF VERB | BISE BOARD MASTER 600 | 2021 Morning,Topic,,,,,,,,,,1
q_10_q1a_master_0020,1,ENGLISH_B | Q1(a) CORRECT FORM OF VERB | BISE BOARD MASTER 600 | 2021 Morning,Apply,I — this motorcycle only a month ago.,buy,buys,bought,will buy,C | bought,Medium,1,ULTRA,1
q_10_q1a_master_0021,1,ENGLISH_B | Q1(a) CORRECT FORM OF VERB | BISE BOARD MASTER 600 | 2021 Morning,Apply,She will have finished her work before the guest —.,arrived,will arrive,arrives,arrive,C | arrives,Medium,1,ULTRA,1
q_10_q1a_master_0022,1,ENGLISH_B | Q1(a) CORRECT FORM OF VERB | BISE BOARD MASTER 600 | 2021 Morning,Apply,I — a glass of milk in the morning.,had,has,have been having,has been having,A | had,Medium,1,ULTRA,1
q_10_q1a_master_0023,1,ENGLISH_B | Q1(a) CORRECT FORM OF VERB | BISE BOARD MASTER 600 | 2021 Morning,Apply,She — her lesson in the evening.,take,do not take,will be taking,has been taking,C | will be taking,Medium,1,ULTRA,1
q_10_q1a_master_0024,1,ENGLISH_B | Q1(a) CORRECT FORM OF VERB | BISE BOARD MASTER 600 | 2021 Morning,Apply,I already — three cups of coffee.,has taken,have taken,was taking,am taking,B | have taken,Medium,1,ULTRA,1
sep_10_q1a_master_0007,1,ENGLISH_B | Q1(a) CORRECT FORM OF VERB | BISE BOARD MASTER 600 | 2022 Morning,Topic,,,,,,,,,,1
q_10_q1a_master_0025,1,ENGLISH_B | Q1(a) CORRECT FORM OF VERB | BISE BOARD MASTER 600 | 2022 Morning,Apply,He is — back next week.,come,coming,comes,came,B | coming,Medium,1,ULTRA,1
q_10_q1a_master_0026,1,ENGLISH_B | Q1(a) CORRECT FORM OF VERB | BISE BOARD MASTER 600 | 2022 Morning,Apply,He — newspaper for living.,sells,have sold,selling,sell,A | sells,Medium,1,ULTRA,1
q_10_q1a_master_0027,1,ENGLISH_B | Q1(a) CORRECT FORM OF VERB | BISE BOARD MASTER 600 | 2022 Morning,Apply,They — to sleep at ten.,went,gone,goes,go,D | go,Medium,1,ULTRA,1
sep_10_q1a_master_0008,1,ENGLISH_B | Q1(a) CORRECT FORM OF VERB | BISE BOARD MASTER 600 | 2023 Evening,Topic,,,,,,,,,,1
q_10_q1a_master_0028,1,ENGLISH_B | Q1(a) CORRECT FORM OF VERB | BISE BOARD MASTER 600 | 2023 Evening,Apply,She — English now.,is speaking,spoke,have spoken,speak,A | is speaking,Medium,1,ULTRA,1
q_10_q1a_master_0029,1,ENGLISH_B | Q1(a) CORRECT FORM OF VERB | BISE BOARD MASTER 600 | 2023 Evening,Apply,She — since morning.,sleep,has been sleeping,slept,will sleep,B | has been sleeping,Medium,1,ULTRA,1
q_10_q1a_master_0030,1,ENGLISH_B | Q1(a) CORRECT FORM OF VERB | BISE BOARD MASTER 600 | 2023 Evening,Apply,I — him next Monday.,saw,has seen,sees,shall see,D | shall see,Medium,1,ULTRA,1
sep_10_q1a_master_0009,1,ENGLISH_B | Q1(a) CORRECT FORM OF VERB | BISE BOARD MASTER 600 | 2023 Morning,Topic,,,,,,,,,,1
q_10_q1a_master_0031,1,ENGLISH_B | Q1(a) CORRECT FORM OF VERB | BISE BOARD MASTER 600 | 2023 Morning,Apply,They — hockey at that time.,shall be playing,are playing,was playing,has played,A | shall be playing,Medium,1,ULTRA,1
q_10_q1a_master_0032,1,ENGLISH_B | Q1(a) CORRECT FORM OF VERB | BISE BOARD MASTER 600 | 2023 Morning,Apply,Do you — to school everyday?,go,went,will go,have gone,A | go,Medium,1,ULTRA,1
q_10_q1a_master_0033,1,ENGLISH_B | Q1(a) CORRECT FORM OF VERB | BISE BOARD MASTER 600 | 2023 Morning,Apply,She was doing her home task when the guests —.,arrived,arrives,will arrive,arriving,A | arrived,Medium,1,ULTRA,1
q_10_q1a_master_0034,1,ENGLISH_B | Q1(a) CORRECT FORM OF VERB | BISE BOARD MASTER 600 | 2023 Morning,Apply,It — since last night.,has raining,has been raining,was raining,rained,B | has been raining,Medium,1,ULTRA,1
q_10_q1a_master_0035,1,ENGLISH_B | Q1(a) CORRECT FORM OF VERB | BISE BOARD MASTER 600 | 2023 Morning,Apply,She is — for London tomorrow.,leave,leaves,leaving,left,C | leaving,Medium,1,ULTRA,1
sep_10_q1a_master_0010,1,ENGLISH_B | Q1(a) CORRECT FORM OF VERB | BISE BOARD MASTER 600 | FIRST CONDITIONAL,Topic,,,,,,,,,,1
q_10_q1a_master_0036,1,ENGLISH_B | Q1(a) CORRECT FORM OF VERB | BISE BOARD MASTER 600 | FIRST CONDITIONAL,Apply,"If it rains, we — at home.",will stay,would stay,stayed,stay,A | will stay,Easy,1,ULTRA,1
q_10_q1a_master_0037,1,ENGLISH_B | Q1(a) CORRECT FORM OF VERB | BISE BOARD MASTER 600 | FIRST CONDITIONAL,Apply,"If you work hard, you —.",succeeded,succeed,will succeed,would succeed,C | will succeed,Easy,1,ULTRA,1
q_10_q1a_master_0038,1,ENGLISH_B | Q1(a) CORRECT FORM OF VERB | BISE BOARD MASTER 600 | FIRST CONDITIONAL,Apply,"If he calls, I — him.",will answer,would answer,answered,answer,A | will answer,Easy,1,ULTRA,1
q_10_q1a_master_0039,1,ENGLISH_B | Q1(a) CORRECT FORM OF VERB | BISE BOARD MASTER 600 | FIRST CONDITIONAL,Apply,"If they hurry, they — the bus.",caught,catch,will catch,would catch,C | will catch,Medium,1,ULTRA,1
q_10_q1a_master_0040,1,ENGLISH_B | Q1(a) CORRECT FORM OF VERB | BISE BOARD MASTER 600 | FIRST CONDITIONAL,Apply,"If she studies, she — the test.",will pass,would pass,passed,passes,A | will pass,Medium,1,ULTRA,1
q_10_q1a_master_0041,1,ENGLISH_B | Q1(a) CORRECT FORM OF VERB | BISE BOARD MASTER 600 | FIRST CONDITIONAL,Apply,"If we leave now, we — early.",arrived,arrive,will arrive,would arrive,C | will arrive,Medium,1,ULTRA,1
q_10_q1a_master_0042,1,ENGLISH_B | Q1(a) CORRECT FORM OF VERB | BISE BOARD MASTER 600 | FIRST CONDITIONAL,Apply,"If you ask politely, he — you.",will help,would help,helped,helps,A | will help,Medium,1,ULTRA,1
q_10_q1a_master_0043,1,ENGLISH_B | Q1(a) CORRECT FORM OF VERB | BISE BOARD MASTER 600 | FIRST CONDITIONAL,Apply,"If the weather clears, we — out.",went,go,will go,would go,C | will go,Medium,1,PRO,1
q_10_q1a_master_0044,1,ENGLISH_B | Q1(a) CORRECT FORM OF VERB | BISE BOARD MASTER 600 | FIRST CONDITIONAL,Apply,"If Ali comes, we — the meeting.",will start,would start,started,start,A | will start,Hard,1,PRO,1
q_10_q1a_master_0045,1,ENGLISH_B | Q1(a) CORRECT FORM OF VERB | BISE BOARD MASTER 600 | FIRST CONDITIONAL,Apply,"If you save money, you — a laptop.",bought,buy,will buy,would buy,C | will buy,Hard,1,PRO,1
q_10_q1a_master_0046,1,ENGLISH_B | Q1(a) CORRECT FORM OF VERB | BISE BOARD MASTER 600 | FIRST CONDITIONAL,Apply,"If the manager works hard, the manager ____ [1].",would succeed,succeeded,succeeds,will succeed,D | will succeed,Medium,1,ELITE,1
q_10_q1a_master_0047,1,ENGLISH_B | Q1(a) CORRECT FORM OF VERB | BISE BOARD MASTER 600 | FIRST CONDITIONAL,Apply,"If the driver works hard, the driver ____ [2].",will succeed,would succeed,succeeded,succeeds,A | will succeed,Medium,1,ELITE,1
q_10_q1a_master_0048,1,ENGLISH_B | Q1(a) CORRECT FORM OF VERB | BISE BOARD MASTER 600 | FIRST CONDITIONAL,Apply,"If the child works hard, the child ____ [3].",succeeds,will succeed,would succeed,succeeded,B | will succeed,Medium,1,ELITE,1
q_10_q1a_master_0049,1,ENGLISH_B | Q1(a) CORRECT FORM OF VERB | BISE BOARD MASTER 600 | FIRST CONDITIONAL,Apply,"If the farmer works hard, the farmer ____ [4].",succeeded,succeeds,will succeed,would succeed,C | will succeed,Medium,1,ELITE,1
q_10_q1a_master_0050,1,ENGLISH_B | Q1(a) CORRECT FORM OF VERB | BISE BOARD MASTER 600 | FIRST CONDITIONAL,Apply,"If the student works hard, the student ____ [5].",would succeed,succeeded,succeeds,will succeed,D | will succeed,Medium,1,ELITE,1
q_10_q1a_master_0051,1,ENGLISH_B | Q1(a) CORRECT FORM OF VERB | BISE BOARD MASTER 600 | FIRST CONDITIONAL,Apply,"If my sister works hard, my sister ____ [6].",will succeed,would succeed,succeeded,succeeds,A | will succeed,Medium,1,ELITE,1
q_10_q1a_master_0052,1,ENGLISH_B | Q1(a) CORRECT FORM OF VERB | BISE BOARD MASTER 600 | FIRST CONDITIONAL,Apply,"If my brother works hard, my brother ____ [7].",succeeds,will succeed,would succeed,succeeded,B | will succeed,Medium,1,ELITE,1
q_10_q1a_master_0053,1,ENGLISH_B | Q1(a) CORRECT FORM OF VERB | BISE BOARD MASTER 600 | FIRST CONDITIONAL,Apply,"If the doctor works hard, the doctor ____ [8].",succeeded,succeeds,will succeed,would succeed,C | will succeed,Medium,1,ELITE,1
q_10_q1a_master_0054,1,ENGLISH_B | Q1(a) CORRECT FORM OF VERB | BISE BOARD MASTER 600 | FIRST CONDITIONAL,Apply,"If the teacher works hard, the teacher ____ [9].",would succeed,succeeded,succeeds,will succeed,D | will succeed,Medium,1,ELITE,1
q_10_q1a_master_0055,1,ENGLISH_B | Q1(a) CORRECT FORM OF VERB | BISE BOARD MASTER 600 | FIRST CONDITIONAL,Apply,"If bilal works hard, bilal ____ [10].",will succeed,would succeed,succeeded,succeeds,A | will succeed,Medium,1,ELITE,1
q_10_q1a_master_0056,1,ENGLISH_B | Q1(a) CORRECT FORM OF VERB | BISE BOARD MASTER 600 | FIRST CONDITIONAL,Apply,"If ayesha works hard, ayesha ____ [11].",succeeds,will succeed,would succeed,succeeded,B | will succeed,Medium,1,ELITE,1
q_10_q1a_master_0057,1,ENGLISH_B | Q1(a) CORRECT FORM OF VERB | BISE BOARD MASTER 600 | FIRST CONDITIONAL,Apply,"If hamza works hard, hamza ____ [12].",succeeded,succeeds,will succeed,would succeed,C | will succeed,Medium,1,ELITE,1
q_10_q1a_master_0058,1,ENGLISH_B | Q1(a) CORRECT FORM OF VERB | BISE BOARD MASTER 600 | FIRST CONDITIONAL,Apply,"If sara works hard, sara ____ [13].",would succeed,succeeded,succeeds,will succeed,D | will succeed,Medium,1,ELITE,1
q_10_q1a_master_0059,1,ENGLISH_B | Q1(a) CORRECT FORM OF VERB | BISE BOARD MASTER 600 | FIRST CONDITIONAL,Apply,"If ali works hard, ali ____ [14].",will succeed,would succeed,succeeded,succeeds,A | will succeed,Medium,1,ELITE,1
q_10_q1a_master_0060,1,ENGLISH_B | Q1(a) CORRECT FORM OF VERB | BISE BOARD MASTER 600 | FIRST CONDITIONAL,Apply,"If the officer works hard, the officer ____ [15].",succeeds,will succeed,would succeed,succeeded,B | will succeed,Medium,1,ELITE,1
q_10_q1a_master_0061,1,ENGLISH_B | Q1(a) CORRECT FORM OF VERB | BISE BOARD MASTER 600 | FIRST CONDITIONAL,Apply,"If my mother works hard, my mother ____ [16].",succeeded,succeeds,will succeed,would succeed,C | will succeed,Medium,1,ELITE,1
q_10_q1a_master_0062,1,ENGLISH_B | Q1(a) CORRECT FORM OF VERB | BISE BOARD MASTER 600 | FIRST CONDITIONAL,Apply,"If my father works hard, my father ____ [17].",would succeed,succeeded,succeeds,will succeed,D | will succeed,Medium,1,ELITE,1
q_10_q1a_master_0063,1,ENGLISH_B | Q1(a) CORRECT FORM OF VERB | BISE BOARD MASTER 600 | FIRST CONDITIONAL,Apply,"If the girl works hard, the girl ____ [18].",will succeed,would succeed,succeeded,succeeds,A | will succeed,Medium,1,ELITE,1
q_10_q1a_master_0064,1,ENGLISH_B | Q1(a) CORRECT FORM OF VERB | BISE BOARD MASTER 600 | FIRST CONDITIONAL,Apply,"If the boy works hard, the boy ____ [19].",succeeds,will succeed,would succeed,succeeded,B | will succeed,Medium,1,ELITE,1
q_10_q1a_master_0065,1,ENGLISH_B | Q1(a) CORRECT FORM OF VERB | BISE BOARD MASTER 600 | FIRST CONDITIONAL,Apply,"If the captain works hard, the captain ____ [20].",succeeded,succeeds,will succeed,would succeed,C | will succeed,Medium,1,ELITE,1
q_10_q1a_master_0066,1,ENGLISH_B | Q1(a) CORRECT FORM OF VERB | BISE BOARD MASTER 600 | FIRST CONDITIONAL,Apply,"If the manager works hard, the manager ____ [21].",would succeed,succeeded,succeeds,will succeed,D | will succeed,Medium,1,ELITE,1
sep_10_q1a_master_0011,1,ENGLISH_B | Q1(a) CORRECT FORM OF VERB | BISE BOARD MASTER 600 | FUTURE CONTINUOUS,Topic,,,,,,,,,,1
q_10_q1a_master_0067,1,ENGLISH_B | Q1(a) CORRECT FORM OF VERB | BISE BOARD MASTER 600 | FUTURE CONTINUOUS,Apply,I — at eight tonight.,studied,have studied,shall be studying,study,C | shall be studying,Easy,1,ULTRA,1
q_10_q1a_master_0068,1,ENGLISH_B | Q1(a) CORRECT FORM OF VERB | BISE BOARD MASTER 600 | FUTURE CONTINUOUS,Apply,She — tomorrow morning.,will be travelling,travels,travelled,has travelled,A | will be travelling,Easy,1,ULTRA,1
q_10_q1a_master_0069,1,ENGLISH_B | Q1(a) CORRECT FORM OF VERB | BISE BOARD MASTER 600 | FUTURE CONTINUOUS,Apply,They — cricket at four.,played,have played,will be playing,play,C | will be playing,Easy,1,ULTRA,1
q_10_q1a_master_0070,1,ENGLISH_B | Q1(a) CORRECT FORM OF VERB | BISE BOARD MASTER 600 | FUTURE CONTINUOUS,Apply,We — for you at the station.,shall be waiting,waited,wait,have waited,A | shall be waiting,Medium,1,ULTRA,1
q_10_q1a_master_0071,1,ENGLISH_B | Q1(a) CORRECT FORM OF VERB | BISE BOARD MASTER 600 | FUTURE CONTINUOUS,Apply,He — at this time tomorrow.,worked,has worked,will be working,works,C | will be working,Medium,1,ULTRA,1
q_10_q1a_master_0072,1,ENGLISH_B | Q1(a) CORRECT FORM OF VERB | BISE BOARD MASTER 600 | FUTURE CONTINUOUS,Apply,The children — in the park.,will be playing,play,played,have played,A | will be playing,Medium,1,ULTRA,1
q_10_q1a_master_0073,1,ENGLISH_B | Q1(a) CORRECT FORM OF VERB | BISE BOARD MASTER 600 | FUTURE CONTINUOUS,Apply,I — dinner at nine.,had,have had,shall be having,have,C | shall be having,Medium,1,ULTRA,1
q_10_q1a_master_0074,1,ENGLISH_B | Q1(a) CORRECT FORM OF VERB | BISE BOARD MASTER 600 | FUTURE CONTINUOUS,Apply,She — the class tomorrow afternoon.,will be attending,attends,attended,has attended,A | will be attending,Medium,1,PRO,1
q_10_q1a_master_0075,1,ENGLISH_B | Q1(a) CORRECT FORM OF VERB | BISE BOARD MASTER 600 | FUTURE CONTINUOUS,Apply,They — home this evening.,returned,have returned,will be returning,return,C | will be returning,Hard,1,PRO,1
q_10_q1a_master_0076,1,ENGLISH_B | Q1(a) CORRECT FORM OF VERB | BISE BOARD MASTER 600 | FUTURE CONTINUOUS,Apply,We — the match at seven.,shall be watching,watch,watched,have watched,A | shall be watching,Hard,1,PRO,1
q_10_q1a_master_0077,1,ENGLISH_B | Q1(a) CORRECT FORM OF VERB | BISE BOARD MASTER 600 | FUTURE CONTINUOUS,Apply,The student ____ the city at this time tomorrow [1].,is working,worked,has worked,will be working,D | will be working,Medium,1,ULTRA,1
q_10_q1a_master_0078,1,ENGLISH_B | Q1(a) CORRECT FORM OF VERB | BISE BOARD MASTER 600 | FUTURE CONTINUOUS,Apply,My sister ____ a letter at this time tomorrow [2].,will be cooking,is cooking,cooked,has cooked,A | will be cooking,Medium,1,ULTRA,1
q_10_q1a_master_0079,1,ENGLISH_B | Q1(a) CORRECT FORM OF VERB | BISE BOARD MASTER 600 | FUTURE CONTINUOUS,Apply,My brother ____ dinner at this time tomorrow [3].,has opened,will be opening,is opening,opened,B | will be opening,Medium,1,ULTRA,1
q_10_q1a_master_0080,1,ENGLISH_B | Q1(a) CORRECT FORM OF VERB | BISE BOARD MASTER 600 | FUTURE CONTINUOUS,Apply,The doctor ____ a movie at this time tomorrow [4].,played,has played,will be playing,is playing,C | will be playing,Medium,1,ULTRA,1
q_10_q1a_master_0081,1,ENGLISH_B | Q1(a) CORRECT FORM OF VERB | BISE BOARD MASTER 600 | FUTURE CONTINUOUS,Apply,The teacher ____ the city at this time tomorrow [5].,is planting,planted,has planted,will be planting,D | will be planting,Medium,1,ULTRA,1
q_10_q1a_master_0082,1,ENGLISH_B | Q1(a) CORRECT FORM OF VERB | BISE BOARD MASTER 600 | FUTURE CONTINUOUS,Apply,Bilal ____ a letter at this time tomorrow [6].,will be finishing,is finishing,finished,has finished,A | will be finishing,Medium,1,ULTRA,1
q_10_q1a_master_0083,1,ENGLISH_B | Q1(a) CORRECT FORM OF VERB | BISE BOARD MASTER 600 | FUTURE CONTINUOUS,Apply,Ayesha ____ dinner at this time tomorrow [7].,has read,will be reading,is reading,read,B | will be reading,Medium,1,ULTRA,1
q_10_q1a_master_0084,1,ENGLISH_B | Q1(a) CORRECT FORM OF VERB | BISE BOARD MASTER 600 | FUTURE CONTINUOUS,Apply,Hamza ____ a movie at this time tomorrow [8].,repaired,has repaired,will be repairing,is repairing,C | will be repairing,Medium,1,ULTRA,1
q_10_q1a_master_0085,1,ENGLISH_B | Q1(a) CORRECT FORM OF VERB | BISE BOARD MASTER 600 | FUTURE CONTINUOUS,Apply,Sara ____ the city at this time tomorrow [9].,is cleaning,cleaned,has cleaned,will be cleaning,D | will be cleaning,Medium,1,ULTRA,1
q_10_q1a_master_0086,1,ENGLISH_B | Q1(a) CORRECT FORM OF VERB | BISE BOARD MASTER 600 | FUTURE CONTINUOUS,Apply,Ali ____ a letter at this time tomorrow [10].,will be writing,is writing,wrote,has written,A | will be writing,Medium,1,ULTRA,1
q_10_q1a_master_0087,1,ENGLISH_B | Q1(a) CORRECT FORM OF VERB | BISE BOARD MASTER 600 | FUTURE CONTINUOUS,Apply,The officer ____ dinner at this time tomorrow [11].,has prepared,will be preparing,is preparing,prepared,B | will be preparing,Medium,1,ULTRA,1
q_10_q1a_master_0088,1,ENGLISH_B | Q1(a) CORRECT FORM OF VERB | BISE BOARD MASTER 600 | FUTURE CONTINUOUS,Apply,My mother ____ a movie at this time tomorrow [12].,helped,has helped,will be helping,is helping,C | will be helping,Medium,1,ULTRA,1
q_10_q1a_master_0089,1,ENGLISH_B | Q1(a) CORRECT FORM OF VERB | BISE BOARD MASTER 600 | FUTURE CONTINUOUS,Apply,My father ____ the city at this time tomorrow [13].,is delivering,delivered,has delivered,will be delivering,D | will be delivering,Medium,1,ULTRA,1
q_10_q1a_master_0090,1,ENGLISH_B | Q1(a) CORRECT FORM OF VERB | BISE BOARD MASTER 600 | FUTURE CONTINUOUS,Apply,The girl ____ a letter at this time tomorrow [14].,will be learning,is learning,learned,has learned,A | will be learning,Medium,1,ULTRA,1
q_10_q1a_master_0091,1,ENGLISH_B | Q1(a) CORRECT FORM OF VERB | BISE BOARD MASTER 600 | FUTURE CONTINUOUS,Apply,The boy ____ dinner at this time tomorrow [15].,has visited,will be visiting,is visiting,visited,B | will be visiting,Medium,1,ULTRA,1
q_10_q1a_master_0092,1,ENGLISH_B | Q1(a) CORRECT FORM OF VERB | BISE BOARD MASTER 600 | FUTURE CONTINUOUS,Apply,The captain ____ a movie at this time tomorrow [16].,carried,has carried,will be carrying,is carrying,C | will be carrying,Medium,1,ULTRA,1
q_10_q1a_master_0093,1,ENGLISH_B | Q1(a) CORRECT FORM OF VERB | BISE BOARD MASTER 600 | FUTURE CONTINUOUS,Apply,The manager ____ the city at this time tomorrow [17].,is watching,watched,has watched,will be watching,D | will be watching,Medium,1,ULTRA,1
q_10_q1a_master_0094,1,ENGLISH_B | Q1(a) CORRECT FORM OF VERB | BISE BOARD MASTER 600 | FUTURE CONTINUOUS,Apply,The driver ____ a letter at this time tomorrow [18].,will be studying,is studying,studied,has studied,A | will be studying,Medium,1,ULTRA,1
q_10_q1a_master_0095,1,ENGLISH_B | Q1(a) CORRECT FORM OF VERB | BISE BOARD MASTER 600 | FUTURE CONTINUOUS,Apply,The child ____ dinner at this time tomorrow [19].,has washed,will be washing,is washing,washed,B | will be washing,Medium,1,ULTRA,1
q_10_q1a_master_0096,1,ENGLISH_B | Q1(a) CORRECT FORM OF VERB | BISE BOARD MASTER 600 | FUTURE CONTINUOUS,Apply,The farmer ____ a movie at this time tomorrow [20].,closed,has closed,will be closing,is closing,C | will be closing,Medium,1,ULTRA,1
q_10_q1a_master_0097,1,ENGLISH_B | Q1(a) CORRECT FORM OF VERB | BISE BOARD MASTER 600 | FUTURE CONTINUOUS,Apply,The student ____ the city at this time tomorrow [21].,is working,worked,has worked,will be working,D | will be working,Medium,1,ULTRA,1
sep_10_q1a_master_0012,1,ENGLISH_B | Q1(a) CORRECT FORM OF VERB | BISE BOARD MASTER 600 | FUTURE INDEFINITE,Topic,,,,,,,,,,1
q_10_q1a_master_0098,1,ENGLISH_B | Q1(a) CORRECT FORM OF VERB | BISE BOARD MASTER 600 | FUTURE INDEFINITE,Apply,I — you tomorrow.,shall meet,met,meet,have met,A | shall meet,Easy,1,ULTRA,1
q_10_q1a_master_0099,1,ENGLISH_B | Q1(a) CORRECT FORM OF VERB | BISE BOARD MASTER 600 | FUTURE INDEFINITE,Apply,She — the test next week.,took,has taken,will take,takes,C | will take,Easy,1,ULTRA,1
q_10_q1a_master_0100,1,ENGLISH_B | Q1(a) CORRECT FORM OF VERB | BISE BOARD MASTER 600 | FUTURE INDEFINITE,Apply,They — us soon.,will visit,visit,visited,have visited,A | will visit,Easy,1,ULTRA,1
q_10_q1a_master_0101,1,ENGLISH_B | Q1(a) CORRECT FORM OF VERB | BISE BOARD MASTER 600 | FUTURE INDEFINITE,Apply,We — the work tonight.,finish,have finished,shall finish,finished,C | shall finish,Medium,1,ULTRA,1
q_10_q1a_master_0102,1,ENGLISH_B | Q1(a) CORRECT FORM OF VERB | BISE BOARD MASTER 600 | FUTURE INDEFINITE,Apply,He — a new car next month.,will buy,buys,bought,has bought,A | will buy,Medium,1,ULTRA,1
q_10_q1a_master_0103,1,ENGLISH_B | Q1(a) CORRECT FORM OF VERB | BISE BOARD MASTER 600 | FUTURE INDEFINITE,Apply,The team — the match tomorrow.,played,has played,will play,plays,C | will play,Medium,1,ULTRA,1
q_10_q1a_master_0104,1,ENGLISH_B | Q1(a) CORRECT FORM OF VERB | BISE BOARD MASTER 600 | FUTURE INDEFINITE,Apply,I — your message later.,shall send,sent,send,have sent,A | shall send,Medium,1,ULTRA,1
q_10_q1a_master_0105,1,ENGLISH_B | Q1(a) CORRECT FORM OF VERB | BISE BOARD MASTER 600 | FUTURE INDEFINITE,Apply,She — at six tomorrow.,arrived,has arrived,will arrive,arrives,C | will arrive,Medium,1,PRO,1
q_10_q1a_master_0106,1,ENGLISH_B | Q1(a) CORRECT FORM OF VERB | BISE BOARD MASTER 600 | FUTURE INDEFINITE,Apply,They — the problem soon.,will solve,solve,solved,have solved,A | will solve,Hard,1,PRO,1
q_10_q1a_master_0107,1,ENGLISH_B | Q1(a) CORRECT FORM OF VERB | BISE BOARD MASTER 600 | FUTURE INDEFINITE,Apply,We — our parents next Sunday.,visit,have visited,shall visit,visited,C | shall visit,Hard,1,PRO,1
q_10_q1a_master_0108,1,ENGLISH_B | Q1(a) CORRECT FORM OF VERB | BISE BOARD MASTER 600 | FUTURE INDEFINITE,Apply,My sister ____ a letter tomorrow [1].,will cook,cook,cooked,has cooked,A | will cook,Easy,1,ULTRA,1
q_10_q1a_master_0109,1,ENGLISH_B | Q1(a) CORRECT FORM OF VERB | BISE BOARD MASTER 600 | FUTURE INDEFINITE,Apply,My brother ____ dinner tonight [2].,has opened,will open,open,opened,B | will open,Easy,1,ULTRA,1
q_10_q1a_master_0110,1,ENGLISH_B | Q1(a) CORRECT FORM OF VERB | BISE BOARD MASTER 600 | FUTURE INDEFINITE,Apply,The doctor ____ a movie later [3].,played,has played,will play,play,C | will play,Easy,1,ULTRA,1
q_10_q1a_master_0111,1,ENGLISH_B | Q1(a) CORRECT FORM OF VERB | BISE BOARD MASTER 600 | FUTURE INDEFINITE,Apply,The teacher ____ the city next week [4].,plant,planted,has planted,will plant,D | will plant,Easy,1,ULTRA,1
q_10_q1a_master_0112,1,ENGLISH_B | Q1(a) CORRECT FORM OF VERB | BISE BOARD MASTER 600 | FUTURE INDEFINITE,Apply,Bilal ____ a letter next month [5].,will finish,finish,finished,has finished,A | will finish,Easy,1,ULTRA,1
q_10_q1a_master_0113,1,ENGLISH_B | Q1(a) CORRECT FORM OF VERB | BISE BOARD MASTER 600 | FUTURE INDEFINITE,Apply,Hamza ____ a movie soon [7].,repaired,has repaired,will repair,repair,C | will repair,Easy,1,ULTRA,1
q_10_q1a_master_0114,1,ENGLISH_B | Q1(a) CORRECT FORM OF VERB | BISE BOARD MASTER 600 | FUTURE INDEFINITE,Apply,Sara ____ the city on Monday [8].,clean,cleaned,has cleaned,will clean,D | will clean,Easy,1,ULTRA,1
q_10_q1a_master_0115,1,ENGLISH_B | Q1(a) CORRECT FORM OF VERB | BISE BOARD MASTER 600 | FUTURE INDEFINITE,Apply,Ali ____ a letter tomorrow [9].,will write,write,wrote,has written,A | will write,Easy,1,ULTRA,1
q_10_q1a_master_0116,1,ENGLISH_B | Q1(a) CORRECT FORM OF VERB | BISE BOARD MASTER 600 | FUTURE INDEFINITE,Apply,The officer ____ dinner tonight [10].,has prepared,will prepare,prepare,prepared,B | will prepare,Easy,1,ULTRA,1
q_10_q1a_master_0117,1,ENGLISH_B | Q1(a) CORRECT FORM OF VERB | BISE BOARD MASTER 600 | FUTURE INDEFINITE,Apply,My mother ____ a movie later [11].,helped,has helped,will help,help,C | will help,Easy,1,ULTRA,1
q_10_q1a_master_0118,1,ENGLISH_B | Q1(a) CORRECT FORM OF VERB | BISE BOARD MASTER 600 | FUTURE INDEFINITE,Apply,My father ____ the city next week [12].,deliver,delivered,has delivered,will deliver,D | will deliver,Easy,1,ULTRA,1
q_10_q1a_master_0119,1,ENGLISH_B | Q1(a) CORRECT FORM OF VERB | BISE BOARD MASTER 600 | FUTURE INDEFINITE,Apply,The girl ____ a letter next month [13].,will learn,learn,learned,has learned,A | will learn,Easy,1,ULTRA,1
q_10_q1a_master_0120,1,ENGLISH_B | Q1(a) CORRECT FORM OF VERB | BISE BOARD MASTER 600 | FUTURE INDEFINITE,Apply,The boy ____ dinner next Sunday [14].,has visited,will visit,visit,visited,B | will visit,Easy,1,ULTRA,1
q_10_q1a_master_0121,1,ENGLISH_B | Q1(a) CORRECT FORM OF VERB | BISE BOARD MASTER 600 | FUTURE INDEFINITE,Apply,The captain ____ a movie soon [15].,carried,has carried,will carry,carry,C | will carry,Easy,1,ULTRA,1
q_10_q1a_master_0122,1,ENGLISH_B | Q1(a) CORRECT FORM OF VERB | BISE BOARD MASTER 600 | FUTURE INDEFINITE,Apply,The manager ____ the city on Monday [16].,watch,watched,has watched,will watch,D | will watch,Easy,1,ULTRA,1
q_10_q1a_master_0123,1,ENGLISH_B | Q1(a) CORRECT FORM OF VERB | BISE BOARD MASTER 600 | FUTURE INDEFINITE,Apply,The driver ____ a letter tomorrow [17].,will study,study,studied,has studied,A | will study,Easy,1,ULTRA,1
q_10_q1a_master_0124,1,ENGLISH_B | Q1(a) CORRECT FORM OF VERB | BISE BOARD MASTER 600 | FUTURE INDEFINITE,Apply,The child ____ dinner tonight [18].,has washed,will wash,wash,washed,B | will wash,Easy,1,ULTRA,1
q_10_q1a_master_0125,1,ENGLISH_B | Q1(a) CORRECT FORM OF VERB | BISE BOARD MASTER 600 | FUTURE INDEFINITE,Apply,The farmer ____ a movie later [19].,closed,has closed,will close,close,C | will close,Easy,1,ULTRA,1
q_10_q1a_master_0126,1,ENGLISH_B | Q1(a) CORRECT FORM OF VERB | BISE BOARD MASTER 600 | FUTURE INDEFINITE,Apply,The student ____ the city next week [20].,work,worked,has worked,will work,D | will work,Easy,1,ULTRA,1
q_10_q1a_master_0127,1,ENGLISH_B | Q1(a) CORRECT FORM OF VERB | BISE BOARD MASTER 600 | FUTURE INDEFINITE,Apply,My sister ____ a letter next month [21].,will cook,cook,cooked,has cooked,A | will cook,Easy,1,ULTRA,1
sep_10_q1a_master_0013,1,ENGLISH_B | Q1(a) CORRECT FORM OF VERB | BISE BOARD MASTER 600 | FUTURE PERFECT,Topic,,,,,,,,,,1
q_10_q1a_master_0128,1,ENGLISH_B | Q1(a) CORRECT FORM OF VERB | BISE BOARD MASTER 600 | FUTURE PERFECT,Apply,She — the work by noon.,will have finished,will finish,finished,has finished,A | will have finished,Easy,1,ULTRA,1
q_10_q1a_master_0129,1,ENGLISH_B | Q1(a) CORRECT FORM OF VERB | BISE BOARD MASTER 600 | FUTURE PERFECT,Apply,They — home by six.,reached,have reached,will have reached,will reach,C | will have reached,Easy,1,ULTRA,1
q_10_q1a_master_0130,1,ENGLISH_B | Q1(a) CORRECT FORM OF VERB | BISE BOARD MASTER 600 | FUTURE PERFECT,Apply,I — the book by Friday.,shall have read,shall read,read,have read,A | shall have read,Easy,1,ULTRA,1
q_10_q1a_master_0131,1,ENGLISH_B | Q1(a) CORRECT FORM OF VERB | BISE BOARD MASTER 600 | FUTURE PERFECT,Apply,We — the project by next month.,completed,have completed,shall have completed,shall complete,C | shall have completed,Medium,1,ULTRA,1
q_10_q1a_master_0132,1,ENGLISH_B | Q1(a) CORRECT FORM OF VERB | BISE BOARD MASTER 600 | FUTURE PERFECT,Apply,He — ten years here by 2030.,will have spent,will spend,spent,has spent,A | will have spent,Medium,1,ULTRA,1
q_10_q1a_master_0133,1,ENGLISH_B | Q1(a) CORRECT FORM OF VERB | BISE BOARD MASTER 600 | FUTURE PERFECT,Apply,The train — before midnight.,arrived,has arrived,will have arrived,will arrive,C | will have arrived,Medium,1,ULTRA,1
q_10_q1a_master_0134,1,ENGLISH_B | Q1(a) CORRECT FORM OF VERB | BISE BOARD MASTER 600 | FUTURE PERFECT,Apply,She — her degree by then.,will have earned,will earn,earned,has earned,A | will have earned,Medium,1,ULTRA,1
q_10_q1a_master_0135,1,ENGLISH_B | Q1(a) CORRECT FORM OF VERB | BISE BOARD MASTER 600 | FUTURE PERFECT,Apply,They — the bridge by June.,built,have built,will have built,will build,C | will have built,Medium,1,PRO,1
q_10_q1a_master_0136,1,ENGLISH_B | Q1(a) CORRECT FORM OF VERB | BISE BOARD MASTER 600 | FUTURE PERFECT,Apply,I — the task before you return.,shall have done,shall do,did,have done,A | shall have done,Hard,1,PRO,1
q_10_q1a_master_0137,1,ENGLISH_B | Q1(a) CORRECT FORM OF VERB | BISE BOARD MASTER 600 | FUTURE PERFECT,Apply,We — dinner by eight.,finished,have finished,shall have finished,shall finish,C | shall have finished,Hard,1,PRO,1
q_10_q1a_master_0138,1,ENGLISH_B | Q1(a) CORRECT FORM OF VERB | BISE BOARD MASTER 600 | FUTURE PERFECT,Apply,The farmer ____ a movie by tomorrow [1].,closed,has closed,will have closed,will close,C | will have closed,Hard,1,PRO,1
q_10_q1a_master_0139,1,ENGLISH_B | Q1(a) CORRECT FORM OF VERB | BISE BOARD MASTER 600 | FUTURE PERFECT,Apply,The student ____ the city by tomorrow [2].,will work,worked,has worked,will have worked,D | will have worked,Hard,1,PRO,1
q_10_q1a_master_0140,1,ENGLISH_B | Q1(a) CORRECT FORM OF VERB | BISE BOARD MASTER 600 | FUTURE PERFECT,Apply,My sister ____ a letter by tomorrow [3].,will have cooked,will cook,cooked,has cooked,A | will have cooked,Hard,1,PRO,1
q_10_q1a_master_0141,1,ENGLISH_B | Q1(a) CORRECT FORM OF VERB | BISE BOARD MASTER 600 | FUTURE PERFECT,Apply,My brother ____ dinner by tomorrow [4].,has opened,will have opened,will open,opened,B | will have opened,Hard,1,PRO,1
q_10_q1a_master_0142,1,ENGLISH_B | Q1(a) CORRECT FORM OF VERB | BISE BOARD MASTER 600 | FUTURE PERFECT,Apply,The doctor ____ a movie by tomorrow [5].,played,has played,will have played,will play,C | will have played,Hard,1,PRO,1
q_10_q1a_master_0143,1,ENGLISH_B | Q1(a) CORRECT FORM OF VERB | BISE BOARD MASTER 600 | FUTURE PERFECT,Apply,The teacher ____ the city by tomorrow [6].,will plant,planted,has planted,will have planted,D | will have planted,Hard,1,PRO,1
q_10_q1a_master_0144,1,ENGLISH_B | Q1(a) CORRECT FORM OF VERB | BISE BOARD MASTER 600 | FUTURE PERFECT,Apply,Bilal ____ a letter by tomorrow [7].,will have finished,will finish,finished,has finished,A | will have finished,Hard,1,PRO,1
q_10_q1a_master_0145,1,ENGLISH_B | Q1(a) CORRECT FORM OF VERB | BISE BOARD MASTER 600 | FUTURE PERFECT,Apply,Ayesha ____ dinner by tomorrow [8].,has read,will have read,will read,read,B | will have read,Hard,1,PRO,1
q_10_q1a_master_0146,1,ENGLISH_B | Q1(a) CORRECT FORM OF VERB | BISE BOARD MASTER 600 | FUTURE PERFECT,Apply,Hamza ____ a movie by tomorrow [9].,repaired,has repaired,will have repaired,will repair,C | will have repaired,Hard,1,PRO,1
q_10_q1a_master_0147,1,ENGLISH_B | Q1(a) CORRECT FORM OF VERB | BISE BOARD MASTER 600 | FUTURE PERFECT,Apply,Sara ____ the city by tomorrow [10].,will clean,cleaned,has cleaned,will have cleaned,D | will have cleaned,Hard,1,PRO,1
q_10_q1a_master_0148,1,ENGLISH_B | Q1(a) CORRECT FORM OF VERB | BISE BOARD MASTER 600 | FUTURE PERFECT,Apply,Ali ____ a letter by tomorrow [11].,will have written,will write,wrote,has written,A | will have written,Hard,1,PRO,1
q_10_q1a_master_0149,1,ENGLISH_B | Q1(a) CORRECT FORM OF VERB | BISE BOARD MASTER 600 | FUTURE PERFECT,Apply,The officer ____ dinner by tomorrow [12].,has prepared,will have prepared,will prepare,prepared,B | will have prepared,Hard,1,PRO,1
q_10_q1a_master_0150,1,ENGLISH_B | Q1(a) CORRECT FORM OF VERB | BISE BOARD MASTER 600 | FUTURE PERFECT,Apply,My mother ____ a movie by tomorrow [13].,helped,has helped,will have helped,will help,C | will have helped,Hard,1,PRO,1
q_10_q1a_master_0151,1,ENGLISH_B | Q1(a) CORRECT FORM OF VERB | BISE BOARD MASTER 600 | FUTURE PERFECT,Apply,My father ____ the city by tomorrow [14].,will deliver,delivered,has delivered,will have delivered,D | will have delivered,Hard,1,PRO,1
q_10_q1a_master_0152,1,ENGLISH_B | Q1(a) CORRECT FORM OF VERB | BISE BOARD MASTER 600 | FUTURE PERFECT,Apply,The girl ____ a letter by tomorrow [15].,will have learned,will learn,learned,has learned,A | will have learned,Hard,1,PRO,1
q_10_q1a_master_0153,1,ENGLISH_B | Q1(a) CORRECT FORM OF VERB | BISE BOARD MASTER 600 | FUTURE PERFECT,Apply,The boy ____ dinner by tomorrow [16].,has visited,will have visited,will visit,visited,B | will have visited,Hard,1,PRO,1
q_10_q1a_master_0154,1,ENGLISH_B | Q1(a) CORRECT FORM OF VERB | BISE BOARD MASTER 600 | FUTURE PERFECT,Apply,The captain ____ a movie by tomorrow [17].,carried,has carried,will have carried,will carry,C | will have carried,Hard,1,PRO,1
q_10_q1a_master_0155,1,ENGLISH_B | Q1(a) CORRECT FORM OF VERB | BISE BOARD MASTER 600 | FUTURE PERFECT,Apply,The manager ____ the city by tomorrow [18].,will watch,watched,has watched,will have watched,D | will have watched,Hard,1,PRO,1
q_10_q1a_master_0156,1,ENGLISH_B | Q1(a) CORRECT FORM OF VERB | BISE BOARD MASTER 600 | FUTURE PERFECT,Apply,The driver ____ a letter by tomorrow [19].,will have studied,will study,studied,has studied,A | will have studied,Hard,1,PRO,1
q_10_q1a_master_0157,1,ENGLISH_B | Q1(a) CORRECT FORM OF VERB | BISE BOARD MASTER 600 | FUTURE PERFECT,Apply,The child ____ dinner by tomorrow [20].,has washed,will have washed,will wash,washed,B | will have washed,Hard,1,PRO,1
q_10_q1a_master_0158,1,ENGLISH_B | Q1(a) CORRECT FORM OF VERB | BISE BOARD MASTER 600 | FUTURE PERFECT,Apply,The farmer ____ a movie by tomorrow [21].,closed,has closed,will have closed,will close,C | will have closed,Hard,1,PRO,1
sep_10_q1a_master_0014,1,ENGLISH_B | Q1(a) CORRECT FORM OF VERB | BISE BOARD MASTER 600 | FUTURE PERFECT CONTINUOUS,Topic,,,,,,,,,,1
q_10_q1a_master_0159,1,ENGLISH_B | Q1(a) CORRECT FORM OF VERB | BISE BOARD MASTER 600 | FUTURE PERFECT CONTINUOUS,Apply,"By June, the child ____ for 2 years.",had been washing,will have been washing,will be washing,has been washing,B | will have been washing,Hard,1,PRO,1
q_10_q1a_master_0160,1,ENGLISH_B | Q1(a) CORRECT FORM OF VERB | BISE BOARD MASTER 600 | FUTURE PERFECT CONTINUOUS,Apply,"By June, the farmer ____ for 3 years.",has been closing,had been closing,will have been closing,will be closing,C | will have been closing,Hard,1,PRO,1
q_10_q1a_master_0161,1,ENGLISH_B | Q1(a) CORRECT FORM OF VERB | BISE BOARD MASTER 600 | FUTURE PERFECT CONTINUOUS,Apply,"By June, the student ____ for 4 years.",will be working,has been working,had been working,will have been working,D | will have been working,Hard,1,PRO,1
q_10_q1a_master_0162,1,ENGLISH_B | Q1(a) CORRECT FORM OF VERB | BISE BOARD MASTER 600 | FUTURE PERFECT CONTINUOUS,Apply,"By June, my sister ____ for 5 years.",will have been cooking,will be cooking,has been cooking,had been cooking,A | will have been cooking,Hard,1,PRO,1
q_10_q1a_master_0163,1,ENGLISH_B | Q1(a) CORRECT FORM OF VERB | BISE BOARD MASTER 600 | FUTURE PERFECT CONTINUOUS,Apply,"By June, my brother ____ for 6 years.",had been opening,will have been opening,will be opening,has been opening,B | will have been opening,Hard,1,PRO,1
q_10_q1a_master_0164,1,ENGLISH_B | Q1(a) CORRECT FORM OF VERB | BISE BOARD MASTER 600 | FUTURE PERFECT CONTINUOUS,Apply,"By June, the doctor ____ for 7 years.",has been playing,had been playing,will have been playing,will be playing,C | will have been playing,Hard,1,PRO,1
q_10_q1a_master_0165,1,ENGLISH_B | Q1(a) CORRECT FORM OF VERB | BISE BOARD MASTER 600 | FUTURE PERFECT CONTINUOUS,Apply,"By June, the teacher ____ for 8 years.",will be planting,has been planting,had been planting,will have been planting,D | will have been planting,Hard,1,PRO,1
q_10_q1a_master_0166,1,ENGLISH_B | Q1(a) CORRECT FORM OF VERB | BISE BOARD MASTER 600 | FUTURE PERFECT CONTINUOUS,Apply,"By June, bilal ____ for 9 years.",will have been finishing,will be finishing,has been finishing,had been finishing,A | will have been finishing,Hard,1,PRO,1
q_10_q1a_master_0167,1,ENGLISH_B | Q1(a) CORRECT FORM OF VERB | BISE BOARD MASTER 600 | FUTURE PERFECT CONTINUOUS,Apply,"By June, ayesha ____ for 10 years.",had been reading,will have been reading,will be reading,has been reading,B | will have been reading,Hard,1,PRO,1
q_10_q1a_master_0168,1,ENGLISH_B | Q1(a) CORRECT FORM OF VERB | BISE BOARD MASTER 600 | FUTURE PERFECT CONTINUOUS,Apply,"By June, hamza ____ for 11 years.",has been repairing,had been repairing,will have been repairing,will be repairing,C | will have been repairing,Hard,1,PRO,1
q_10_q1a_master_0169,1,ENGLISH_B | Q1(a) CORRECT FORM OF VERB | BISE BOARD MASTER 600 | FUTURE PERFECT CONTINUOUS,Apply,"By June, sara ____ for 12 years.",will be cleaning,has been cleaning,had been cleaning,will have been cleaning,D | will have been cleaning,Hard,1,PRO,1
q_10_q1a_master_0170,1,ENGLISH_B | Q1(a) CORRECT FORM OF VERB | BISE BOARD MASTER 600 | FUTURE PERFECT CONTINUOUS,Apply,"By June, ali ____ for 13 years.",will have been writing,will be writing,has been writing,had been writing,A | will have been writing,Hard,1,PRO,1
q_10_q1a_master_0171,1,ENGLISH_B | Q1(a) CORRECT FORM OF VERB | BISE BOARD MASTER 600 | FUTURE PERFECT CONTINUOUS,Apply,"By June, the officer ____ for 14 years.",had been preparing,will have been preparing,will be preparing,has been preparing,B | will have been preparing,Hard,1,PRO,1
q_10_q1a_master_0172,1,ENGLISH_B | Q1(a) CORRECT FORM OF VERB | BISE BOARD MASTER 600 | FUTURE PERFECT CONTINUOUS,Apply,"By June, my mother ____ for 15 years.",has been helping,had been helping,will have been helping,will be helping,C | will have been helping,Hard,1,PRO,1
q_10_q1a_master_0173,1,ENGLISH_B | Q1(a) CORRECT FORM OF VERB | BISE BOARD MASTER 600 | FUTURE PERFECT CONTINUOUS,Apply,"By June, my father ____ for 16 years.",will be delivering,has been delivering,had been delivering,will have been delivering,D | will have been delivering,Hard,1,PRO,1
q_10_q1a_master_0174,1,ENGLISH_B | Q1(a) CORRECT FORM OF VERB | BISE BOARD MASTER 600 | FUTURE PERFECT CONTINUOUS,Apply,"By June, the girl ____ for 17 years.",will have been learning,will be learning,has been learning,had been learning,A | will have been learning,Hard,1,PRO,1
q_10_q1a_master_0175,1,ENGLISH_B | Q1(a) CORRECT FORM OF VERB | BISE BOARD MASTER 600 | FUTURE PERFECT CONTINUOUS,Apply,"By June, the boy ____ for 18 years.",had been visiting,will have been visiting,will be visiting,has been visiting,B | will have been visiting,Hard,1,PRO,1
q_10_q1a_master_0176,1,ENGLISH_B | Q1(a) CORRECT FORM OF VERB | BISE BOARD MASTER 600 | FUTURE PERFECT CONTINUOUS,Apply,"By June, the captain ____ for 19 years.",has been carrying,had been carrying,will have been carrying,will be carrying,C | will have been carrying,Hard,1,PRO,1
q_10_q1a_master_0177,1,ENGLISH_B | Q1(a) CORRECT FORM OF VERB | BISE BOARD MASTER 600 | FUTURE PERFECT CONTINUOUS,Apply,"By June, the manager ____ for 20 years.",will be watching,has been watching,had been watching,will have been watching,D | will have been watching,Hard,1,PRO,1
q_10_q1a_master_0178,1,ENGLISH_B | Q1(a) CORRECT FORM OF VERB | BISE BOARD MASTER 600 | FUTURE PERFECT CONTINUOUS,Apply,"By June, the driver ____ for 21 years.",will have been studying,will be studying,has been studying,had been studying,A | will have been studying,Hard,1,PRO,1
q_10_q1a_master_0179,1,ENGLISH_B | Q1(a) CORRECT FORM OF VERB | BISE BOARD MASTER 600 | FUTURE PERFECT CONTINUOUS,Apply,"By June, the child ____ for 22 years.",had been washing,will have been washing,will be washing,has been washing,B | will have been washing,Hard,1,PRO,1
sep_10_q1a_master_0015,1,ENGLISH_B | Q1(a) CORRECT FORM OF VERB | BISE BOARD MASTER 600 | GERUND / INFINITIVE,Topic,,,,,,,,,,1
q_10_q1a_master_0180,1,ENGLISH_B | Q1(a) CORRECT FORM OF VERB | BISE BOARD MASTER 600 | GERUND / INFINITIVE,Apply,My mother enjoys ____ every evening [1].,to help,helps,helping,help,C | helping,Medium,1,ULTRA,1
q_10_q1a_master_0181,1,ENGLISH_B | Q1(a) CORRECT FORM OF VERB | BISE BOARD MASTER 600 | GERUND / INFINITIVE,Apply,My father enjoys ____ every evening [2].,deliver,to deliver,delivers,delivering,D | delivering,Medium,1,ULTRA,1
q_10_q1a_master_0182,1,ENGLISH_B | Q1(a) CORRECT FORM OF VERB | BISE BOARD MASTER 600 | GERUND / INFINITIVE,Apply,The girl enjoys ____ every evening [3].,learning,learn,to learn,learns,A | learning,Medium,1,ULTRA,1
q_10_q1a_master_0183,1,ENGLISH_B | Q1(a) CORRECT FORM OF VERB | BISE BOARD MASTER 600 | GERUND / INFINITIVE,Apply,The boy enjoys ____ every evening [4].,visits,visiting,visit,to visit,B | visiting,Medium,1,ULTRA,1
q_10_q1a_master_0184,1,ENGLISH_B | Q1(a) CORRECT FORM OF VERB | BISE BOARD MASTER 600 | GERUND / INFINITIVE,Apply,The captain enjoys ____ every evening [5].,to carry,carries,carrying,carry,C | carrying,Medium,1,ULTRA,1
q_10_q1a_master_0185,1,ENGLISH_B | Q1(a) CORRECT FORM OF VERB | BISE BOARD MASTER 600 | GERUND / INFINITIVE,Apply,The manager enjoys ____ every evening [6].,watch,to watch,watches,watching,D | watching,Medium,1,ULTRA,1
q_10_q1a_master_0186,1,ENGLISH_B | Q1(a) CORRECT FORM OF VERB | BISE BOARD MASTER 600 | GERUND / INFINITIVE,Apply,The driver enjoys ____ every evening [7].,studying,study,to study,studies,A | studying,Medium,1,ULTRA,1
q_10_q1a_master_0187,1,ENGLISH_B | Q1(a) CORRECT FORM OF VERB | BISE BOARD MASTER 600 | GERUND / INFINITIVE,Apply,The child enjoys ____ every evening [8].,washes,washing,wash,to wash,B | washing,Medium,1,ULTRA,1
q_10_q1a_master_0188,1,ENGLISH_B | Q1(a) CORRECT FORM OF VERB | BISE BOARD MASTER 600 | GERUND / INFINITIVE,Apply,The farmer enjoys ____ every evening [9].,to close,closes,closing,close,C | closing,Medium,1,ULTRA,1
q_10_q1a_master_0189,1,ENGLISH_B | Q1(a) CORRECT FORM OF VERB | BISE BOARD MASTER 600 | GERUND / INFINITIVE,Apply,The student enjoys ____ every evening [10].,work,to work,works,working,D | working,Medium,1,ULTRA,1
q_10_q1a_master_0190,1,ENGLISH_B | Q1(a) CORRECT FORM OF VERB | BISE BOARD MASTER 600 | GERUND / INFINITIVE,Apply,My sister enjoys ____ every evening [11].,cooking,cook,to cook,cooks,A | cooking,Medium,1,ULTRA,1
q_10_q1a_master_0191,1,ENGLISH_B | Q1(a) CORRECT FORM OF VERB | BISE BOARD MASTER 600 | GERUND / INFINITIVE,Apply,My brother enjoys ____ every evening [12].,opens,opening,open,to open,B | opening,Medium,1,ULTRA,1
q_10_q1a_master_0192,1,ENGLISH_B | Q1(a) CORRECT FORM OF VERB | BISE BOARD MASTER 600 | GERUND / INFINITIVE,Apply,The doctor enjoys ____ every evening [13].,to play,plays,playing,play,C | playing,Medium,1,ULTRA,1
q_10_q1a_master_0193,1,ENGLISH_B | Q1(a) CORRECT FORM OF VERB | BISE BOARD MASTER 600 | GERUND / INFINITIVE,Apply,The teacher enjoys ____ every evening [14].,plant,to plant,plants,planting,D | planting,Medium,1,ULTRA,1
q_10_q1a_master_0194,1,ENGLISH_B | Q1(a) CORRECT FORM OF VERB | BISE BOARD MASTER 600 | GERUND / INFINITIVE,Apply,Bilal enjoys ____ every evening [15].,finishing,finish,to finish,finishes,A | finishing,Medium,1,ULTRA,1
q_10_q1a_master_0195,1,ENGLISH_B | Q1(a) CORRECT FORM OF VERB | BISE BOARD MASTER 600 | GERUND / INFINITIVE,Apply,Ayesha enjoys ____ every evening [16].,reads,reading,read,to read,B | reading,Medium,1,ULTRA,1
q_10_q1a_master_0196,1,ENGLISH_B | Q1(a) CORRECT FORM OF VERB | BISE BOARD MASTER 600 | GERUND / INFINITIVE,Apply,Hamza enjoys ____ every evening [17].,to repair,repairs,repairing,repair,C | repairing,Medium,1,ULTRA,1
q_10_q1a_master_0197,1,ENGLISH_B | Q1(a) CORRECT FORM OF VERB | BISE BOARD MASTER 600 | GERUND / INFINITIVE,Apply,Sara enjoys ____ every evening [18].,clean,to clean,cleans,cleaning,D | cleaning,Medium,1,ULTRA,1
q_10_q1a_master_0198,1,ENGLISH_B | Q1(a) CORRECT FORM OF VERB | BISE BOARD MASTER 600 | GERUND / INFINITIVE,Apply,Ali enjoys ____ every evening [19].,writing,write,to write,writes,A | writing,Medium,1,ULTRA,1
q_10_q1a_master_0199,1,ENGLISH_B | Q1(a) CORRECT FORM OF VERB | BISE BOARD MASTER 600 | GERUND / INFINITIVE,Apply,The officer enjoys ____ every evening [20].,prepares,preparing,prepare,to prepare,B | preparing,Medium,1,ULTRA,1
q_10_q1a_master_0200,1,ENGLISH_B | Q1(a) CORRECT FORM OF VERB | BISE BOARD MASTER 600 | GERUND / INFINITIVE,Apply,My mother enjoys ____ every evening [21].,to help,helps,helping,help,C | helping,Medium,1,ULTRA,1
sep_10_q1a_master_0016,1,ENGLISH_B | Q1(a) CORRECT FORM OF VERB | BISE BOARD MASTER 600 | MODALS / BASE FORM,Topic,,,,,,,,,,1
q_10_q1a_master_0201,1,ENGLISH_B | Q1(a) CORRECT FORM OF VERB | BISE BOARD MASTER 600 | MODALS / BASE FORM,Apply,You must — the truth.,speaks,speaking,speak,spoke,C | speak,Easy,1,ULTRA,1
q_10_q1a_master_0202,1,ENGLISH_B | Q1(a) CORRECT FORM OF VERB | BISE BOARD MASTER 600 | MODALS / BASE FORM,Apply,We should — the poor.,help,helped,helps,helping,A | help,Easy,1,ULTRA,1
q_10_q1a_master_0203,1,ENGLISH_B | Q1(a) CORRECT FORM OF VERB | BISE BOARD MASTER 600 | MODALS / BASE FORM,Apply,He can — this question.,solves,solving,solve,solved,C | solve,Easy,1,ULTRA,1
q_10_q1a_master_0204,1,ENGLISH_B | Q1(a) CORRECT FORM OF VERB | BISE BOARD MASTER 600 | MODALS / BASE FORM,Apply,May I — your pen?,use,used,uses,using,A | use,Medium,1,ULTRA,1
q_10_q1a_master_0205,1,ENGLISH_B | Q1(a) CORRECT FORM OF VERB | BISE BOARD MASTER 600 | MODALS / BASE FORM,Apply,You ought to — your parents.,obeys,obeying,obey,obeyed,C | obey,Medium,1,ULTRA,1
q_10_q1a_master_0206,1,ENGLISH_B | Q1(a) CORRECT FORM OF VERB | BISE BOARD MASTER 600 | MODALS / BASE FORM,Apply,They might — tomorrow.,come,came,comes,coming,A | come,Medium,1,ULTRA,1
q_10_q1a_master_0207,1,ENGLISH_B | Q1(a) CORRECT FORM OF VERB | BISE BOARD MASTER 600 | MODALS / BASE FORM,Apply,We could — the problem.,solves,solving,solve,solved,C | solve,Medium,1,ULTRA,1
q_10_q1a_master_0208,1,ENGLISH_B | Q1(a) CORRECT FORM OF VERB | BISE BOARD MASTER 600 | MODALS / BASE FORM,Apply,You had better — now.,leave,left,leaves,leaving,A | leave,Medium,1,PRO,1
q_10_q1a_master_0209,1,ENGLISH_B | Q1(a) CORRECT FORM OF VERB | BISE BOARD MASTER 600 | MODALS / BASE FORM,Apply,She would rather — at home.,stays,staying,stay,stayed,C | stay,Hard,1,PRO,1
q_10_q1a_master_0210,1,ENGLISH_B | Q1(a) CORRECT FORM OF VERB | BISE BOARD MASTER 600 | MODALS / BASE FORM,Apply,Let him — the work.,do,did,does,doing,A | do,Hard,1,PRO,1
q_10_q1a_master_0211,1,ENGLISH_B | Q1(a) CORRECT FORM OF VERB | BISE BOARD MASTER 600 | MODALS / BASE FORM,Apply,My father must ____ the city [1].,delivered,delivers,delivering,deliver,D | deliver,Medium,1,ULTRA,1
q_10_q1a_master_0212,1,ENGLISH_B | Q1(a) CORRECT FORM OF VERB | BISE BOARD MASTER 600 | MODALS / BASE FORM,Apply,The girl must ____ a letter [2].,learn,learned,learns,learning,A | learn,Medium,1,ULTRA,1
q_10_q1a_master_0213,1,ENGLISH_B | Q1(a) CORRECT FORM OF VERB | BISE BOARD MASTER 600 | MODALS / BASE FORM,Apply,The boy must ____ dinner [3].,visiting,visit,visited,visits,B | visit,Medium,1,ULTRA,1
q_10_q1a_master_0214,1,ENGLISH_B | Q1(a) CORRECT FORM OF VERB | BISE BOARD MASTER 600 | MODALS / BASE FORM,Apply,The captain must ____ a movie [4].,carries,carrying,carry,carried,C | carry,Medium,1,ULTRA,1
q_10_q1a_master_0215,1,ENGLISH_B | Q1(a) CORRECT FORM OF VERB | BISE BOARD MASTER 600 | MODALS / BASE FORM,Apply,The manager must ____ the city [5].,watched,watches,watching,watch,D | watch,Medium,1,ULTRA,1
q_10_q1a_master_0216,1,ENGLISH_B | Q1(a) CORRECT FORM OF VERB | BISE BOARD MASTER 600 | MODALS / BASE FORM,Apply,The driver must ____ a letter [6].,study,studied,studies,studying,A | study,Medium,1,ULTRA,1
q_10_q1a_master_0217,1,ENGLISH_B | Q1(a) CORRECT FORM OF VERB | BISE BOARD MASTER 600 | MODALS / BASE FORM,Apply,The child must ____ dinner [7].,washing,wash,washed,washes,B | wash,Medium,1,ULTRA,1
q_10_q1a_master_0218,1,ENGLISH_B | Q1(a) CORRECT FORM OF VERB | BISE BOARD MASTER 600 | MODALS / BASE FORM,Apply,The farmer must ____ a movie [8].,closes,closing,close,closed,C | close,Medium,1,ULTRA,1
q_10_q1a_master_0219,1,ENGLISH_B | Q1(a) CORRECT FORM OF VERB | BISE BOARD MASTER 600 | MODALS / BASE FORM,Apply,The student must ____ the city [9].,worked,works,working,work,D | work,Medium,1,ULTRA,1
q_10_q1a_master_0220,1,ENGLISH_B | Q1(a) CORRECT FORM OF VERB | BISE BOARD MASTER 600 | MODALS / BASE FORM,Apply,My sister must ____ a letter [10].,cook,cooked,cooks,cooking,A | cook,Medium,1,ULTRA,1
q_10_q1a_master_0221,1,ENGLISH_B | Q1(a) CORRECT FORM OF VERB | BISE BOARD MASTER 600 | MODALS / BASE FORM,Apply,My brother must ____ dinner [11].,opening,open,opened,opens,B | open,Medium,1,ULTRA,1
q_10_q1a_master_0222,1,ENGLISH_B | Q1(a) CORRECT FORM OF VERB | BISE BOARD MASTER 600 | MODALS / BASE FORM,Apply,The doctor must ____ a movie [12].,plays,playing,play,played,C | play,Medium,1,ULTRA,1
q_10_q1a_master_0223,1,ENGLISH_B | Q1(a) CORRECT FORM OF VERB | BISE BOARD MASTER 600 | MODALS / BASE FORM,Apply,The teacher must ____ the city [13].,planted,plants,planting,plant,D | plant,Medium,1,ULTRA,1
q_10_q1a_master_0224,1,ENGLISH_B | Q1(a) CORRECT FORM OF VERB | BISE BOARD MASTER 600 | MODALS / BASE FORM,Apply,Bilal must ____ a letter [14].,finish,finished,finishes,finishing,A | finish,Medium,1,ULTRA,1
q_10_q1a_master_0225,1,ENGLISH_B | Q1(a) CORRECT FORM OF VERB | BISE BOARD MASTER 600 | MODALS / BASE FORM,Apply,Hamza must ____ a movie [16].,repairs,repairing,repair,repaired,C | repair,Medium,1,ULTRA,1
q_10_q1a_master_0226,1,ENGLISH_B | Q1(a) CORRECT FORM OF VERB | BISE BOARD MASTER 600 | MODALS / BASE FORM,Apply,Sara must ____ the city [17].,cleaned,cleans,cleaning,clean,D | clean,Medium,1,ULTRA,1
q_10_q1a_master_0227,1,ENGLISH_B | Q1(a) CORRECT FORM OF VERB | BISE BOARD MASTER 600 | MODALS / BASE FORM,Apply,Ali must ____ a letter [18].,write,wrote,writes,writing,A | write,Medium,1,ULTRA,1
q_10_q1a_master_0228,1,ENGLISH_B | Q1(a) CORRECT FORM OF VERB | BISE BOARD MASTER 600 | MODALS / BASE FORM,Apply,The officer must ____ dinner [19].,preparing,prepare,prepared,prepares,B | prepare,Medium,1,ULTRA,1
q_10_q1a_master_0229,1,ENGLISH_B | Q1(a) CORRECT FORM OF VERB | BISE BOARD MASTER 600 | MODALS / BASE FORM,Apply,My mother must ____ a movie [20].,helps,helping,help,helped,C | help,Medium,1,ULTRA,1
q_10_q1a_master_0230,1,ENGLISH_B | Q1(a) CORRECT FORM OF VERB | BISE BOARD MASTER 600 | MODALS / BASE FORM,Apply,My father must ____ the city [21].,delivered,delivers,delivering,deliver,D | deliver,Medium,1,ULTRA,1
sep_10_q1a_master_0017,1,ENGLISH_B | Q1(a) CORRECT FORM OF VERB | BISE BOARD MASTER 600 | MODEL PAPER DIRECT,Topic,,,,,,,,,,1
q_10_q1a_master_0231,1,ENGLISH_B | Q1(a) CORRECT FORM OF VERB | BISE BOARD MASTER 600 | MODEL PAPER DIRECT,Apply,It ____ at present.,rain,rained,is raining,has rained,C | is raining,Medium,1,ELITE,1
q_10_q1a_master_0232,1,ENGLISH_B | Q1(a) CORRECT FORM OF VERB | BISE BOARD MASTER 600 | MODEL PAPER DIRECT,Apply,She ____ the piano since 2 o'clock.,plays,is playing,has been playing,played,C | has been playing,Medium,1,ELITE,1
q_10_q1a_master_0233,1,ENGLISH_B | Q1(a) CORRECT FORM OF VERB | BISE BOARD MASTER 600 | MODEL PAPER DIRECT,Apply,How long ago did you ____ here?,come,came,have come,had come,A | come,Medium,1,ELITE,1
q_10_q1a_master_0234,1,ENGLISH_B | Q1(a) CORRECT FORM OF VERB | BISE BOARD MASTER 600 | MODEL PAPER DIRECT,Apply,He ____ here since 1970.,is coming,was coming,has been coming,have been coming,C | has been coming,Medium,1,ELITE,1
q_10_q1a_master_0235,1,ENGLISH_B | Q1(a) CORRECT FORM OF VERB | BISE BOARD MASTER 600 | MODEL PAPER DIRECT,Apply,I hope it ____ raining by the evening.,stops,stopped,has stopped,will have stopped,D | will have stopped,Medium,1,ELITE,1
sep_10_q1a_master_0018,1,ENGLISH_B | Q1(a) CORRECT FORM OF VERB | BISE BOARD MASTER 600 | PAST CONTINUOUS,Topic,,,,,,,,,,1
q_10_q1a_master_0236,1,ENGLISH_B | Q1(a) CORRECT FORM OF VERB | BISE BOARD MASTER 600 | PAST CONTINUOUS,Apply,I — when you called.,have slept,am sleeping,was sleeping,slept,C | was sleeping,Easy,1,ULTRA,1
q_10_q1a_master_0237,1,ENGLISH_B | Q1(a) CORRECT FORM OF VERB | BISE BOARD MASTER 600 | PAST CONTINUOUS,Apply,They — football at five.,were playing,played,have played,are playing,A | were playing,Easy,1,ULTRA,1
q_10_q1a_master_0238,1,ENGLISH_B | Q1(a) CORRECT FORM OF VERB | BISE BOARD MASTER 600 | PAST CONTINUOUS,Apply,She — dinner when I arrived.,has cooked,is cooking,was cooking,cooked,C | was cooking,Easy,1,ULTRA,1
q_10_q1a_master_0239,1,ENGLISH_B | Q1(a) CORRECT FORM OF VERB | BISE BOARD MASTER 600 | PAST CONTINUOUS,Apply,We — home when it began to rain.,were walking,walked,have walked,are walking,A | were walking,Medium,1,ULTRA,1
q_10_q1a_master_0240,1,ENGLISH_B | Q1(a) CORRECT FORM OF VERB | BISE BOARD MASTER 600 | PAST CONTINUOUS,Apply,The children — in the garden.,have played,are playing,were playing,played,C | were playing,Medium,1,ULTRA,1
q_10_q1a_master_0241,1,ENGLISH_B | Q1(a) CORRECT FORM OF VERB | BISE BOARD MASTER 600 | PAST CONTINUOUS,Apply,He — a book at that time.,was reading,read,has read,is reading,A | was reading,Medium,1,ULTRA,1
q_10_q1a_master_0242,1,ENGLISH_B | Q1(a) CORRECT FORM OF VERB | BISE BOARD MASTER 600 | PAST CONTINUOUS,Apply,The workers — the road yesterday afternoon.,have repaired,are repairing,were repairing,repaired,C | were repairing,Medium,1,ULTRA,1
q_10_q1a_master_0243,1,ENGLISH_B | Q1(a) CORRECT FORM OF VERB | BISE BOARD MASTER 600 | PAST CONTINUOUS,Apply,I — tea when the guest came.,was making,made,have made,am making,A | was making,Medium,1,PRO,1
q_10_q1a_master_0244,1,ENGLISH_B | Q1(a) CORRECT FORM OF VERB | BISE BOARD MASTER 600 | PAST CONTINUOUS,Apply,They — for us at the gate.,have waited,are waiting,were waiting,waited,C | were waiting,Hard,1,PRO,1
q_10_q1a_master_0245,1,ENGLISH_B | Q1(a) CORRECT FORM OF VERB | BISE BOARD MASTER 600 | PAST CONTINUOUS,Apply,The dog — loudly all night.,was barking,barked,has barked,is barking,A | was barking,Hard,1,PRO,1
q_10_q1a_master_0246,1,ENGLISH_B | Q1(a) CORRECT FORM OF VERB | BISE BOARD MASTER 600 | PAST CONTINUOUS,Apply,The teacher ____ the city when I arrived [1].,planted,has planted,is planting,was planting,D | was planting,Medium,1,ULTRA,1
q_10_q1a_master_0247,1,ENGLISH_B | Q1(a) CORRECT FORM OF VERB | BISE BOARD MASTER 600 | PAST CONTINUOUS,Apply,Bilal ____ a letter when I arrived [2].,was finishing,finished,has finished,is finishing,A | was finishing,Medium,1,ULTRA,1
q_10_q1a_master_0248,1,ENGLISH_B | Q1(a) CORRECT FORM OF VERB | BISE BOARD MASTER 600 | PAST CONTINUOUS,Apply,Ayesha ____ dinner when I arrived [3].,is reading,was reading,read,has read,B | was reading,Medium,1,ULTRA,1
q_10_q1a_master_0249,1,ENGLISH_B | Q1(a) CORRECT FORM OF VERB | BISE BOARD MASTER 600 | PAST CONTINUOUS,Apply,Hamza ____ a movie when I arrived [4].,has repaired,is repairing,was repairing,repaired,C | was repairing,Medium,1,ULTRA,1
q_10_q1a_master_0250,1,ENGLISH_B | Q1(a) CORRECT FORM OF VERB | BISE BOARD MASTER 600 | PAST CONTINUOUS,Apply,Sara ____ the city when I arrived [5].,cleaned,has cleaned,is cleaning,was cleaning,D | was cleaning,Medium,1,ULTRA,1
q_10_q1a_master_0251,1,ENGLISH_B | Q1(a) CORRECT FORM OF VERB | BISE BOARD MASTER 600 | PAST CONTINUOUS,Apply,Ali ____ a letter when I arrived [6].,was writing,wrote,has written,is writing,A | was writing,Medium,1,ULTRA,1
q_10_q1a_master_0252,1,ENGLISH_B | Q1(a) CORRECT FORM OF VERB | BISE BOARD MASTER 600 | PAST CONTINUOUS,Apply,The officer ____ dinner when I arrived [7].,is preparing,was preparing,prepared,has prepared,B | was preparing,Medium,1,ULTRA,1
q_10_q1a_master_0253,1,ENGLISH_B | Q1(a) CORRECT FORM OF VERB | BISE BOARD MASTER 600 | PAST CONTINUOUS,Apply,My mother ____ a movie when I arrived [8].,has helped,is helping,was helping,helped,C | was helping,Medium,1,ULTRA,1
q_10_q1a_master_0254,1,ENGLISH_B | Q1(a) CORRECT FORM OF VERB | BISE BOARD MASTER 600 | PAST CONTINUOUS,Apply,My father ____ the city when I arrived [9].,delivered,has delivered,is delivering,was delivering,D | was delivering,Medium,1,ULTRA,1
q_10_q1a_master_0255,1,ENGLISH_B | Q1(a) CORRECT FORM OF VERB | BISE BOARD MASTER 600 | PAST CONTINUOUS,Apply,The girl ____ a letter when I arrived [10].,was learning,learned,has learned,is learning,A | was learning,Medium,1,ULTRA,1
q_10_q1a_master_0256,1,ENGLISH_B | Q1(a) CORRECT FORM OF VERB | BISE BOARD MASTER 600 | PAST CONTINUOUS,Apply,The boy ____ dinner when I arrived [11].,is visiting,was visiting,visited,has visited,B | was visiting,Medium,1,ULTRA,1
q_10_q1a_master_0257,1,ENGLISH_B | Q1(a) CORRECT FORM OF VERB | BISE BOARD MASTER 600 | PAST CONTINUOUS,Apply,The captain ____ a movie when I arrived [12].,has carried,is carrying,was carrying,carried,C | was carrying,Medium,1,ULTRA,1
q_10_q1a_master_0258,1,ENGLISH_B | Q1(a) CORRECT FORM OF VERB | BISE BOARD MASTER 600 | PAST CONTINUOUS,Apply,The manager ____ the city when I arrived [13].,watched,has watched,is watching,was watching,D | was watching,Medium,1,ULTRA,1
q_10_q1a_master_0259,1,ENGLISH_B | Q1(a) CORRECT FORM OF VERB | BISE BOARD MASTER 600 | PAST CONTINUOUS,Apply,The driver ____ a letter when I arrived [14].,was studying,studied,has studied,is studying,A | was studying,Medium,1,ULTRA,1
q_10_q1a_master_0260,1,ENGLISH_B | Q1(a) CORRECT FORM OF VERB | BISE BOARD MASTER 600 | PAST CONTINUOUS,Apply,The child ____ dinner when I arrived [15].,is washing,was washing,washed,has washed,B | was washing,Medium,1,ULTRA,1
q_10_q1a_master_0261,1,ENGLISH_B | Q1(a) CORRECT FORM OF VERB | BISE BOARD MASTER 600 | PAST CONTINUOUS,Apply,The farmer ____ a movie when I arrived [16].,has closed,is closing,was closing,closed,C | was closing,Medium,1,ULTRA,1
q_10_q1a_master_0262,1,ENGLISH_B | Q1(a) CORRECT FORM OF VERB | BISE BOARD MASTER 600 | PAST CONTINUOUS,Apply,The student ____ the city when I arrived [17].,worked,has worked,is working,was working,D | was working,Medium,1,ULTRA,1
q_10_q1a_master_0263,1,ENGLISH_B | Q1(a) CORRECT FORM OF VERB | BISE BOARD MASTER 600 | PAST CONTINUOUS,Apply,My sister ____ a letter when I arrived [18].,was cooking,cooked,has cooked,is cooking,A | was cooking,Medium,1,ULTRA,1
q_10_q1a_master_0264,1,ENGLISH_B | Q1(a) CORRECT FORM OF VERB | BISE BOARD MASTER 600 | PAST CONTINUOUS,Apply,My brother ____ dinner when I arrived [19].,is opening,was opening,opened,has opened,B | was opening,Medium,1,ULTRA,1
q_10_q1a_master_0265,1,ENGLISH_B | Q1(a) CORRECT FORM OF VERB | BISE BOARD MASTER 600 | PAST CONTINUOUS,Apply,The doctor ____ a movie when I arrived [20].,has played,is playing,was playing,played,C | was playing,Medium,1,ULTRA,1
q_10_q1a_master_0266,1,ENGLISH_B | Q1(a) CORRECT FORM OF VERB | BISE BOARD MASTER 600 | PAST CONTINUOUS,Apply,The teacher ____ the city when I arrived [21].,planted,has planted,is planting,was planting,D | was planting,Medium,1,ULTRA,1
q_10_q1a_master_0267,1,ENGLISH_B | Q1(a) CORRECT FORM OF VERB | BISE BOARD MASTER 600 | PAST CONTINUOUS,Apply,Bilal ____ a letter when I arrived [22].,was finishing,finished,has finished,is finishing,A | was finishing,Medium,1,ULTRA,1
sep_10_q1a_master_0019,1,ENGLISH_B | Q1(a) CORRECT FORM OF VERB | BISE BOARD MASTER 600 | PAST INDEFINITE,Topic,,,,,,,,,,1
q_10_q1a_master_0268,1,ENGLISH_B | Q1(a) CORRECT FORM OF VERB | BISE BOARD MASTER 600 | PAST INDEFINITE,Apply,He — Lahore yesterday.,visited,visits,has visited,will visit,A | visited,Easy,1,ELITE,1
q_10_q1a_master_0269,1,ENGLISH_B | Q1(a) CORRECT FORM OF VERB | BISE BOARD MASTER 600 | PAST INDEFINITE,Apply,We — the match last Sunday.,have won,are winning,won,win,C | won,Easy,1,ELITE,1
q_10_q1a_master_0270,1,ENGLISH_B | Q1(a) CORRECT FORM OF VERB | BISE BOARD MASTER 600 | PAST INDEFINITE,Apply,She — me an hour ago.,called,calls,has called,will call,A | called,Easy,1,ELITE,1
q_10_q1a_master_0271,1,ENGLISH_B | Q1(a) CORRECT FORM OF VERB | BISE BOARD MASTER 600 | PAST INDEFINITE,Apply,They — home late last night.,have returned,are returning,returned,return,C | returned,Medium,1,ELITE,1
q_10_q1a_master_0272,1,ENGLISH_B | Q1(a) CORRECT FORM OF VERB | BISE BOARD MASTER 600 | PAST INDEFINITE,Apply,I — him at the station.,met,meet,have met,will meet,A | met,Medium,1,ULTRA,1
q_10_q1a_master_0273,1,ENGLISH_B | Q1(a) CORRECT FORM OF VERB | BISE BOARD MASTER 600 | PAST INDEFINITE,Apply,The bell — at nine.,has rung,is ringing,rang,rings,C | rang,Medium,1,ULTRA,1
q_10_q1a_master_0274,1,ENGLISH_B | Q1(a) CORRECT FORM OF VERB | BISE BOARD MASTER 600 | PAST INDEFINITE,Apply,Ali — the door quietly.,opened,opens,has opened,is opening,A | opened,Medium,1,ULTRA,1
q_10_q1a_master_0275,1,ENGLISH_B | Q1(a) CORRECT FORM OF VERB | BISE BOARD MASTER 600 | PAST INDEFINITE,Apply,She — a new dress last week.,has bought,will buy,bought,buys,C | bought,Medium,1,PRO,1
q_10_q1a_master_0276,1,ENGLISH_B | Q1(a) CORRECT FORM OF VERB | BISE BOARD MASTER 600 | PAST INDEFINITE,Apply,The storm — many trees.,damaged,damages,has damaged,is damaging,A | damaged,Hard,1,PRO,1
q_10_q1a_master_0277,1,ENGLISH_B | Q1(a) CORRECT FORM OF VERB | BISE BOARD MASTER 600 | PAST INDEFINITE,Apply,We — the museum in June.,have visited,are visiting,visited,visit,C | visited,Hard,1,PRO,1
q_10_q1a_master_0278,1,ENGLISH_B | Q1(a) CORRECT FORM OF VERB | BISE BOARD MASTER 600 | PAST INDEFINITE,Apply,Bilal ____ a letter last week [1].,finished,finish,finishes,has finished,A | finished,Easy,1,ELITE,1
q_10_q1a_master_0279,1,ENGLISH_B | Q1(a) CORRECT FORM OF VERB | BISE BOARD MASTER 600 | PAST INDEFINITE,Apply,Hamza ____ a movie an hour ago [3].,repairs,has repaired,repaired,repair,C | repaired,Easy,1,ELITE,1
q_10_q1a_master_0280,1,ENGLISH_B | Q1(a) CORRECT FORM OF VERB | BISE BOARD MASTER 600 | PAST INDEFINITE,Apply,Sara ____ the city two days ago [4].,clean,cleans,has cleaned,cleaned,D | cleaned,Easy,1,ELITE,1
q_10_q1a_master_0281,1,ENGLISH_B | Q1(a) CORRECT FORM OF VERB | BISE BOARD MASTER 600 | PAST INDEFINITE,Apply,Ali ____ a letter yesterday [5].,wrote,write,writes,has written,A | wrote,Easy,1,ELITE,1
q_10_q1a_master_0282,1,ENGLISH_B | Q1(a) CORRECT FORM OF VERB | BISE BOARD MASTER 600 | PAST INDEFINITE,Apply,The officer ____ dinner last night [6].,has prepared,prepared,prepare,prepares,B | prepared,Easy,1,ELITE,1
q_10_q1a_master_0283,1,ENGLISH_B | Q1(a) CORRECT FORM OF VERB | BISE BOARD MASTER 600 | PAST INDEFINITE,Apply,My mother ____ a movie last month [7].,helps,has helped,helped,help,C | helped,Easy,1,ELITE,1
q_10_q1a_master_0284,1,ENGLISH_B | Q1(a) CORRECT FORM OF VERB | BISE BOARD MASTER 600 | PAST INDEFINITE,Apply,My father ____ the city last Sunday [8].,deliver,delivers,has delivered,delivered,D | delivered,Easy,1,ELITE,1
q_10_q1a_master_0285,1,ENGLISH_B | Q1(a) CORRECT FORM OF VERB | BISE BOARD MASTER 600 | PAST INDEFINITE,Apply,The girl ____ a letter last week [9].,learned,learn,learns,has learned,A | learned,Easy,1,ELITE,1
q_10_q1a_master_0286,1,ENGLISH_B | Q1(a) CORRECT FORM OF VERB | BISE BOARD MASTER 600 | PAST INDEFINITE,Apply,The boy ____ dinner last year [10].,has visited,visited,visit,visits,B | visited,Easy,1,ELITE,1
q_10_q1a_master_0287,1,ENGLISH_B | Q1(a) CORRECT FORM OF VERB | BISE BOARD MASTER 600 | PAST INDEFINITE,Apply,The captain ____ a movie an hour ago [11].,carries,has carried,carried,carry,C | carried,Easy,1,ELITE,1
q_10_q1a_master_0288,1,ENGLISH_B | Q1(a) CORRECT FORM OF VERB | BISE BOARD MASTER 600 | PAST INDEFINITE,Apply,The manager ____ the city two days ago [12].,watch,watches,has watched,watched,D | watched,Easy,1,ELITE,1
q_10_q1a_master_0289,1,ENGLISH_B | Q1(a) CORRECT FORM OF VERB | BISE BOARD MASTER 600 | PAST INDEFINITE,Apply,The driver ____ a letter yesterday [13].,studied,study,studies,has studied,A | studied,Easy,1,ELITE,1
q_10_q1a_master_0290,1,ENGLISH_B | Q1(a) CORRECT FORM OF VERB | BISE BOARD MASTER 600 | PAST INDEFINITE,Apply,The child ____ dinner last night [14].,has washed,washed,wash,washes,B | washed,Easy,1,ELITE,1
q_10_q1a_master_0291,1,ENGLISH_B | Q1(a) CORRECT FORM OF VERB | BISE BOARD MASTER 600 | PAST INDEFINITE,Apply,The farmer ____ a movie last month [15].,closes,has closed,closed,close,C | closed,Easy,1,ELITE,1
q_10_q1a_master_0292,1,ENGLISH_B | Q1(a) CORRECT FORM OF VERB | BISE BOARD MASTER 600 | PAST INDEFINITE,Apply,The student ____ the city last Sunday [16].,work,works,has worked,worked,D | worked,Easy,1,ELITE,1
q_10_q1a_master_0293,1,ENGLISH_B | Q1(a) CORRECT FORM OF VERB | BISE BOARD MASTER 600 | PAST INDEFINITE,Apply,My sister ____ a letter last week [17].,cooked,cook,cooks,has cooked,A | cooked,Easy,1,ELITE,1
q_10_q1a_master_0294,1,ENGLISH_B | Q1(a) CORRECT FORM OF VERB | BISE BOARD MASTER 600 | PAST INDEFINITE,Apply,My brother ____ dinner last year [18].,has opened,opened,open,opens,B | opened,Easy,1,ELITE,1
q_10_q1a_master_0295,1,ENGLISH_B | Q1(a) CORRECT FORM OF VERB | BISE BOARD MASTER 600 | PAST INDEFINITE,Apply,The doctor ____ a movie an hour ago [19].,plays,has played,played,play,C | played,Easy,1,ELITE,1
q_10_q1a_master_0296,1,ENGLISH_B | Q1(a) CORRECT FORM OF VERB | BISE BOARD MASTER 600 | PAST INDEFINITE,Apply,The teacher ____ the city two days ago [20].,plant,plants,has planted,planted,D | planted,Easy,1,ELITE,1
q_10_q1a_master_0297,1,ENGLISH_B | Q1(a) CORRECT FORM OF VERB | BISE BOARD MASTER 600 | PAST INDEFINITE,Apply,Bilal ____ a letter yesterday [21].,finished,finish,finishes,has finished,A | finished,Easy,1,ELITE,1
sep_10_q1a_master_0020,1,ENGLISH_B | Q1(a) CORRECT FORM OF VERB | BISE BOARD MASTER 600 | PAST PERFECT,Topic,,,,,,,,,,1
q_10_q1a_master_0298,1,ENGLISH_B | Q1(a) CORRECT FORM OF VERB | BISE BOARD MASTER 600 | PAST PERFECT,Apply,The train — before we reached.,had left,left,has left,was leaving,A | had left,Easy,1,ULTRA,1
q_10_q1a_master_0299,1,ENGLISH_B | Q1(a) CORRECT FORM OF VERB | BISE BOARD MASTER 600 | PAST PERFECT,Apply,She — the work before sunset.,has finished,was finishing,had finished,finished,C | had finished,Easy,1,ULTRA,1
q_10_q1a_master_0300,1,ENGLISH_B | Q1(a) CORRECT FORM OF VERB | BISE BOARD MASTER 600 | PAST PERFECT,Apply,They — dinner before I arrived.,had eaten,ate,have eaten,were eating,A | had eaten,Easy,1,ULTRA,1
q_10_q1a_master_0301,1,ENGLISH_B | Q1(a) CORRECT FORM OF VERB | BISE BOARD MASTER 600 | PAST PERFECT,Apply,I — him before that day.,have met,was meeting,had met,met,C | had met,Medium,1,ULTRA,1
q_10_q1a_master_0302,1,ENGLISH_B | Q1(a) CORRECT FORM OF VERB | BISE BOARD MASTER 600 | PAST PERFECT,Apply,The patient — before the doctor came.,had died,died,has died,was dying,A | had died,Medium,1,ULTRA,1
q_10_q1a_master_0303,1,ENGLISH_B | Q1(a) CORRECT FORM OF VERB | BISE BOARD MASTER 600 | PAST PERFECT,Apply,We — the room before guests arrived.,have cleaned,were cleaning,had cleaned,cleaned,C | had cleaned,Medium,1,ULTRA,1
q_10_q1a_master_0304,1,ENGLISH_B | Q1(a) CORRECT FORM OF VERB | BISE BOARD MASTER 600 | PAST PERFECT,Apply,Ali — the letter before noon.,had posted,posted,has posted,was posting,A | had posted,Medium,1,ULTRA,1
q_10_q1a_master_0305,1,ENGLISH_B | Q1(a) CORRECT FORM OF VERB | BISE BOARD MASTER 600 | PAST PERFECT,Apply,The match — before rain started.,has ended,was ending,had ended,ended,C | had ended,Medium,1,PRO,1
q_10_q1a_master_0306,1,ENGLISH_B | Q1(a) CORRECT FORM OF VERB | BISE BOARD MASTER 600 | PAST PERFECT,Apply,She — the book before the test.,had read,read,has read,was reading,A | had read,Hard,1,PRO,1
q_10_q1a_master_0307,1,ENGLISH_B | Q1(a) CORRECT FORM OF VERB | BISE BOARD MASTER 600 | PAST PERFECT,Apply,They — home before dark.,have reached,were reaching,had reached,reached,C | had reached,Hard,1,PRO,1
q_10_q1a_master_0308,1,ENGLISH_B | Q1(a) CORRECT FORM OF VERB | BISE BOARD MASTER 600 | PAST PERFECT,Apply,The doctor ____ a movie before sunset [1].,has played,was playing,had played,played,C | had played,Medium,1,ULTRA,1
q_10_q1a_master_0309,1,ENGLISH_B | Q1(a) CORRECT FORM OF VERB | BISE BOARD MASTER 600 | PAST PERFECT,Apply,The teacher ____ the city before sunset [2].,planted,has planted,was planting,had planted,D | had planted,Medium,1,ULTRA,1
q_10_q1a_master_0310,1,ENGLISH_B | Q1(a) CORRECT FORM OF VERB | BISE BOARD MASTER 600 | PAST PERFECT,Apply,Bilal ____ a letter before sunset [3].,had finished,finished,has finished,was finishing,A | had finished,Medium,1,ULTRA,1
q_10_q1a_master_0311,1,ENGLISH_B | Q1(a) CORRECT FORM OF VERB | BISE BOARD MASTER 600 | PAST PERFECT,Apply,Ayesha ____ dinner before sunset [4].,was reading,had read,read,has read,B | had read,Medium,1,ULTRA,1
q_10_q1a_master_0312,1,ENGLISH_B | Q1(a) CORRECT FORM OF VERB | BISE BOARD MASTER 600 | PAST PERFECT,Apply,Hamza ____ a movie before sunset [5].,has repaired,was repairing,had repaired,repaired,C | had repaired,Medium,1,ULTRA,1
q_10_q1a_master_0313,1,ENGLISH_B | Q1(a) CORRECT FORM OF VERB | BISE BOARD MASTER 600 | PAST PERFECT,Apply,Sara ____ the city before sunset [6].,cleaned,has cleaned,was cleaning,had cleaned,D | had cleaned,Medium,1,ULTRA,1
q_10_q1a_master_0314,1,ENGLISH_B | Q1(a) CORRECT FORM OF VERB | BISE BOARD MASTER 600 | PAST PERFECT,Apply,Ali ____ a letter before sunset [7].,had written,wrote,has written,was writing,A | had written,Medium,1,ULTRA,1
q_10_q1a_master_0315,1,ENGLISH_B | Q1(a) CORRECT FORM OF VERB | BISE BOARD MASTER 600 | PAST PERFECT,Apply,The officer ____ dinner before sunset [8].,was preparing,had prepared,prepared,has prepared,B | had prepared,Medium,1,ULTRA,1
q_10_q1a_master_0316,1,ENGLISH_B | Q1(a) CORRECT FORM OF VERB | BISE BOARD MASTER 600 | PAST PERFECT,Apply,My mother ____ a movie before sunset [9].,has helped,was helping,had helped,helped,C | had helped,Medium,1,ULTRA,1
q_10_q1a_master_0317,1,ENGLISH_B | Q1(a) CORRECT FORM OF VERB | BISE BOARD MASTER 600 | PAST PERFECT,Apply,My father ____ the city before sunset [10].,delivered,has delivered,was delivering,had delivered,D | had delivered,Medium,1,ULTRA,1
q_10_q1a_master_0318,1,ENGLISH_B | Q1(a) CORRECT FORM OF VERB | BISE BOARD MASTER 600 | PAST PERFECT,Apply,The girl ____ a letter before sunset [11].,had learned,learned,has learned,was learning,A | had learned,Medium,1,ULTRA,1
q_10_q1a_master_0319,1,ENGLISH_B | Q1(a) CORRECT FORM OF VERB | BISE BOARD MASTER 600 | PAST PERFECT,Apply,The boy ____ dinner before sunset [12].,was visiting,had visited,visited,has visited,B | had visited,Medium,1,ULTRA,1
q_10_q1a_master_0320,1,ENGLISH_B | Q1(a) CORRECT FORM OF VERB | BISE BOARD MASTER 600 | PAST PERFECT,Apply,The captain ____ a movie before sunset [13].,has carried,was carrying,had carried,carried,C | had carried,Medium,1,ULTRA,1
q_10_q1a_master_0321,1,ENGLISH_B | Q1(a) CORRECT FORM OF VERB | BISE BOARD MASTER 600 | PAST PERFECT,Apply,The manager ____ the city before sunset [14].,watched,has watched,was watching,had watched,D | had watched,Medium,1,ULTRA,1
q_10_q1a_master_0322,1,ENGLISH_B | Q1(a) CORRECT FORM OF VERB | BISE BOARD MASTER 600 | PAST PERFECT,Apply,The driver ____ a letter before sunset [15].,had studied,studied,has studied,was studying,A | had studied,Medium,1,ULTRA,1
q_10_q1a_master_0323,1,ENGLISH_B | Q1(a) CORRECT FORM OF VERB | BISE BOARD MASTER 600 | PAST PERFECT,Apply,The child ____ dinner before sunset [16].,was washing,had washed,washed,has washed,B | had washed,Medium,1,ULTRA,1
q_10_q1a_master_0324,1,ENGLISH_B | Q1(a) CORRECT FORM OF VERB | BISE BOARD MASTER 600 | PAST PERFECT,Apply,The farmer ____ a movie before sunset [17].,has closed,was closing,had closed,closed,C | had closed,Medium,1,ULTRA,1
q_10_q1a_master_0325,1,ENGLISH_B | Q1(a) CORRECT FORM OF VERB | BISE BOARD MASTER 600 | PAST PERFECT,Apply,The student ____ the city before sunset [18].,worked,has worked,was working,had worked,D | had worked,Medium,1,ULTRA,1
q_10_q1a_master_0326,1,ENGLISH_B | Q1(a) CORRECT FORM OF VERB | BISE BOARD MASTER 600 | PAST PERFECT,Apply,My sister ____ a letter before sunset [19].,had cooked,cooked,has cooked,was cooking,A | had cooked,Medium,1,ULTRA,1
q_10_q1a_master_0327,1,ENGLISH_B | Q1(a) CORRECT FORM OF VERB | BISE BOARD MASTER 600 | PAST PERFECT,Apply,My brother ____ dinner before sunset [20].,was opening,had opened,opened,has opened,B | had opened,Medium,1,ULTRA,1
q_10_q1a_master_0328,1,ENGLISH_B | Q1(a) CORRECT FORM OF VERB | BISE BOARD MASTER 600 | PAST PERFECT,Apply,The doctor ____ a movie before sunset [21].,has played,was playing,had played,played,C | had played,Medium,1,ULTRA,1
sep_10_q1a_master_0021,1,ENGLISH_B | Q1(a) CORRECT FORM OF VERB | BISE BOARD MASTER 600 | PAST PERFECT CONTINUOUS,Topic,,,,,,,,,,1
q_10_q1a_master_0329,1,ENGLISH_B | Q1(a) CORRECT FORM OF VERB | BISE BOARD MASTER 600 | PAST PERFECT CONTINUOUS,Apply,He — for two hours before I came.,studied,has studied,had been studying,was studying,C | had been studying,Easy,1,ULTRA,1
q_10_q1a_master_0330,1,ENGLISH_B | Q1(a) CORRECT FORM OF VERB | BISE BOARD MASTER 600 | PAST PERFECT CONTINUOUS,Apply,They — since morning before rain started.,had been working,were working,worked,have worked,A | had been working,Easy,1,ULTRA,1
q_10_q1a_master_0331,1,ENGLISH_B | Q1(a) CORRECT FORM OF VERB | BISE BOARD MASTER 600 | PAST PERFECT CONTINUOUS,Apply,She — there for years before moving.,lived,has lived,had been living,was living,C | had been living,Easy,1,ULTRA,1
q_10_q1a_master_0332,1,ENGLISH_B | Q1(a) CORRECT FORM OF VERB | BISE BOARD MASTER 600 | PAST PERFECT CONTINUOUS,Apply,We — for an hour before the bus came.,had been waiting,were waiting,waited,have waited,A | had been waiting,Medium,1,ULTRA,1
q_10_q1a_master_0333,1,ENGLISH_B | Q1(a) CORRECT FORM OF VERB | BISE BOARD MASTER 600 | PAST PERFECT CONTINUOUS,Apply,The child — for long before waking.,slept,has slept,had been sleeping,was sleeping,C | had been sleeping,Medium,1,ULTRA,1
q_10_q1a_master_0334,1,ENGLISH_B | Q1(a) CORRECT FORM OF VERB | BISE BOARD MASTER 600 | PAST PERFECT CONTINUOUS,Apply,It — all night before dawn.,had been raining,was raining,rained,has rained,A | had been raining,Medium,1,ULTRA,1
q_10_q1a_master_0335,1,ENGLISH_B | Q1(a) CORRECT FORM OF VERB | BISE BOARD MASTER 600 | PAST PERFECT CONTINUOUS,Apply,He — the car for hours before stopping.,drove,has driven,had been driving,was driving,C | had been driving,Medium,1,ULTRA,1
q_10_q1a_master_0336,1,ENGLISH_B | Q1(a) CORRECT FORM OF VERB | BISE BOARD MASTER 600 | PAST PERFECT CONTINUOUS,Apply,Students — hard before the exam.,had been preparing,were preparing,prepared,have prepared,A | had been preparing,Medium,1,PRO,1
q_10_q1a_master_0337,1,ENGLISH_B | Q1(a) CORRECT FORM OF VERB | BISE BOARD MASTER 600 | PAST PERFECT CONTINUOUS,Apply,The machine — all day before it failed.,ran,has run,had been running,was running,C | had been running,Hard,1,PRO,1
q_10_q1a_master_0338,1,ENGLISH_B | Q1(a) CORRECT FORM OF VERB | BISE BOARD MASTER 600 | PAST PERFECT CONTINUOUS,Apply,She — English for years before college.,had been learning,was learning,learned,has learned,A | had been learning,Hard,1,PRO,1
q_10_q1a_master_0339,1,ENGLISH_B | Q1(a) CORRECT FORM OF VERB | BISE BOARD MASTER 600 | PAST PERFECT CONTINUOUS,Apply,My brother ____ since 2024 before noon [1].,has opened,had been opening,was opening,opened,B | had been opening,Hard,1,PRO,1
q_10_q1a_master_0340,1,ENGLISH_B | Q1(a) CORRECT FORM OF VERB | BISE BOARD MASTER 600 | PAST PERFECT CONTINUOUS,Apply,The doctor ____ for five years before noon [2].,played,has played,had been playing,was playing,C | had been playing,Hard,1,PRO,1
q_10_q1a_master_0341,1,ENGLISH_B | Q1(a) CORRECT FORM OF VERB | BISE BOARD MASTER 600 | PAST PERFECT CONTINUOUS,Apply,The teacher ____ since noon before noon [3].,was planting,planted,has planted,had been planting,D | had been planting,Hard,1,PRO,1
q_10_q1a_master_0342,1,ENGLISH_B | Q1(a) CORRECT FORM OF VERB | BISE BOARD MASTER 600 | PAST PERFECT CONTINUOUS,Apply,Bilal ____ for a week before noon [4].,had been finishing,was finishing,finished,has finished,A | had been finishing,Hard,1,PRO,1
q_10_q1a_master_0343,1,ENGLISH_B | Q1(a) CORRECT FORM OF VERB | BISE BOARD MASTER 600 | PAST PERFECT CONTINUOUS,Apply,Ayesha ____ since Monday before noon [5].,has read,had been reading,was reading,read,B | had been reading,Hard,1,PRO,1
q_10_q1a_master_0344,1,ENGLISH_B | Q1(a) CORRECT FORM OF VERB | BISE BOARD MASTER 600 | PAST PERFECT CONTINUOUS,Apply,Hamza ____ for three days before noon [6].,repaired,has repaired,had been repairing,was repairing,C | had been repairing,Hard,1,PRO,1
q_10_q1a_master_0345,1,ENGLISH_B | Q1(a) CORRECT FORM OF VERB | BISE BOARD MASTER 600 | PAST PERFECT CONTINUOUS,Apply,Sara ____ since morning before noon [7].,was cleaning,cleaned,has cleaned,had been cleaning,D | had been cleaning,Hard,1,PRO,1
q_10_q1a_master_0346,1,ENGLISH_B | Q1(a) CORRECT FORM OF VERB | BISE BOARD MASTER 600 | PAST PERFECT CONTINUOUS,Apply,Ali ____ for two hours before noon [8].,had been writing,was writing,wrote,has written,A | had been writing,Hard,1,PRO,1
q_10_q1a_master_0347,1,ENGLISH_B | Q1(a) CORRECT FORM OF VERB | BISE BOARD MASTER 600 | PAST PERFECT CONTINUOUS,Apply,The officer ____ since dawn before noon [9].,has prepared,had been preparing,was preparing,prepared,B | had been preparing,Hard,1,PRO,1
q_10_q1a_master_0348,1,ENGLISH_B | Q1(a) CORRECT FORM OF VERB | BISE BOARD MASTER 600 | PAST PERFECT CONTINUOUS,Apply,My mother ____ for ten minutes before noon [10].,helped,has helped,had been helping,was helping,C | had been helping,Hard,1,PRO,1
q_10_q1a_master_0349,1,ENGLISH_B | Q1(a) CORRECT FORM OF VERB | BISE BOARD MASTER 600 | PAST PERFECT CONTINUOUS,Apply,My father ____ since 2024 before noon [11].,was delivering,delivered,has delivered,had been delivering,D | had been delivering,Hard,1,PRO,1
q_10_q1a_master_0350,1,ENGLISH_B | Q1(a) CORRECT FORM OF VERB | BISE BOARD MASTER 600 | PAST PERFECT CONTINUOUS,Apply,The girl ____ for five years before noon [12].,had been learning,was learning,learned,has learned,A | had been learning,Hard,1,PRO,1
q_10_q1a_master_0351,1,ENGLISH_B | Q1(a) CORRECT FORM OF VERB | BISE BOARD MASTER 600 | PAST PERFECT CONTINUOUS,Apply,The boy ____ since noon before noon [13].,has visited,had been visiting,was visiting,visited,B | had been visiting,Hard,1,PRO,1
q_10_q1a_master_0352,1,ENGLISH_B | Q1(a) CORRECT FORM OF VERB | BISE BOARD MASTER 600 | PAST PERFECT CONTINUOUS,Apply,The captain ____ for a week before noon [14].,carried,has carried,had been carrying,was carrying,C | had been carrying,Hard,1,PRO,1
q_10_q1a_master_0353,1,ENGLISH_B | Q1(a) CORRECT FORM OF VERB | BISE BOARD MASTER 600 | PAST PERFECT CONTINUOUS,Apply,The manager ____ since Monday before noon [15].,was watching,watched,has watched,had been watching,D | had been watching,Hard,1,PRO,1
q_10_q1a_master_0354,1,ENGLISH_B | Q1(a) CORRECT FORM OF VERB | BISE BOARD MASTER 600 | PAST PERFECT CONTINUOUS,Apply,The driver ____ for three days before noon [16].,had been studying,was studying,studied,has studied,A | had been studying,Hard,1,PRO,1
q_10_q1a_master_0355,1,ENGLISH_B | Q1(a) CORRECT FORM OF VERB | BISE BOARD MASTER 600 | PAST PERFECT CONTINUOUS,Apply,The child ____ since morning before noon [17].,has washed,had been washing,was washing,washed,B | had been washing,Hard,1,PRO,1
q_10_q1a_master_0356,1,ENGLISH_B | Q1(a) CORRECT FORM OF VERB | BISE BOARD MASTER 600 | PAST PERFECT CONTINUOUS,Apply,The farmer ____ for two hours before noon [18].,closed,has closed,had been closing,was closing,C | had been closing,Hard,1,PRO,1
q_10_q1a_master_0357,1,ENGLISH_B | Q1(a) CORRECT FORM OF VERB | BISE BOARD MASTER 600 | PAST PERFECT CONTINUOUS,Apply,The student ____ since dawn before noon [19].,was working,worked,has worked,had been working,D | had been working,Hard,1,PRO,1
q_10_q1a_master_0358,1,ENGLISH_B | Q1(a) CORRECT FORM OF VERB | BISE BOARD MASTER 600 | PAST PERFECT CONTINUOUS,Apply,My sister ____ for ten minutes before noon [20].,had been cooking,was cooking,cooked,has cooked,A | had been cooking,Hard,1,PRO,1
q_10_q1a_master_0359,1,ENGLISH_B | Q1(a) CORRECT FORM OF VERB | BISE BOARD MASTER 600 | PAST PERFECT CONTINUOUS,Apply,My brother ____ since 2024 before noon [21].,has opened,had been opening,was opening,opened,B | had been opening,Hard,1,PRO,1
sep_10_q1a_master_0022,1,ENGLISH_B | Q1(a) CORRECT FORM OF VERB | BISE BOARD MASTER 600 | PRESENT CONTINUOUS,Topic,,,,,,,,,,1
q_10_q1a_master_0360,1,ENGLISH_B | Q1(a) CORRECT FORM OF VERB | BISE BOARD MASTER 600 | PRESENT CONTINUOUS,Apply,The boys — cricket now.,played,have played,are playing,play,C | are playing,Easy,1,ULTRA,1
q_10_q1a_master_0361,1,ENGLISH_B | Q1(a) CORRECT FORM OF VERB | BISE BOARD MASTER 600 | PRESENT CONTINUOUS,Apply,She — a letter at the moment.,is writing,writes,wrote,has written,A | is writing,Easy,1,ULTRA,1
q_10_q1a_master_0362,1,ENGLISH_B | Q1(a) CORRECT FORM OF VERB | BISE BOARD MASTER 600 | PRESENT CONTINUOUS,Apply,I — for the bus right now.,waited,have waited,am waiting,wait,C | am waiting,Easy,1,ULTRA,1
q_10_q1a_master_0363,1,ENGLISH_B | Q1(a) CORRECT FORM OF VERB | BISE BOARD MASTER 600 | PRESENT CONTINUOUS,Apply,They — the room today.,are painting,paint,painted,have painted,A | are painting,Medium,1,ULTRA,1
q_10_q1a_master_0364,1,ENGLISH_B | Q1(a) CORRECT FORM OF VERB | BISE BOARD MASTER 600 | PRESENT CONTINUOUS,Apply,Listen! The baby —.,cried,has cried,is crying,cries,C | is crying,Medium,1,ULTRA,1
q_10_q1a_master_0365,1,ENGLISH_B | Q1(a) CORRECT FORM OF VERB | BISE BOARD MASTER 600 | PRESENT CONTINUOUS,Apply,We — for Lahore tomorrow.,are leaving,leave,left,have left,A | are leaving,Medium,1,ULTRA,1
q_10_q1a_master_0366,1,ENGLISH_B | Q1(a) CORRECT FORM OF VERB | BISE BOARD MASTER 600 | PRESENT CONTINUOUS,Apply,He — his project these days.,worked on,has worked,is working on,works on,C | is working on,Medium,1,ULTRA,1
q_10_q1a_master_0367,1,ENGLISH_B | Q1(a) CORRECT FORM OF VERB | BISE BOARD MASTER 600 | PRESENT CONTINUOUS,Apply,The students — quietly now.,are reading,read,have read,were reading,A | are reading,Medium,1,PRO,1
q_10_q1a_master_0368,1,ENGLISH_B | Q1(a) CORRECT FORM OF VERB | BISE BOARD MASTER 600 | PRESENT CONTINUOUS,Apply,Why — you — at me?,did laugh,have laughed,are laughing,do laugh,C | are laughing,Hard,1,PRO,1
q_10_q1a_master_0369,1,ENGLISH_B | Q1(a) CORRECT FORM OF VERB | BISE BOARD MASTER 600 | PRESENT CONTINUOUS,Apply,It — heavily outside.,is raining,rains,rained,has rained,A | is raining,Hard,1,PRO,1
q_10_q1a_master_0370,1,ENGLISH_B | Q1(a) CORRECT FORM OF VERB | BISE BOARD MASTER 600 | PRESENT CONTINUOUS,Apply,Sara ____ the city now [1].,cleans,cleaned,has cleaned,is cleaning,D | is cleaning,Easy,1,ULTRA,1
q_10_q1a_master_0371,1,ENGLISH_B | Q1(a) CORRECT FORM OF VERB | BISE BOARD MASTER 600 | PRESENT CONTINUOUS,Apply,Ali ____ a letter now [2].,is writing,writes,wrote,has written,A | is writing,Easy,1,ULTRA,1
q_10_q1a_master_0372,1,ENGLISH_B | Q1(a) CORRECT FORM OF VERB | BISE BOARD MASTER 600 | PRESENT CONTINUOUS,Apply,The officer ____ dinner now [3].,has prepared,is preparing,prepares,prepared,B | is preparing,Easy,1,ULTRA,1
q_10_q1a_master_0373,1,ENGLISH_B | Q1(a) CORRECT FORM OF VERB | BISE BOARD MASTER 600 | PRESENT CONTINUOUS,Apply,My mother ____ a movie now [4].,helped,has helped,is helping,helps,C | is helping,Easy,1,ULTRA,1
q_10_q1a_master_0374,1,ENGLISH_B | Q1(a) CORRECT FORM OF VERB | BISE BOARD MASTER 600 | PRESENT CONTINUOUS,Apply,My father ____ the city now [5].,delivers,delivered,has delivered,is delivering,D | is delivering,Easy,1,ULTRA,1
q_10_q1a_master_0375,1,ENGLISH_B | Q1(a) CORRECT FORM OF VERB | BISE BOARD MASTER 600 | PRESENT CONTINUOUS,Apply,The girl ____ a letter now [6].,is learning,learns,learned,has learned,A | is learning,Easy,1,ULTRA,1
q_10_q1a_master_0376,1,ENGLISH_B | Q1(a) CORRECT FORM OF VERB | BISE BOARD MASTER 600 | PRESENT CONTINUOUS,Apply,The boy ____ dinner now [7].,has visited,is visiting,visits,visited,B | is visiting,Easy,1,ULTRA,1
q_10_q1a_master_0377,1,ENGLISH_B | Q1(a) CORRECT FORM OF VERB | BISE BOARD MASTER 600 | PRESENT CONTINUOUS,Apply,The captain ____ a movie now [8].,carried,has carried,is carrying,carries,C | is carrying,Easy,1,ULTRA,1
q_10_q1a_master_0378,1,ENGLISH_B | Q1(a) CORRECT FORM OF VERB | BISE BOARD MASTER 600 | PRESENT CONTINUOUS,Apply,The manager ____ the city now [9].,watches,watched,has watched,is watching,D | is watching,Easy,1,ULTRA,1
q_10_q1a_master_0379,1,ENGLISH_B | Q1(a) CORRECT FORM OF VERB | BISE BOARD MASTER 600 | PRESENT CONTINUOUS,Apply,The driver ____ a letter now [10].,is studying,studies,studied,has studied,A | is studying,Easy,1,ULTRA,1
q_10_q1a_master_0380,1,ENGLISH_B | Q1(a) CORRECT FORM OF VERB | BISE BOARD MASTER 600 | PRESENT CONTINUOUS,Apply,The child ____ dinner now [11].,has washed,is washing,washes,washed,B | is washing,Easy,1,ULTRA,1
q_10_q1a_master_0381,1,ENGLISH_B | Q1(a) CORRECT FORM OF VERB | BISE BOARD MASTER 600 | PRESENT CONTINUOUS,Apply,The farmer ____ a movie now [12].,closed,has closed,is closing,closes,C | is closing,Easy,1,ULTRA,1
q_10_q1a_master_0382,1,ENGLISH_B | Q1(a) CORRECT FORM OF VERB | BISE BOARD MASTER 600 | PRESENT CONTINUOUS,Apply,The student ____ the city now [13].,works,worked,has worked,is working,D | is working,Easy,1,ULTRA,1
q_10_q1a_master_0383,1,ENGLISH_B | Q1(a) CORRECT FORM OF VERB | BISE BOARD MASTER 600 | PRESENT CONTINUOUS,Apply,My sister ____ a letter now [14].,is cooking,cooks,cooked,has cooked,A | is cooking,Easy,1,ULTRA,1
q_10_q1a_master_0384,1,ENGLISH_B | Q1(a) CORRECT FORM OF VERB | BISE BOARD MASTER 600 | PRESENT CONTINUOUS,Apply,My brother ____ dinner now [15].,has opened,is opening,opens,opened,B | is opening,Easy,1,ULTRA,1
q_10_q1a_master_0385,1,ENGLISH_B | Q1(a) CORRECT FORM OF VERB | BISE BOARD MASTER 600 | PRESENT CONTINUOUS,Apply,The doctor ____ a movie now [16].,played,has played,is playing,plays,C | is playing,Easy,1,ULTRA,1
q_10_q1a_master_0386,1,ENGLISH_B | Q1(a) CORRECT FORM OF VERB | BISE BOARD MASTER 600 | PRESENT CONTINUOUS,Apply,The teacher ____ the city now [17].,plants,planted,has planted,is planting,D | is planting,Easy,1,ULTRA,1
q_10_q1a_master_0387,1,ENGLISH_B | Q1(a) CORRECT FORM OF VERB | BISE BOARD MASTER 600 | PRESENT CONTINUOUS,Apply,Bilal ____ a letter now [18].,is finishing,finishes,finished,has finished,A | is finishing,Easy,1,ULTRA,1
q_10_q1a_master_0388,1,ENGLISH_B | Q1(a) CORRECT FORM OF VERB | BISE BOARD MASTER 600 | PRESENT CONTINUOUS,Apply,Ayesha ____ dinner now [19].,has read,is reading,reads,read,B | is reading,Easy,1,ULTRA,1
q_10_q1a_master_0389,1,ENGLISH_B | Q1(a) CORRECT FORM OF VERB | BISE BOARD MASTER 600 | PRESENT CONTINUOUS,Apply,Hamza ____ a movie now [20].,repaired,has repaired,is repairing,repairs,C | is repairing,Easy,1,ULTRA,1
q_10_q1a_master_0390,1,ENGLISH_B | Q1(a) CORRECT FORM OF VERB | BISE BOARD MASTER 600 | PRESENT CONTINUOUS,Apply,Sara ____ the city now [21].,cleans,cleaned,has cleaned,is cleaning,D | is cleaning,Easy,1,ULTRA,1
q_10_q1a_master_0391,1,ENGLISH_B | Q1(a) CORRECT FORM OF VERB | BISE BOARD MASTER 600 | PRESENT CONTINUOUS,Apply,Ali ____ a letter now [22].,is writing,writes,wrote,has written,A | is writing,Easy,1,ULTRA,1
sep_10_q1a_master_0023,1,ENGLISH_B | Q1(a) CORRECT FORM OF VERB | BISE BOARD MASTER 600 | PRESENT INDEFINITE,Topic,,,,,,,,,,1
q_10_q1a_master_0392,1,ENGLISH_B | Q1(a) CORRECT FORM OF VERB | BISE BOARD MASTER 600 | PRESENT INDEFINITE,Apply,He — his homework every evening.,does,do,did,doing,A | does,Easy,1,ELITE,1
q_10_q1a_master_0393,1,ENGLISH_B | Q1(a) CORRECT FORM OF VERB | BISE BOARD MASTER 600 | PRESENT INDEFINITE,Apply,Birds — in the sky.,flew,flying,fly,flies,C | fly,Easy,1,ELITE,1
q_10_q1a_master_0394,1,ENGLISH_B | Q1(a) CORRECT FORM OF VERB | BISE BOARD MASTER 600 | PRESENT INDEFINITE,Apply,My father — to the office by bus.,goes,go,went,going,A | goes,Easy,1,ELITE,1
q_10_q1a_master_0395,1,ENGLISH_B | Q1(a) CORRECT FORM OF VERB | BISE BOARD MASTER 600 | PRESENT INDEFINITE,Apply,We usually — tea after breakfast.,drank,drinking,drink,drinks,C | drink,Medium,1,ELITE,1
q_10_q1a_master_0396,1,ENGLISH_B | Q1(a) CORRECT FORM OF VERB | BISE BOARD MASTER 600 | PRESENT INDEFINITE,Apply,The train — at six every morning.,leaves,leave,left,leaving,A | leaves,Medium,1,ULTRA,1
q_10_q1a_master_0397,1,ENGLISH_B | Q1(a) CORRECT FORM OF VERB | BISE BOARD MASTER 600 | PRESENT INDEFINITE,Apply,Children — cartoons on Sundays.,watched,watching,watch,watches,C | watch,Medium,1,ULTRA,1
q_10_q1a_master_0398,1,ENGLISH_B | Q1(a) CORRECT FORM OF VERB | BISE BOARD MASTER 600 | PRESENT INDEFINITE,Apply,Water — at 100°C.,boils,boil,boiled,boiling,A | boils,Medium,1,ULTRA,1
q_10_q1a_master_0399,1,ENGLISH_B | Q1(a) CORRECT FORM OF VERB | BISE BOARD MASTER 600 | PRESENT INDEFINITE,Apply,She often — her grandmother.,visited,visiting,visits,visit,C | visits,Medium,1,PRO,1
q_10_q1a_master_0400,1,ENGLISH_B | Q1(a) CORRECT FORM OF VERB | BISE BOARD MASTER 600 | PRESENT INDEFINITE,Apply,They never — late for class.,arrive,arrives,arrived,arriving,A | arrive,Hard,1,PRO,1
q_10_q1a_master_0401,1,ENGLISH_B | Q1(a) CORRECT FORM OF VERB | BISE BOARD MASTER 600 | PRESENT INDEFINITE,Apply,The earth — round the sun.,moved,moving,moves,move,C | moves,Hard,1,PRO,1
q_10_q1a_master_0402,1,ENGLISH_B | Q1(a) CORRECT FORM OF VERB | BISE BOARD MASTER 600 | PRESENT INDEFINITE,Apply,Ali ____ a letter every day [1].,writes,write,wrote,writing,A | writes,Easy,1,ELITE,1
q_10_q1a_master_0403,1,ENGLISH_B | Q1(a) CORRECT FORM OF VERB | BISE BOARD MASTER 600 | PRESENT INDEFINITE,Apply,The officer ____ dinner every day [2].,preparing,prepares,prepare,prepared,B | prepares,Easy,1,ELITE,1
q_10_q1a_master_0404,1,ENGLISH_B | Q1(a) CORRECT FORM OF VERB | BISE BOARD MASTER 600 | PRESENT INDEFINITE,Apply,My mother ____ a movie every day [3].,helped,helping,helps,help,C | helps,Easy,1,ELITE,1
q_10_q1a_master_0405,1,ENGLISH_B | Q1(a) CORRECT FORM OF VERB | BISE BOARD MASTER 600 | PRESENT INDEFINITE,Apply,My father ____ the city every day [4].,deliver,delivered,delivering,delivers,D | delivers,Easy,1,ELITE,1
q_10_q1a_master_0406,1,ENGLISH_B | Q1(a) CORRECT FORM OF VERB | BISE BOARD MASTER 600 | PRESENT INDEFINITE,Apply,The girl ____ a letter every day [5].,learns,learn,learned,learning,A | learns,Easy,1,ELITE,1
q_10_q1a_master_0407,1,ENGLISH_B | Q1(a) CORRECT FORM OF VERB | BISE BOARD MASTER 600 | PRESENT INDEFINITE,Apply,The boy ____ dinner every day [6].,visiting,visits,visit,visited,B | visits,Easy,1,ELITE,1
q_10_q1a_master_0408,1,ENGLISH_B | Q1(a) CORRECT FORM OF VERB | BISE BOARD MASTER 600 | PRESENT INDEFINITE,Apply,The captain ____ a movie every day [7].,carried,carrying,carries,carry,C | carries,Easy,1,ELITE,1
q_10_q1a_master_0409,1,ENGLISH_B | Q1(a) CORRECT FORM OF VERB | BISE BOARD MASTER 600 | PRESENT INDEFINITE,Apply,The manager ____ the city every day [8].,watch,watched,watching,watches,D | watches,Easy,1,ELITE,1
q_10_q1a_master_0410,1,ENGLISH_B | Q1(a) CORRECT FORM OF VERB | BISE BOARD MASTER 600 | PRESENT INDEFINITE,Apply,The driver ____ a letter every day [9].,studies,study,studied,studying,A | studies,Easy,1,ELITE,1
q_10_q1a_master_0411,1,ENGLISH_B | Q1(a) CORRECT FORM OF VERB | BISE BOARD MASTER 600 | PRESENT INDEFINITE,Apply,The child ____ dinner every day [10].,washing,washes,wash,washed,B | washes,Easy,1,ELITE,1
q_10_q1a_master_0412,1,ENGLISH_B | Q1(a) CORRECT FORM OF VERB | BISE BOARD MASTER 600 | PRESENT INDEFINITE,Apply,The farmer ____ a movie every day [11].,closed,closing,closes,close,C | closes,Easy,1,ELITE,1
q_10_q1a_master_0413,1,ENGLISH_B | Q1(a) CORRECT FORM OF VERB | BISE BOARD MASTER 600 | PRESENT INDEFINITE,Apply,The student ____ the city every day [12].,work,worked,working,works,D | works,Easy,1,ELITE,1
q_10_q1a_master_0414,1,ENGLISH_B | Q1(a) CORRECT FORM OF VERB | BISE BOARD MASTER 600 | PRESENT INDEFINITE,Apply,My sister ____ a letter every day [13].,cooks,cook,cooked,cooking,A | cooks,Easy,1,ELITE,1
q_10_q1a_master_0415,1,ENGLISH_B | Q1(a) CORRECT FORM OF VERB | BISE BOARD MASTER 600 | PRESENT INDEFINITE,Apply,My brother ____ dinner every day [14].,opening,opens,open,opened,B | opens,Easy,1,ELITE,1
q_10_q1a_master_0416,1,ENGLISH_B | Q1(a) CORRECT FORM OF VERB | BISE BOARD MASTER 600 | PRESENT INDEFINITE,Apply,The doctor ____ a movie every day [15].,played,playing,plays,play,C | plays,Easy,1,ELITE,1
q_10_q1a_master_0417,1,ENGLISH_B | Q1(a) CORRECT FORM OF VERB | BISE BOARD MASTER 600 | PRESENT INDEFINITE,Apply,The teacher ____ the city every day [16].,plant,planted,planting,plants,D | plants,Easy,1,ELITE,1
q_10_q1a_master_0418,1,ENGLISH_B | Q1(a) CORRECT FORM OF VERB | BISE BOARD MASTER 600 | PRESENT INDEFINITE,Apply,Bilal ____ a letter every day [17].,finishes,finish,finished,finishing,A | finishes,Easy,1,ELITE,1
q_10_q1a_master_0419,1,ENGLISH_B | Q1(a) CORRECT FORM OF VERB | BISE BOARD MASTER 600 | PRESENT INDEFINITE,Apply,Hamza ____ a movie every day [19].,repaired,repairing,repairs,repair,C | repairs,Easy,1,ELITE,1
q_10_q1a_master_0420,1,ENGLISH_B | Q1(a) CORRECT FORM OF VERB | BISE BOARD MASTER 600 | PRESENT INDEFINITE,Apply,Sara ____ the city every day [20].,clean,cleaned,cleaning,cleans,D | cleans,Easy,1,ELITE,1
q_10_q1a_master_0421,1,ENGLISH_B | Q1(a) CORRECT FORM OF VERB | BISE BOARD MASTER 600 | PRESENT INDEFINITE,Apply,Ali ____ a letter every day [21].,writes,write,wrote,writing,A | writes,Easy,1,ELITE,1
q_10_q1a_master_0422,1,ENGLISH_B | Q1(a) CORRECT FORM OF VERB | BISE BOARD MASTER 600 | PRESENT INDEFINITE,Apply,The officer ____ dinner every day [22].,preparing,prepares,prepare,prepared,B | prepares,Easy,1,ELITE,1
sep_10_q1a_master_0024,1,ENGLISH_B | Q1(a) CORRECT FORM OF VERB | BISE BOARD MASTER 600 | PRESENT PERFECT,Topic,,,,,,,,,,1
q_10_q1a_master_0423,1,ENGLISH_B | Q1(a) CORRECT FORM OF VERB | BISE BOARD MASTER 600 | PRESENT PERFECT,Apply,She — her work already.,has finished,finished,is finishing,finishes,A | has finished,Easy,1,ULTRA,1
q_10_q1a_master_0424,1,ENGLISH_B | Q1(a) CORRECT FORM OF VERB | BISE BOARD MASTER 600 | PRESENT PERFECT,Apply,We — this movie before.,see,are seeing,have seen,saw,C | have seen,Easy,1,ULTRA,1
q_10_q1a_master_0425,1,ENGLISH_B | Q1(a) CORRECT FORM OF VERB | BISE BOARD MASTER 600 | PRESENT PERFECT,Apply,He — just — the room.,has left,is leaving,left,leaves,A | has left,Easy,1,ULTRA,1
q_10_q1a_master_0426,1,ENGLISH_B | Q1(a) CORRECT FORM OF VERB | BISE BOARD MASTER 600 | PRESENT PERFECT,Apply,They — the match.,are winning,wins,have won,won,C | have won,Medium,1,ULTRA,1
q_10_q1a_master_0427,1,ENGLISH_B | Q1(a) CORRECT FORM OF VERB | BISE BOARD MASTER 600 | PRESENT PERFECT,Apply,I — my keys.,have lost,lost,am losing,lose,A | have lost,Medium,1,ULTRA,1
q_10_q1a_master_0428,1,ENGLISH_B | Q1(a) CORRECT FORM OF VERB | BISE BOARD MASTER 600 | PRESENT PERFECT,Apply,The teacher — the lesson.,explains,is explaining,has explained,explained,C | has explained,Medium,1,ULTRA,1
q_10_q1a_master_0429,1,ENGLISH_B | Q1(a) CORRECT FORM OF VERB | BISE BOARD MASTER 600 | PRESENT PERFECT,Apply,You — three mistakes.,have made,made,make,are making,A | have made,Medium,1,ULTRA,1
q_10_q1a_master_0430,1,ENGLISH_B | Q1(a) CORRECT FORM OF VERB | BISE BOARD MASTER 600 | PRESENT PERFECT,Apply,Ali — the book twice.,is reading,reads,has read,read,C | has read,Medium,1,PRO,1
q_10_q1a_master_0431,1,ENGLISH_B | Q1(a) CORRECT FORM OF VERB | BISE BOARD MASTER 600 | PRESENT PERFECT,Apply,We — our duty.,have done,did,do,are doing,A | have done,Hard,1,PRO,1
q_10_q1a_master_0432,1,ENGLISH_B | Q1(a) CORRECT FORM OF VERB | BISE BOARD MASTER 600 | PRESENT PERFECT,Apply,She — never — abroad.,travels,is travelling,has travelled,travelled,C | has travelled,Hard,1,PRO,1
q_10_q1a_master_0433,1,ENGLISH_B | Q1(a) CORRECT FORM OF VERB | BISE BOARD MASTER 600 | PRESENT PERFECT,Apply,Hamza ____ a movie already [1].,repairs,is repairing,has repaired,repaired,C | has repaired,Medium,1,ULTRA,1
q_10_q1a_master_0434,1,ENGLISH_B | Q1(a) CORRECT FORM OF VERB | BISE BOARD MASTER 600 | PRESENT PERFECT,Apply,Sara ____ the city already [2].,cleaned,cleans,is cleaning,has cleaned,D | has cleaned,Medium,1,ULTRA,1
q_10_q1a_master_0435,1,ENGLISH_B | Q1(a) CORRECT FORM OF VERB | BISE BOARD MASTER 600 | PRESENT PERFECT,Apply,Ali ____ a letter already [3].,has written,wrote,writes,is writing,A | has written,Medium,1,ULTRA,1
q_10_q1a_master_0436,1,ENGLISH_B | Q1(a) CORRECT FORM OF VERB | BISE BOARD MASTER 600 | PRESENT PERFECT,Apply,The officer ____ dinner already [4].,is preparing,has prepared,prepared,prepares,B | has prepared,Medium,1,ULTRA,1
q_10_q1a_master_0437,1,ENGLISH_B | Q1(a) CORRECT FORM OF VERB | BISE BOARD MASTER 600 | PRESENT PERFECT,Apply,My mother ____ a movie already [5].,helps,is helping,has helped,helped,C | has helped,Medium,1,ULTRA,1
q_10_q1a_master_0438,1,ENGLISH_B | Q1(a) CORRECT FORM OF VERB | BISE BOARD MASTER 600 | PRESENT PERFECT,Apply,My father ____ the city already [6].,delivered,delivers,is delivering,has delivered,D | has delivered,Medium,1,ULTRA,1
q_10_q1a_master_0439,1,ENGLISH_B | Q1(a) CORRECT FORM OF VERB | BISE BOARD MASTER 600 | PRESENT PERFECT,Apply,The girl ____ a letter already [7].,has learned,learned,learns,is learning,A | has learned,Medium,1,ULTRA,1
q_10_q1a_master_0440,1,ENGLISH_B | Q1(a) CORRECT FORM OF VERB | BISE BOARD MASTER 600 | PRESENT PERFECT,Apply,The boy ____ dinner already [8].,is visiting,has visited,visited,visits,B | has visited,Medium,1,ULTRA,1
q_10_q1a_master_0441,1,ENGLISH_B | Q1(a) CORRECT FORM OF VERB | BISE BOARD MASTER 600 | PRESENT PERFECT,Apply,The captain ____ a movie already [9].,carries,is carrying,has carried,carried,C | has carried,Medium,1,ULTRA,1
q_10_q1a_master_0442,1,ENGLISH_B | Q1(a) CORRECT FORM OF VERB | BISE BOARD MASTER 600 | PRESENT PERFECT,Apply,The manager ____ the city already [10].,watched,watches,is watching,has watched,D | has watched,Medium,1,ULTRA,1
q_10_q1a_master_0443,1,ENGLISH_B | Q1(a) CORRECT FORM OF VERB | BISE BOARD MASTER 600 | PRESENT PERFECT,Apply,The driver ____ a letter already [11].,has studied,studied,studies,is studying,A | has studied,Medium,1,ULTRA,1
q_10_q1a_master_0444,1,ENGLISH_B | Q1(a) CORRECT FORM OF VERB | BISE BOARD MASTER 600 | PRESENT PERFECT,Apply,The child ____ dinner already [12].,is washing,has washed,washed,washes,B | has washed,Medium,1,ULTRA,1
q_10_q1a_master_0445,1,ENGLISH_B | Q1(a) CORRECT FORM OF VERB | BISE BOARD MASTER 600 | PRESENT PERFECT,Apply,The farmer ____ a movie already [13].,closes,is closing,has closed,closed,C | has closed,Medium,1,ULTRA,1
q_10_q1a_master_0446,1,ENGLISH_B | Q1(a) CORRECT FORM OF VERB | BISE BOARD MASTER 600 | PRESENT PERFECT,Apply,The student ____ the city already [14].,worked,works,is working,has worked,D | has worked,Medium,1,ULTRA,1
q_10_q1a_master_0447,1,ENGLISH_B | Q1(a) CORRECT FORM OF VERB | BISE BOARD MASTER 600 | PRESENT PERFECT,Apply,My sister ____ a letter already [15].,has cooked,cooked,cooks,is cooking,A | has cooked,Medium,1,ULTRA,1
q_10_q1a_master_0448,1,ENGLISH_B | Q1(a) CORRECT FORM OF VERB | BISE BOARD MASTER 600 | PRESENT PERFECT,Apply,My brother ____ dinner already [16].,is opening,has opened,opened,opens,B | has opened,Medium,1,ULTRA,1
q_10_q1a_master_0449,1,ENGLISH_B | Q1(a) CORRECT FORM OF VERB | BISE BOARD MASTER 600 | PRESENT PERFECT,Apply,The doctor ____ a movie already [17].,plays,is playing,has played,played,C | has played,Medium,1,ULTRA,1
q_10_q1a_master_0450,1,ENGLISH_B | Q1(a) CORRECT FORM OF VERB | BISE BOARD MASTER 600 | PRESENT PERFECT,Apply,The teacher ____ the city already [18].,planted,plants,is planting,has planted,D | has planted,Medium,1,ULTRA,1
q_10_q1a_master_0451,1,ENGLISH_B | Q1(a) CORRECT FORM OF VERB | BISE BOARD MASTER 600 | PRESENT PERFECT,Apply,Bilal ____ a letter already [19].,has finished,finished,finishes,is finishing,A | has finished,Medium,1,ULTRA,1
q_10_q1a_master_0452,1,ENGLISH_B | Q1(a) CORRECT FORM OF VERB | BISE BOARD MASTER 600 | PRESENT PERFECT,Apply,Ayesha ____ dinner already [20].,is reading,has read,read,reads,B | has read,Medium,1,ULTRA,1
q_10_q1a_master_0453,1,ENGLISH_B | Q1(a) CORRECT FORM OF VERB | BISE BOARD MASTER 600 | PRESENT PERFECT,Apply,Hamza ____ a movie already [21].,repairs,is repairing,has repaired,repaired,C | has repaired,Medium,1,ULTRA,1
q_10_q1a_master_0454,1,ENGLISH_B | Q1(a) CORRECT FORM OF VERB | BISE BOARD MASTER 600 | PRESENT PERFECT,Apply,Sara ____ the city already [22].,cleaned,cleans,is cleaning,has cleaned,D | has cleaned,Medium,1,ULTRA,1
sep_10_q1a_master_0025,1,ENGLISH_B | Q1(a) CORRECT FORM OF VERB | BISE BOARD MASTER 600 | PRESENT PERFECT CONTINUOUS,Topic,,,,,,,,,,1
q_10_q1a_master_0455,1,ENGLISH_B | Q1(a) CORRECT FORM OF VERB | BISE BOARD MASTER 600 | PRESENT PERFECT CONTINUOUS,Apply,I — for two hours.,studied,have studied,have been studying,am studying,C | have been studying,Easy,1,ULTRA,1
q_10_q1a_master_0456,1,ENGLISH_B | Q1(a) CORRECT FORM OF VERB | BISE BOARD MASTER 600 | PRESENT PERFECT CONTINUOUS,Apply,She — here since Monday.,has been working,is working,worked,has worked,A | has been working,Easy,1,ULTRA,1
q_10_q1a_master_0457,1,ENGLISH_B | Q1(a) CORRECT FORM OF VERB | BISE BOARD MASTER 600 | PRESENT PERFECT CONTINUOUS,Apply,They — cricket since noon.,played,have played,have been playing,are playing,C | have been playing,Easy,1,ULTRA,1
q_10_q1a_master_0458,1,ENGLISH_B | Q1(a) CORRECT FORM OF VERB | BISE BOARD MASTER 600 | PRESENT PERFECT CONTINUOUS,Apply,It — for three hours.,has been raining,is raining,rained,has rained,A | has been raining,Medium,1,ULTRA,1
q_10_q1a_master_0459,1,ENGLISH_B | Q1(a) CORRECT FORM OF VERB | BISE BOARD MASTER 600 | PRESENT PERFECT CONTINUOUS,Apply,We — for you since morning.,waited,have waited,have been waiting,are waiting,C | have been waiting,Medium,1,ULTRA,1
q_10_q1a_master_0460,1,ENGLISH_B | Q1(a) CORRECT FORM OF VERB | BISE BOARD MASTER 600 | PRESENT PERFECT CONTINUOUS,Apply,He — English for five years.,has been learning,is learning,learned,has learned,A | has been learning,Medium,1,ULTRA,1
q_10_q1a_master_0461,1,ENGLISH_B | Q1(a) CORRECT FORM OF VERB | BISE BOARD MASTER 600 | PRESENT PERFECT CONTINUOUS,Apply,The child — since dawn.,slept,has slept,has been sleeping,is sleeping,C | has been sleeping,Medium,1,ULTRA,1
q_10_q1a_master_0462,1,ENGLISH_B | Q1(a) CORRECT FORM OF VERB | BISE BOARD MASTER 600 | PRESENT PERFECT CONTINUOUS,Apply,My brother — in Karachi since 2024.,has been living,is living,lived,has lived,A | has been living,Medium,1,PRO,1
q_10_q1a_master_0463,1,ENGLISH_B | Q1(a) CORRECT FORM OF VERB | BISE BOARD MASTER 600 | PRESENT PERFECT CONTINUOUS,Apply,Students — hard all week.,prepared,have prepared,have been preparing,are preparing,C | have been preparing,Hard,1,PRO,1
q_10_q1a_master_0464,1,ENGLISH_B | Q1(a) CORRECT FORM OF VERB | BISE BOARD MASTER 600 | PRESENT PERFECT CONTINUOUS,Apply,The machine — since noon.,has been running,is running,ran,has run,A | has been running,Hard,1,PRO,1
q_10_q1a_master_0465,1,ENGLISH_B | Q1(a) CORRECT FORM OF VERB | BISE BOARD MASTER 600 | PRESENT PERFECT CONTINUOUS,Apply,Ayesha ____ since Monday [1].,read,has been reading,is reading,has read,B | has been reading,Medium,1,ELITE,1
q_10_q1a_master_0466,1,ENGLISH_B | Q1(a) CORRECT FORM OF VERB | BISE BOARD MASTER 600 | PRESENT PERFECT CONTINUOUS,Apply,Hamza ____ for three days [2].,has repaired,repaired,has been repairing,is repairing,C | has been repairing,Medium,1,ELITE,1
q_10_q1a_master_0467,1,ENGLISH_B | Q1(a) CORRECT FORM OF VERB | BISE BOARD MASTER 600 | PRESENT PERFECT CONTINUOUS,Apply,Sara ____ since morning [3].,is cleaning,has cleaned,cleaned,has been cleaning,D | has been cleaning,Medium,1,ELITE,1
q_10_q1a_master_0468,1,ENGLISH_B | Q1(a) CORRECT FORM OF VERB | BISE BOARD MASTER 600 | PRESENT PERFECT CONTINUOUS,Apply,Ali ____ for two hours [4].,has been writing,is writing,has written,wrote,A | has been writing,Medium,1,ELITE,1
q_10_q1a_master_0469,1,ENGLISH_B | Q1(a) CORRECT FORM OF VERB | BISE BOARD MASTER 600 | PRESENT PERFECT CONTINUOUS,Apply,The officer ____ since dawn [5].,prepared,has been preparing,is preparing,has prepared,B | has been preparing,Medium,1,ELITE,1
q_10_q1a_master_0470,1,ENGLISH_B | Q1(a) CORRECT FORM OF VERB | BISE BOARD MASTER 600 | PRESENT PERFECT CONTINUOUS,Apply,My mother ____ for ten minutes [6].,has helped,helped,has been helping,is helping,C | has been helping,Medium,1,ELITE,1
q_10_q1a_master_0471,1,ENGLISH_B | Q1(a) CORRECT FORM OF VERB | BISE BOARD MASTER 600 | PRESENT PERFECT CONTINUOUS,Apply,My father ____ since 2024 [7].,is delivering,has delivered,delivered,has been delivering,D | has been delivering,Medium,1,ELITE,1
q_10_q1a_master_0472,1,ENGLISH_B | Q1(a) CORRECT FORM OF VERB | BISE BOARD MASTER 600 | PRESENT PERFECT CONTINUOUS,Apply,The girl ____ for five years [8].,has been learning,is learning,has learned,learned,A | has been learning,Medium,1,ELITE,1
q_10_q1a_master_0473,1,ENGLISH_B | Q1(a) CORRECT FORM OF VERB | BISE BOARD MASTER 600 | PRESENT PERFECT CONTINUOUS,Apply,The boy ____ since noon [9].,visited,has been visiting,is visiting,has visited,B | has been visiting,Medium,1,ELITE,1
q_10_q1a_master_0474,1,ENGLISH_B | Q1(a) CORRECT FORM OF VERB | BISE BOARD MASTER 600 | PRESENT PERFECT CONTINUOUS,Apply,The captain ____ for a week [10].,has carried,carried,has been carrying,is carrying,C | has been carrying,Medium,1,ELITE,1
q_10_q1a_master_0475,1,ENGLISH_B | Q1(a) CORRECT FORM OF VERB | BISE BOARD MASTER 600 | PRESENT PERFECT CONTINUOUS,Apply,The manager ____ since Monday [11].,is watching,has watched,watched,has been watching,D | has been watching,Medium,1,ELITE,1
q_10_q1a_master_0476,1,ENGLISH_B | Q1(a) CORRECT FORM OF VERB | BISE BOARD MASTER 600 | PRESENT PERFECT CONTINUOUS,Apply,The driver ____ for three days [12].,has been studying,is studying,has studied,studied,A | has been studying,Medium,1,ELITE,1
q_10_q1a_master_0477,1,ENGLISH_B | Q1(a) CORRECT FORM OF VERB | BISE BOARD MASTER 600 | PRESENT PERFECT CONTINUOUS,Apply,The child ____ since morning [13].,washed,has been washing,is washing,has washed,B | has been washing,Medium,1,ELITE,1
q_10_q1a_master_0478,1,ENGLISH_B | Q1(a) CORRECT FORM OF VERB | BISE BOARD MASTER 600 | PRESENT PERFECT CONTINUOUS,Apply,The farmer ____ for two hours [14].,has closed,closed,has been closing,is closing,C | has been closing,Medium,1,ELITE,1
q_10_q1a_master_0479,1,ENGLISH_B | Q1(a) CORRECT FORM OF VERB | BISE BOARD MASTER 600 | PRESENT PERFECT CONTINUOUS,Apply,The student ____ since dawn [15].,is working,has worked,worked,has been working,D | has been working,Medium,1,ELITE,1
q_10_q1a_master_0480,1,ENGLISH_B | Q1(a) CORRECT FORM OF VERB | BISE BOARD MASTER 600 | PRESENT PERFECT CONTINUOUS,Apply,My sister ____ for ten minutes [16].,has been cooking,is cooking,has cooked,cooked,A | has been cooking,Medium,1,ELITE,1
q_10_q1a_master_0481,1,ENGLISH_B | Q1(a) CORRECT FORM OF VERB | BISE BOARD MASTER 600 | PRESENT PERFECT CONTINUOUS,Apply,My brother ____ since 2024 [17].,opened,has been opening,is opening,has opened,B | has been opening,Medium,1,ELITE,1
q_10_q1a_master_0482,1,ENGLISH_B | Q1(a) CORRECT FORM OF VERB | BISE BOARD MASTER 600 | PRESENT PERFECT CONTINUOUS,Apply,The doctor ____ for five years [18].,has played,played,has been playing,is playing,C | has been playing,Medium,1,ELITE,1
q_10_q1a_master_0483,1,ENGLISH_B | Q1(a) CORRECT FORM OF VERB | BISE BOARD MASTER 600 | PRESENT PERFECT CONTINUOUS,Apply,The teacher ____ since noon [19].,is planting,has planted,planted,has been planting,D | has been planting,Medium,1,ELITE,1
q_10_q1a_master_0484,1,ENGLISH_B | Q1(a) CORRECT FORM OF VERB | BISE BOARD MASTER 600 | PRESENT PERFECT CONTINUOUS,Apply,Bilal ____ for a week [20].,has been finishing,is finishing,has finished,finished,A | has been finishing,Medium,1,ELITE,1
q_10_q1a_master_0485,1,ENGLISH_B | Q1(a) CORRECT FORM OF VERB | BISE BOARD MASTER 600 | PRESENT PERFECT CONTINUOUS,Apply,Ayesha ____ since Monday [21].,read,has been reading,is reading,has read,B | has been reading,Medium,1,ELITE,1
q_10_q1a_master_0486,1,ENGLISH_B | Q1(a) CORRECT FORM OF VERB | BISE BOARD MASTER 600 | PRESENT PERFECT CONTINUOUS,Apply,Hamza ____ for three days [22].,has repaired,repaired,has been repairing,is repairing,C | has been repairing,Medium,1,ELITE,1
sep_10_q1a_master_0026,1,ENGLISH_B | Q1(a) CORRECT FORM OF VERB | BISE BOARD MASTER 600 | SECOND / THIRD CONDITIONAL,Topic,,,,,,,,,,1
q_10_q1a_master_0487,1,ENGLISH_B | Q1(a) CORRECT FORM OF VERB | BISE BOARD MASTER 600 | SECOND / THIRD CONDITIONAL,Apply,"If I were rich, I — the poor.",helped,help,would help,will help,C | would help,Easy,1,ULTRA,1
q_10_q1a_master_0488,1,ENGLISH_B | Q1(a) CORRECT FORM OF VERB | BISE BOARD MASTER 600 | SECOND / THIRD CONDITIONAL,Apply,"If she knew, she — us.",would tell,will tell,told,tells,A | would tell,Easy,1,ULTRA,1
q_10_q1a_master_0489,1,ENGLISH_B | Q1(a) CORRECT FORM OF VERB | BISE BOARD MASTER 600 | SECOND / THIRD CONDITIONAL,Apply,"If he had money, he — a car.",bought,buys,would buy,will buy,C | would buy,Easy,1,ULTRA,1
q_10_q1a_master_0490,1,ENGLISH_B | Q1(a) CORRECT FORM OF VERB | BISE BOARD MASTER 600 | SECOND / THIRD CONDITIONAL,Apply,"If I were you, I — harder.",would study,will study,studied,study,A | would study,Medium,1,ULTRA,1
q_10_q1a_master_0491,1,ENGLISH_B | Q1(a) CORRECT FORM OF VERB | BISE BOARD MASTER 600 | SECOND / THIRD CONDITIONAL,Apply,"If they lived near, we — often.",met,meet,would meet,will meet,C | would meet,Medium,1,ULTRA,1
q_10_q1a_master_0492,1,ENGLISH_B | Q1(a) CORRECT FORM OF VERB | BISE BOARD MASTER 600 | SECOND / THIRD CONDITIONAL,Apply,"If you had called, I —.",would have come,will come,came,would come,A | would have come,Medium,1,ULTRA,1
q_10_q1a_master_0493,1,ENGLISH_B | Q1(a) CORRECT FORM OF VERB | BISE BOARD MASTER 600 | SECOND / THIRD CONDITIONAL,Apply,"If she had studied, she —.",passed,would pass,would have passed,will pass,C | would have passed,Medium,1,ULTRA,1
q_10_q1a_master_0494,1,ENGLISH_B | Q1(a) CORRECT FORM OF VERB | BISE BOARD MASTER 600 | SECOND / THIRD CONDITIONAL,Apply,"If we had left early, we — the bus.",would have caught,will catch,caught,would catch,A | would have caught,Medium,1,PRO,1
q_10_q1a_master_0495,1,ENGLISH_B | Q1(a) CORRECT FORM OF VERB | BISE BOARD MASTER 600 | SECOND / THIRD CONDITIONAL,Apply,"If he had listened, he — the mistake.",avoided,would avoid,would have avoided,will avoid,C | would have avoided,Hard,1,PRO,1
q_10_q1a_master_0496,1,ENGLISH_B | Q1(a) CORRECT FORM OF VERB | BISE BOARD MASTER 600 | SECOND / THIRD CONDITIONAL,Apply,"If it had rained, crops — better.",would have grown,will grow,grew,would grow,A | would have grown,Hard,1,PRO,1
sep_10_q1a_master_0027,1,ENGLISH_B | Q1(a) CORRECT FORM OF VERB | BISE BOARD MASTER 600 | SECOND CONDITIONAL,Topic,,,,,,,,,,1
q_10_q1a_master_0497,1,ENGLISH_B | Q1(a) CORRECT FORM OF VERB | BISE BOARD MASTER 600 | SECOND CONDITIONAL,Apply,"If the captain were rich, the captain ____ the poor [1].",helped,helps,would help,will help,C | would help,Medium,1,ULTRA,1
q_10_q1a_master_0498,1,ENGLISH_B | Q1(a) CORRECT FORM OF VERB | BISE BOARD MASTER 600 | SECOND CONDITIONAL,Apply,"If the manager were rich, the manager ____ the poor [2].",will help,helped,helps,would help,D | would help,Medium,1,ULTRA,1
q_10_q1a_master_0499,1,ENGLISH_B | Q1(a) CORRECT FORM OF VERB | BISE BOARD MASTER 600 | SECOND CONDITIONAL,Apply,"If the driver were rich, the driver ____ the poor [3].",would help,will help,helped,helps,A | would help,Medium,1,ULTRA,1
q_10_q1a_master_0500,1,ENGLISH_B | Q1(a) CORRECT FORM OF VERB | BISE BOARD MASTER 600 | SECOND CONDITIONAL,Apply,"If the child were rich, the child ____ the poor [4].",helps,would help,will help,helped,B | would help,Medium,1,ULTRA,1
q_10_q1a_master_0501,1,ENGLISH_B | Q1(a) CORRECT FORM OF VERB | BISE BOARD MASTER 600 | SECOND CONDITIONAL,Apply,"If the farmer were rich, the farmer ____ the poor [5].",helped,helps,would help,will help,C | would help,Medium,1,ULTRA,1
q_10_q1a_master_0502,1,ENGLISH_B | Q1(a) CORRECT FORM OF VERB | BISE BOARD MASTER 600 | SECOND CONDITIONAL,Apply,"If the student were rich, the student ____ the poor [6].",will help,helped,helps,would help,D | would help,Medium,1,ULTRA,1
q_10_q1a_master_0503,1,ENGLISH_B | Q1(a) CORRECT FORM OF VERB | BISE BOARD MASTER 600 | SECOND CONDITIONAL,Apply,"If my sister were rich, my sister ____ the poor [7].",would help,will help,helped,helps,A | would help,Medium,1,ULTRA,1
q_10_q1a_master_0504,1,ENGLISH_B | Q1(a) CORRECT FORM OF VERB | BISE BOARD MASTER 600 | SECOND CONDITIONAL,Apply,"If my brother were rich, my brother ____ the poor [8].",helps,would help,will help,helped,B | would help,Medium,1,ULTRA,1
q_10_q1a_master_0505,1,ENGLISH_B | Q1(a) CORRECT FORM OF VERB | BISE BOARD MASTER 600 | SECOND CONDITIONAL,Apply,"If the doctor were rich, the doctor ____ the poor [9].",helped,helps,would help,will help,C | would help,Medium,1,ULTRA,1
q_10_q1a_master_0506,1,ENGLISH_B | Q1(a) CORRECT FORM OF VERB | BISE BOARD MASTER 600 | SECOND CONDITIONAL,Apply,"If the teacher were rich, the teacher ____ the poor [10].",will help,helped,helps,would help,D | would help,Medium,1,ULTRA,1
q_10_q1a_master_0507,1,ENGLISH_B | Q1(a) CORRECT FORM OF VERB | BISE BOARD MASTER 600 | SECOND CONDITIONAL,Apply,"If bilal were rich, bilal ____ the poor [11].",would help,will help,helped,helps,A | would help,Medium,1,ULTRA,1
q_10_q1a_master_0508,1,ENGLISH_B | Q1(a) CORRECT FORM OF VERB | BISE BOARD MASTER 600 | SECOND CONDITIONAL,Apply,"If ayesha were rich, ayesha ____ the poor [12].",helps,would help,will help,helped,B | would help,Medium,1,ULTRA,1
q_10_q1a_master_0509,1,ENGLISH_B | Q1(a) CORRECT FORM OF VERB | BISE BOARD MASTER 600 | SECOND CONDITIONAL,Apply,"If hamza were rich, hamza ____ the poor [13].",helped,helps,would help,will help,C | would help,Medium,1,ULTRA,1
q_10_q1a_master_0510,1,ENGLISH_B | Q1(a) CORRECT FORM OF VERB | BISE BOARD MASTER 600 | SECOND CONDITIONAL,Apply,"If sara were rich, sara ____ the poor [14].",will help,helped,helps,would help,D | would help,Medium,1,ULTRA,1
q_10_q1a_master_0511,1,ENGLISH_B | Q1(a) CORRECT FORM OF VERB | BISE BOARD MASTER 600 | SECOND CONDITIONAL,Apply,"If ali were rich, ali ____ the poor [15].",would help,will help,helped,helps,A | would help,Medium,1,ULTRA,1
q_10_q1a_master_0512,1,ENGLISH_B | Q1(a) CORRECT FORM OF VERB | BISE BOARD MASTER 600 | SECOND CONDITIONAL,Apply,"If the officer were rich, the officer ____ the poor [16].",helps,would help,will help,helped,B | would help,Medium,1,ULTRA,1
q_10_q1a_master_0513,1,ENGLISH_B | Q1(a) CORRECT FORM OF VERB | BISE BOARD MASTER 600 | SECOND CONDITIONAL,Apply,"If my mother were rich, my mother ____ the poor [17].",helped,helps,would help,will help,C | would help,Medium,1,ULTRA,1
q_10_q1a_master_0514,1,ENGLISH_B | Q1(a) CORRECT FORM OF VERB | BISE BOARD MASTER 600 | SECOND CONDITIONAL,Apply,"If my father were rich, my father ____ the poor [18].",will help,helped,helps,would help,D | would help,Medium,1,ULTRA,1
q_10_q1a_master_0515,1,ENGLISH_B | Q1(a) CORRECT FORM OF VERB | BISE BOARD MASTER 600 | SECOND CONDITIONAL,Apply,"If the girl were rich, the girl ____ the poor [19].",would help,will help,helped,helps,A | would help,Medium,1,ULTRA,1
q_10_q1a_master_0516,1,ENGLISH_B | Q1(a) CORRECT FORM OF VERB | BISE BOARD MASTER 600 | SECOND CONDITIONAL,Apply,"If the boy were rich, the boy ____ the poor [20].",helps,would help,will help,helped,B | would help,Medium,1,ULTRA,1
q_10_q1a_master_0517,1,ENGLISH_B | Q1(a) CORRECT FORM OF VERB | BISE BOARD MASTER 600 | SECOND CONDITIONAL,Apply,"If the captain were rich, the captain ____ the poor [21].",helped,helps,would help,will help,C | would help,Medium,1,ULTRA,1
sep_10_q1a_master_0028,1,ENGLISH_B | Q1(a) CORRECT FORM OF VERB | BISE BOARD MASTER 600 | SUBJECT-VERB AGREEMENT,Topic,,,,,,,,,,1
q_10_q1a_master_0518,1,ENGLISH_B | Q1(a) CORRECT FORM OF VERB | BISE BOARD MASTER 600 | SUBJECT-VERB AGREEMENT,Apply,Each of the boys — ready.,is,are,were,have,A | is,Easy,1,ELITE,1
q_10_q1a_master_0519,1,ENGLISH_B | Q1(a) CORRECT FORM OF VERB | BISE BOARD MASTER 600 | SUBJECT-VERB AGREEMENT,Apply,Neither Ali nor Ahmed — absent.,were,have,is,are,C | is,Easy,1,ELITE,1
q_10_q1a_master_0520,1,ENGLISH_B | Q1(a) CORRECT FORM OF VERB | BISE BOARD MASTER 600 | SUBJECT-VERB AGREEMENT,Apply,The news — true.,is,are,were,have,A | is,Easy,1,ELITE,1
q_10_q1a_master_0521,1,ENGLISH_B | Q1(a) CORRECT FORM OF VERB | BISE BOARD MASTER 600 | SUBJECT-VERB AGREEMENT,Apply,Mathematics — my favourite subject.,were,have,is,are,C | is,Medium,1,ELITE,1
q_10_q1a_master_0522,1,ENGLISH_B | Q1(a) CORRECT FORM OF VERB | BISE BOARD MASTER 600 | SUBJECT-VERB AGREEMENT,Apply,A pair of shoes — on the floor.,is,are,were,have,A | is,Medium,1,ULTRA,1
q_10_q1a_master_0523,1,ENGLISH_B | Q1(a) CORRECT FORM OF VERB | BISE BOARD MASTER 600 | SUBJECT-VERB AGREEMENT,Apply,The students — for prizes.,is competing,competing,compete,competes,C | compete,Medium,1,ULTRA,1
q_10_q1a_master_0524,1,ENGLISH_B | Q1(a) CORRECT FORM OF VERB | BISE BOARD MASTER 600 | SUBJECT-VERB AGREEMENT,Apply,Bread and butter — his usual breakfast.,is,are,were,have,A | is,Medium,1,ULTRA,1
q_10_q1a_master_0525,1,ENGLISH_B | Q1(a) CORRECT FORM OF VERB | BISE BOARD MASTER 600 | SUBJECT-VERB AGREEMENT,Apply,One of my friends — in Multan.,living,have lived,lives,live,C | lives,Medium,1,PRO,1
q_10_q1a_master_0526,1,ENGLISH_B | Q1(a) CORRECT FORM OF VERB | BISE BOARD MASTER 600 | SUBJECT-VERB AGREEMENT,Apply,The police — investigating the case.,are,is,was,has,A | are,Hard,1,PRO,1
q_10_q1a_master_0527,1,ENGLISH_B | Q1(a) CORRECT FORM OF VERB | BISE BOARD MASTER 600 | SUBJECT-VERB AGREEMENT,Apply,Neither the teacher nor the students — late.,was,has,are,is,C | are,Hard,1,PRO,1
q_10_q1a_master_0528,1,ENGLISH_B | Q1(a) CORRECT FORM OF VERB | BISE BOARD MASTER 600 | SUBJECT-VERB AGREEMENT,Apply,One of the clothes ____ ready [1].,is,are,were,have,A | is,Medium,1,ELITE,1
q_10_q1a_master_0529,1,ENGLISH_B | Q1(a) CORRECT FORM OF VERB | BISE BOARD MASTER 600 | SUBJECT-VERB AGREEMENT,Apply,One of the dinner ____ ready [2].,have,is,are,were,B | is,Medium,1,ELITE,1
q_10_q1a_master_0530,1,ENGLISH_B | Q1(a) CORRECT FORM OF VERB | BISE BOARD MASTER 600 | SUBJECT-VERB AGREEMENT,Apply,One of the trees ____ ready [3].,were,have,is,are,C | is,Medium,1,ELITE,1
q_10_q1a_master_0531,1,ENGLISH_B | Q1(a) CORRECT FORM OF VERB | BISE BOARD MASTER 600 | SUBJECT-VERB AGREEMENT,Apply,One of the road ____ ready [4].,are,were,have,is,D | is,Medium,1,ELITE,1
q_10_q1a_master_0532,1,ENGLISH_B | Q1(a) CORRECT FORM OF VERB | BISE BOARD MASTER 600 | SUBJECT-VERB AGREEMENT,Apply,One of the report ____ ready [5].,is,are,were,have,A | is,Medium,1,ELITE,1
q_10_q1a_master_0533,1,ENGLISH_B | Q1(a) CORRECT FORM OF VERB | BISE BOARD MASTER 600 | SUBJECT-VERB AGREEMENT,Apply,One of the chapter ____ ready [6].,have,is,are,were,B | is,Medium,1,ELITE,1
q_10_q1a_master_0534,1,ENGLISH_B | Q1(a) CORRECT FORM OF VERB | BISE BOARD MASTER 600 | SUBJECT-VERB AGREEMENT,Apply,One of the a movie ____ ready [7].,were,have,is,are,C | is,Medium,1,ELITE,1
q_10_q1a_master_0535,1,ENGLISH_B | Q1(a) CORRECT FORM OF VERB | BISE BOARD MASTER 600 | SUBJECT-VERB AGREEMENT,Apply,One of the door ____ ready [8].,are,were,have,is,D | is,Medium,1,ELITE,1
q_10_q1a_master_0536,1,ENGLISH_B | Q1(a) CORRECT FORM OF VERB | BISE BOARD MASTER 600 | SUBJECT-VERB AGREEMENT,Apply,One of the work ____ ready [9].,is,are,were,have,A | is,Medium,1,ELITE,1
q_10_q1a_master_0537,1,ENGLISH_B | Q1(a) CORRECT FORM OF VERB | BISE BOARD MASTER 600 | SUBJECT-VERB AGREEMENT,Apply,One of the room ____ ready [10].,have,is,are,were,B | is,Medium,1,ELITE,1
q_10_q1a_master_0538,1,ENGLISH_B | Q1(a) CORRECT FORM OF VERB | BISE BOARD MASTER 600 | SUBJECT-VERB AGREEMENT,Apply,One of the poor ____ ready [11].,were,have,is,are,C | is,Medium,1,ELITE,1
q_10_q1a_master_0539,1,ENGLISH_B | Q1(a) CORRECT FORM OF VERB | BISE BOARD MASTER 600 | SUBJECT-VERB AGREEMENT,Apply,One of the city ____ ready [12].,are,were,have,is,D | is,Medium,1,ELITE,1
q_10_q1a_master_0540,1,ENGLISH_B | Q1(a) CORRECT FORM OF VERB | BISE BOARD MASTER 600 | SUBJECT-VERB AGREEMENT,Apply,One of the English ____ ready [13].,is,are,were,have,A | is,Medium,1,ELITE,1
q_10_q1a_master_0541,1,ENGLISH_B | Q1(a) CORRECT FORM OF VERB | BISE BOARD MASTER 600 | SUBJECT-VERB AGREEMENT,Apply,One of the project ____ ready [14].,have,is,are,were,B | is,Medium,1,ELITE,1
q_10_q1a_master_0542,1,ENGLISH_B | Q1(a) CORRECT FORM OF VERB | BISE BOARD MASTER 600 | SUBJECT-VERB AGREEMENT,Apply,One of the cricket ____ ready [15].,were,have,is,are,C | is,Medium,1,ELITE,1
q_10_q1a_master_0543,1,ENGLISH_B | Q1(a) CORRECT FORM OF VERB | BISE BOARD MASTER 600 | SUBJECT-VERB AGREEMENT,Apply,One of the lesson ____ ready [16].,are,were,have,is,D | is,Medium,1,ELITE,1
q_10_q1a_master_0544,1,ENGLISH_B | Q1(a) CORRECT FORM OF VERB | BISE BOARD MASTER 600 | SUBJECT-VERB AGREEMENT,Apply,One of the a letter ____ ready [17].,is,are,were,have,A | is,Medium,1,ELITE,1
q_10_q1a_master_0545,1,ENGLISH_B | Q1(a) CORRECT FORM OF VERB | BISE BOARD MASTER 600 | SUBJECT-VERB AGREEMENT,Apply,One of the message ____ ready [18].,have,is,are,were,B | is,Medium,1,ELITE,1
q_10_q1a_master_0546,1,ENGLISH_B | Q1(a) CORRECT FORM OF VERB | BISE BOARD MASTER 600 | SUBJECT-VERB AGREEMENT,Apply,One of the parcel ____ ready [19].,were,have,is,are,C | is,Medium,1,ELITE,1
q_10_q1a_master_0547,1,ENGLISH_B | Q1(a) CORRECT FORM OF VERB | BISE BOARD MASTER 600 | SUBJECT-VERB AGREEMENT,Apply,One of the bags ____ ready [20].,are,were,have,is,D | is,Medium,1,ELITE,1
q_10_q1a_master_0548,1,ENGLISH_B | Q1(a) CORRECT FORM OF VERB | BISE BOARD MASTER 600 | SUBJECT-VERB AGREEMENT,Apply,One of the clothes ____ ready [21].,is,are,were,have,A | is,Medium,1,ELITE,1
sep_10_q1a_master_0029,1,ENGLISH_B | Q1(a) CORRECT FORM OF VERB | BISE BOARD MASTER 600 | THIRD CONDITIONAL,Topic,,,,,,,,,,1
q_10_q1a_master_0549,1,ENGLISH_B | Q1(a) CORRECT FORM OF VERB | BISE BOARD MASTER 600 | THIRD CONDITIONAL,Apply,"If the boy had studied, the boy ____ [1].",would pass,would have passed,will pass,passed,B | would have passed,Hard,1,PRO,1
q_10_q1a_master_0550,1,ENGLISH_B | Q1(a) CORRECT FORM OF VERB | BISE BOARD MASTER 600 | THIRD CONDITIONAL,Apply,"If the captain had studied, the captain ____ [2].",passed,would pass,would have passed,will pass,C | would have passed,Hard,1,PRO,1
q_10_q1a_master_0551,1,ENGLISH_B | Q1(a) CORRECT FORM OF VERB | BISE BOARD MASTER 600 | THIRD CONDITIONAL,Apply,"If the manager had studied, the manager ____ [3].",will pass,passed,would pass,would have passed,D | would have passed,Hard,1,PRO,1
q_10_q1a_master_0552,1,ENGLISH_B | Q1(a) CORRECT FORM OF VERB | BISE BOARD MASTER 600 | THIRD CONDITIONAL,Apply,"If the driver had studied, the driver ____ [4].",would have passed,will pass,passed,would pass,A | would have passed,Hard,1,PRO,1
q_10_q1a_master_0553,1,ENGLISH_B | Q1(a) CORRECT FORM OF VERB | BISE BOARD MASTER 600 | THIRD CONDITIONAL,Apply,"If the child had studied, the child ____ [5].",would pass,would have passed,will pass,passed,B | would have passed,Hard,1,PRO,1
q_10_q1a_master_0554,1,ENGLISH_B | Q1(a) CORRECT FORM OF VERB | BISE BOARD MASTER 600 | THIRD CONDITIONAL,Apply,"If the farmer had studied, the farmer ____ [6].",passed,would pass,would have passed,will pass,C | would have passed,Hard,1,PRO,1
q_10_q1a_master_0555,1,ENGLISH_B | Q1(a) CORRECT FORM OF VERB | BISE BOARD MASTER 600 | THIRD CONDITIONAL,Apply,"If the student had studied, the student ____ [7].",will pass,passed,would pass,would have passed,D | would have passed,Hard,1,PRO,1
q_10_q1a_master_0556,1,ENGLISH_B | Q1(a) CORRECT FORM OF VERB | BISE BOARD MASTER 600 | THIRD CONDITIONAL,Apply,"If my sister had studied, my sister ____ [8].",would have passed,will pass,passed,would pass,A | would have passed,Hard,1,PRO,1
q_10_q1a_master_0557,1,ENGLISH_B | Q1(a) CORRECT FORM OF VERB | BISE BOARD MASTER 600 | THIRD CONDITIONAL,Apply,"If my brother had studied, my brother ____ [9].",would pass,would have passed,will pass,passed,B | would have passed,Hard,1,PRO,1
q_10_q1a_master_0558,1,ENGLISH_B | Q1(a) CORRECT FORM OF VERB | BISE BOARD MASTER 600 | THIRD CONDITIONAL,Apply,"If the doctor had studied, the doctor ____ [10].",passed,would pass,would have passed,will pass,C | would have passed,Hard,1,PRO,1
q_10_q1a_master_0559,1,ENGLISH_B | Q1(a) CORRECT FORM OF VERB | BISE BOARD MASTER 600 | THIRD CONDITIONAL,Apply,"If the teacher had studied, the teacher ____ [11].",will pass,passed,would pass,would have passed,D | would have passed,Hard,1,PRO,1
q_10_q1a_master_0560,1,ENGLISH_B | Q1(a) CORRECT FORM OF VERB | BISE BOARD MASTER 600 | THIRD CONDITIONAL,Apply,"If bilal had studied, bilal ____ [12].",would have passed,will pass,passed,would pass,A | would have passed,Hard,1,PRO,1
q_10_q1a_master_0561,1,ENGLISH_B | Q1(a) CORRECT FORM OF VERB | BISE BOARD MASTER 600 | THIRD CONDITIONAL,Apply,"If ayesha had studied, ayesha ____ [13].",would pass,would have passed,will pass,passed,B | would have passed,Hard,1,PRO,1
q_10_q1a_master_0562,1,ENGLISH_B | Q1(a) CORRECT FORM OF VERB | BISE BOARD MASTER 600 | THIRD CONDITIONAL,Apply,"If hamza had studied, hamza ____ [14].",passed,would pass,would have passed,will pass,C | would have passed,Hard,1,PRO,1
q_10_q1a_master_0563,1,ENGLISH_B | Q1(a) CORRECT FORM OF VERB | BISE BOARD MASTER 600 | THIRD CONDITIONAL,Apply,"If sara had studied, sara ____ [15].",will pass,passed,would pass,would have passed,D | would have passed,Hard,1,PRO,1
q_10_q1a_master_0564,1,ENGLISH_B | Q1(a) CORRECT FORM OF VERB | BISE BOARD MASTER 600 | THIRD CONDITIONAL,Apply,"If ali had studied, ali ____ [16].",would have passed,will pass,passed,would pass,A | would have passed,Hard,1,PRO,1
q_10_q1a_master_0565,1,ENGLISH_B | Q1(a) CORRECT FORM OF VERB | BISE BOARD MASTER 600 | THIRD CONDITIONAL,Apply,"If the officer had studied, the officer ____ [17].",would pass,would have passed,will pass,passed,B | would have passed,Hard,1,PRO,1
q_10_q1a_master_0566,1,ENGLISH_B | Q1(a) CORRECT FORM OF VERB | BISE BOARD MASTER 600 | THIRD CONDITIONAL,Apply,"If my mother had studied, my mother ____ [18].",passed,would pass,would have passed,will pass,C | would have passed,Hard,1,PRO,1
q_10_q1a_master_0567,1,ENGLISH_B | Q1(a) CORRECT FORM OF VERB | BISE BOARD MASTER 600 | THIRD CONDITIONAL,Apply,"If my father had studied, my father ____ [19].",will pass,passed,would pass,would have passed,D | would have passed,Hard,1,PRO,1
q_10_q1a_master_0568,1,ENGLISH_B | Q1(a) CORRECT FORM OF VERB | BISE BOARD MASTER 600 | THIRD CONDITIONAL,Apply,"If the girl had studied, the girl ____ [20].",would have passed,will pass,passed,would pass,A | would have passed,Hard,1,PRO,1
q_10_q1a_master_0569,1,ENGLISH_B | Q1(a) CORRECT FORM OF VERB | BISE BOARD MASTER 600 | THIRD CONDITIONAL,Apply,"If the boy had studied, the boy ____ [21].",would pass,would have passed,will pass,passed,B | would have passed,Hard,1,PRO,1
sep_10_q1a_master_0030,1,ENGLISH_B | Q1(a) CORRECT FORM OF VERB | BISE BOARD MASTER 600 | TIME CLAUSES,Topic,,,,,,,,,,1
q_10_q1a_master_0570,1,ENGLISH_B | Q1(a) CORRECT FORM OF VERB | BISE BOARD MASTER 600 | TIME CLAUSES,Apply,"When he —, we shall start.",arrived,arrive,arrives,will arrive,C | arrives,Easy,1,ELITE,1
q_10_q1a_master_0571,1,ENGLISH_B | Q1(a) CORRECT FORM OF VERB | BISE BOARD MASTER 600 | TIME CLAUSES,Apply,I shall call you when I — home.,reach,will reach,reached,reaching,A | reach,Easy,1,ELITE,1
q_10_q1a_master_0572,1,ENGLISH_B | Q1(a) CORRECT FORM OF VERB | BISE BOARD MASTER 600 | TIME CLAUSES,Apply,"Before she —, we will finish.",came,coming,comes,will come,C | comes,Easy,1,ELITE,1
q_10_q1a_master_0573,1,ENGLISH_B | Q1(a) CORRECT FORM OF VERB | BISE BOARD MASTER 600 | TIME CLAUSES,Apply,"After he — the work, he will rest.",finishes,will finish,finished,finishing,A | finishes,Medium,1,ELITE,1
q_10_q1a_master_0574,1,ENGLISH_B | Q1(a) CORRECT FORM OF VERB | BISE BOARD MASTER 600 | TIME CLAUSES,Apply,Wait here until I —.,returned,returning,return,will return,C | return,Medium,1,ULTRA,1
q_10_q1a_master_0575,1,ENGLISH_B | Q1(a) CORRECT FORM OF VERB | BISE BOARD MASTER 600 | TIME CLAUSES,Apply,"As soon as the bell —, students will leave.",rings,will ring,rang,ringing,A | rings,Medium,1,ULTRA,1
q_10_q1a_master_0576,1,ENGLISH_B | Q1(a) CORRECT FORM OF VERB | BISE BOARD MASTER 600 | TIME CLAUSES,Apply,We shall eat after father —.,arrived,arriving,arrives,will arrive,C | arrives,Medium,1,ULTRA,1
q_10_q1a_master_0577,1,ENGLISH_B | Q1(a) CORRECT FORM OF VERB | BISE BOARD MASTER 600 | TIME CLAUSES,Apply,"Before the train —, buy the tickets.",leaves,will leave,left,leaving,A | leaves,Medium,1,PRO,1
q_10_q1a_master_0578,1,ENGLISH_B | Q1(a) CORRECT FORM OF VERB | BISE BOARD MASTER 600 | TIME CLAUSES,Apply,"When rain —, we shall go out.",stopped,stopping,stops,will stop,C | stops,Hard,1,PRO,1
q_10_q1a_master_0579,1,ENGLISH_B | Q1(a) CORRECT FORM OF VERB | BISE BOARD MASTER 600 | TIME CLAUSES,Apply,Stay here till the teacher —.,comes,will come,came,coming,A | comes,Hard,1,PRO,1
q_10_q1a_master_0580,1,ENGLISH_B | Q1(a) CORRECT FORM OF VERB | BISE BOARD MASTER 600 | TIME CLAUSES,Apply,"When the driver ____ home, we shall start [1].",comes,will come,came,coming,A | comes,Medium,1,ELITE,1
q_10_q1a_master_0581,1,ENGLISH_B | Q1(a) CORRECT FORM OF VERB | BISE BOARD MASTER 600 | TIME CLAUSES,Apply,"When the child ____ home, we shall start [2].",coming,comes,will come,came,B | comes,Medium,1,ELITE,1
q_10_q1a_master_0582,1,ENGLISH_B | Q1(a) CORRECT FORM OF VERB | BISE BOARD MASTER 600 | TIME CLAUSES,Apply,"When the farmer ____ home, we shall start [3].",came,coming,comes,will come,C | comes,Medium,1,ELITE,1
q_10_q1a_master_0583,1,ENGLISH_B | Q1(a) CORRECT FORM OF VERB | BISE BOARD MASTER 600 | TIME CLAUSES,Apply,"When the student ____ home, we shall start [4].",will come,came,coming,comes,D | comes,Medium,1,ELITE,1
q_10_q1a_master_0584,1,ENGLISH_B | Q1(a) CORRECT FORM OF VERB | BISE BOARD MASTER 600 | TIME CLAUSES,Apply,"When my sister ____ home, we shall start [5].",comes,will come,came,coming,A | comes,Medium,1,ELITE,1
q_10_q1a_master_0585,1,ENGLISH_B | Q1(a) CORRECT FORM OF VERB | BISE BOARD MASTER 600 | TIME CLAUSES,Apply,"When my brother ____ home, we shall start [6].",coming,comes,will come,came,B | comes,Medium,1,ELITE,1
q_10_q1a_master_0586,1,ENGLISH_B | Q1(a) CORRECT FORM OF VERB | BISE BOARD MASTER 600 | TIME CLAUSES,Apply,"When the doctor ____ home, we shall start [7].",came,coming,comes,will come,C | comes,Medium,1,ELITE,1
q_10_q1a_master_0587,1,ENGLISH_B | Q1(a) CORRECT FORM OF VERB | BISE BOARD MASTER 600 | TIME CLAUSES,Apply,"When the teacher ____ home, we shall start [8].",will come,came,coming,comes,D | comes,Medium,1,ELITE,1
q_10_q1a_master_0588,1,ENGLISH_B | Q1(a) CORRECT FORM OF VERB | BISE BOARD MASTER 600 | TIME CLAUSES,Apply,"When bilal ____ home, we shall start [9].",comes,will come,came,coming,A | comes,Medium,1,ELITE,1
q_10_q1a_master_0589,1,ENGLISH_B | Q1(a) CORRECT FORM OF VERB | BISE BOARD MASTER 600 | TIME CLAUSES,Apply,"When ayesha ____ home, we shall start [10].",coming,comes,will come,came,B | comes,Medium,1,ELITE,1
q_10_q1a_master_0590,1,ENGLISH_B | Q1(a) CORRECT FORM OF VERB | BISE BOARD MASTER 600 | TIME CLAUSES,Apply,"When hamza ____ home, we shall start [11].",came,coming,comes,will come,C | comes,Medium,1,ELITE,1
q_10_q1a_master_0591,1,ENGLISH_B | Q1(a) CORRECT FORM OF VERB | BISE BOARD MASTER 600 | TIME CLAUSES,Apply,"When sara ____ home, we shall start [12].",will come,came,coming,comes,D | comes,Medium,1,ELITE,1
q_10_q1a_master_0592,1,ENGLISH_B | Q1(a) CORRECT FORM OF VERB | BISE BOARD MASTER 600 | TIME CLAUSES,Apply,"When ali ____ home, we shall start [13].",comes,will come,came,coming,A | comes,Medium,1,ELITE,1
q_10_q1a_master_0593,1,ENGLISH_B | Q1(a) CORRECT FORM OF VERB | BISE BOARD MASTER 600 | TIME CLAUSES,Apply,"When the officer ____ home, we shall start [14].",coming,comes,will come,came,B | comes,Medium,1,ELITE,1
q_10_q1a_master_0594,1,ENGLISH_B | Q1(a) CORRECT FORM OF VERB | BISE BOARD MASTER 600 | TIME CLAUSES,Apply,"When my mother ____ home, we shall start [15].",came,coming,comes,will come,C | comes,Medium,1,ELITE,1
q_10_q1a_master_0595,1,ENGLISH_B | Q1(a) CORRECT FORM OF VERB | BISE BOARD MASTER 600 | TIME CLAUSES,Apply,"When my father ____ home, we shall start [16].",will come,came,coming,comes,D | comes,Medium,1,ELITE,1
q_10_q1a_master_0596,1,ENGLISH_B | Q1(a) CORRECT FORM OF VERB | BISE BOARD MASTER 600 | TIME CLAUSES,Apply,"When the girl ____ home, we shall start [17].",comes,will come,came,coming,A | comes,Medium,1,ELITE,1
q_10_q1a_master_0597,1,ENGLISH_B | Q1(a) CORRECT FORM OF VERB | BISE BOARD MASTER 600 | TIME CLAUSES,Apply,"When the boy ____ home, we shall start [18].",coming,comes,will come,came,B | comes,Medium,1,ELITE,1
q_10_q1a_master_0598,1,ENGLISH_B | Q1(a) CORRECT FORM OF VERB | BISE BOARD MASTER 600 | TIME CLAUSES,Apply,"When the captain ____ home, we shall start [19].",came,coming,comes,will come,C | comes,Medium,1,ELITE,1
q_10_q1a_master_0599,1,ENGLISH_B | Q1(a) CORRECT FORM OF VERB | BISE BOARD MASTER 600 | TIME CLAUSES,Apply,"When the manager ____ home, we shall start [20].",will come,came,coming,comes,D | comes,Medium,1,ELITE,1
q_10_q1a_master_0600,1,ENGLISH_B | Q1(a) CORRECT FORM OF VERB | BISE BOARD MASTER 600 | TIME CLAUSES,Apply,"When the driver ____ home, we shall start [21].",comes,will come,came,coming,A | comes,Medium,1,ELITE,1
