question_hash,active,topic,question_type,question_style,tense,question,answer,difficulty,marks,weightage,smart_syllabus,source_reference
sep_9_eng_b_urdu_eng_001,1,ENGLISH_B | Urdu to English Translation | It Sentences | Heading,Topic,topic_separator,It Sentences,,,,,,1,
sep_9_eng_b_urdu_eng_002,1,ENGLISH_B | Urdu to English Translation | It Sentences | Past Paper,Topic,topic_separator,It Sentences,,,,,,1,
q_9_eng_b_urdu_eng_0001,1,ENGLISH_B | Urdu to English Translation | It Sentences | Past Paper | 2017 Evening,Long,translate_to_english,It Sentences,آج سخت گرمی ہے۔,It is very hot today.,Medium,1,ULTRA,1,Past Paper | 2017 Evening
q_9_eng_b_urdu_eng_0002,1,ENGLISH_B | Urdu to English Translation | It Sentences | Past Paper | 2015 Evening,Long,translate_to_english,It Sentences,شام ہو گئی۔,It is evening.,Medium,1,ULTRA,1,Past Paper | 2015 Evening
sep_9_eng_b_urdu_eng_003,1,ENGLISH_B | Urdu to English Translation | It Sentences | Mind-Sharp Practice,Topic,topic_separator,It Sentences,,,,,,1,
q_9_eng_b_urdu_eng_0003,1,ENGLISH_B | Urdu to English Translation | It Sentences | Board-Pattern Practice,Long,translate_to_english,It Sentences,آج بہت گرمی ہے۔,It is very hot today.,Easy,1,PRO,1,Board-Pattern Practice
q_9_eng_b_urdu_eng_0004,1,ENGLISH_B | Urdu to English Translation | It Sentences | Board-Pattern Practice,Long,translate_to_english,It Sentences,اب شام ہو چکی ہے۔,It is evening now.,Easy,1,PRO,1,Board-Pattern Practice
q_9_eng_b_urdu_eng_0005,1,ENGLISH_B | Urdu to English Translation | It Sentences | Board-Pattern Practice,Long,translate_to_english,It Sentences,کل اتوار تھا۔,It was Sunday yesterday.,Easy,1,PRO,1,Board-Pattern Practice
q_9_eng_b_urdu_eng_0006,1,ENGLISH_B | Urdu to English Translation | It Sentences | Board-Pattern Practice,Long,translate_to_english,It Sentences,آج موسم خوشگوار ہے۔,It is pleasant today.,Easy,1,PRO,1,Board-Pattern Practice
q_9_eng_b_urdu_eng_0007,1,ENGLISH_B | Urdu to English Translation | It Sentences | Board-Pattern Practice,Long,translate_to_english,It Sentences,رات کے نو بجے ہیں۔,It is nine o’clock at night.,Easy,1,PRO,1,Board-Pattern Practice
q_9_eng_b_urdu_eng_0008,1,ENGLISH_B | Urdu to English Translation | It Sentences | Board-Pattern Practice,Long,translate_to_english,It Sentences,یہاں سے سکول دو میل دور ہے۔,It is two miles from here to the school.,Medium,1,ULTRA,1,Board-Pattern Practice
q_9_eng_b_urdu_eng_0009,1,ENGLISH_B | Urdu to English Translation | It Sentences | Board-Pattern Practice,Long,translate_to_english,It Sentences,صبح سے بارش ہو رہی ہے۔,It has been raining since morning.,Medium,1,ULTRA,1,Board-Pattern Practice
q_9_eng_b_urdu_eng_0010,1,ENGLISH_B | Urdu to English Translation | It Sentences | Board-Pattern Practice,Long,translate_to_english,It Sentences,پانچ بجنے والے ہیں۔,It is about to be five o’clock.,Medium,1,ULTRA,1,Board-Pattern Practice
q_9_eng_b_urdu_eng_0011,1,ENGLISH_B | Urdu to English Translation | It Sentences | Board-Pattern Practice,Long,translate_to_english,It Sentences,اس مسئلے کو حل کرنا مشکل ہے۔,It is difficult to solve this problem.,Medium,1,ULTRA,1,Board-Pattern Practice
q_9_eng_b_urdu_eng_0012,1,ENGLISH_B | Urdu to English Translation | It Sentences | Board-Pattern Practice,Long,translate_to_english,It Sentences,سچ بولنا ہمارا فرض ہے۔,It is our duty to speak the truth.,Medium,1,ULTRA,1,Board-Pattern Practice
q_9_eng_b_urdu_eng_0013,1,ENGLISH_B | Urdu to English Translation | It Sentences | Board-Pattern Practice,Long,translate_to_english,It Sentences,کمرے میں اندھیرا تھا۔,It was dark in the room.,Easy,1,PRO,1,Board-Pattern Practice
q_9_eng_b_urdu_eng_0014,1,ENGLISH_B | Urdu to English Translation | It Sentences | Board-Pattern Practice,Long,translate_to_english,It Sentences,ممکن ہے کہ وہ آج آ جائے۔,It is possible that he may come today.,Hard,1,ELITE,1,Board-Pattern Practice
q_9_eng_b_urdu_eng_0310,1,ENGLISH_B | Urdu to English Translation | It Sentences | Expanded Mind-Sharp Practice,Long,translate_to_english,It Sentences,آج باہر بہت خوشگوار ہے۔,It is very pleasant outside today.,Easy,1,PRO,1,Expanded Mind-Sharp Practice
q_9_eng_b_urdu_eng_0311,1,ENGLISH_B | Urdu to English Translation | It Sentences | Expanded Mind-Sharp Practice,Long,translate_to_english,It Sentences,یہاں بہت اندھیرا ہے۔,It is very dark here.,Easy,1,PRO,1,Expanded Mind-Sharp Practice
q_9_eng_b_urdu_eng_0312,1,ENGLISH_B | Urdu to English Translation | It Sentences | Expanded Mind-Sharp Practice,Long,translate_to_english,It Sentences,سکول جانے کا وقت ہے۔,It is time to go to school.,Easy,1,PRO,1,Expanded Mind-Sharp Practice
q_9_eng_b_urdu_eng_0313,1,ENGLISH_B | Urdu to English Translation | It Sentences | Expanded Mind-Sharp Practice,Long,translate_to_english,It Sentences,سچ بولنا آسان نہیں ہے۔,It is not easy to speak the truth.,Easy,1,PRO,1,Expanded Mind-Sharp Practice
q_9_eng_b_urdu_eng_0314,1,ENGLISH_B | Urdu to English Translation | It Sentences | Expanded Mind-Sharp Practice,Long,translate_to_english,It Sentences,پرسوں جمعہ تھا۔,It was Friday the day before yesterday.,Easy,1,PRO,1,Expanded Mind-Sharp Practice
q_9_eng_b_urdu_eng_0315,1,ENGLISH_B | Urdu to English Translation | It Sentences | Expanded Mind-Sharp Practice,Long,translate_to_english,It Sentences,دوپہر ہونے والی ہے۔,It is going to be noon.,Easy,1,PRO,1,Expanded Mind-Sharp Practice
sep_9_eng_b_urdu_eng_004,1,ENGLISH_B | Urdu to English Translation | There Sentences | Heading,Topic,topic_separator,There Sentences,,,,,,1,
sep_9_eng_b_urdu_eng_005,1,ENGLISH_B | Urdu to English Translation | There Sentences | Past Paper,Topic,topic_separator,There Sentences,,,,,,1,
q_9_eng_b_urdu_eng_0015,1,ENGLISH_B | Urdu to English Translation | There Sentences | Past Paper | 2015 Evening,Long,translate_to_english,There Sentences,ہال میں کتنے امیدوار ہیں؟,How many candidates are there in the hall?,Hard,1,ULTRA,1,Past Paper | 2015 Evening
q_9_eng_b_urdu_eng_0016,1,ENGLISH_B | Urdu to English Translation | There Sentences | Past Paper | 2016,Long,translate_to_english,There Sentences,ہمارے باغ میں آم کے درخت تھے۔,There were mango trees in our garden.,Medium,1,ULTRA,1,Past Paper | 2016
sep_9_eng_b_urdu_eng_006,1,ENGLISH_B | Urdu to English Translation | There Sentences | Mind-Sharp Practice,Topic,topic_separator,There Sentences,,,,,,1,
q_9_eng_b_urdu_eng_0017,1,ENGLISH_B | Urdu to English Translation | There Sentences | Board-Pattern Practice,Long,translate_to_english,There Sentences,کمرے میں ایک میز ہے۔,There is a table in the room.,Easy,1,PRO,1,Board-Pattern Practice
q_9_eng_b_urdu_eng_0018,1,ENGLISH_B | Urdu to English Translation | There Sentences | Board-Pattern Practice,Long,translate_to_english,There Sentences,باغ میں بہت سے پھول ہیں۔,There are many flowers in the garden.,Easy,1,PRO,1,Board-Pattern Practice
q_9_eng_b_urdu_eng_0019,1,ENGLISH_B | Urdu to English Translation | There Sentences | Board-Pattern Practice,Long,translate_to_english,There Sentences,گاؤں میں ایک پرانا کنواں تھا۔,There was an old well in the village.,Easy,1,PRO,1,Board-Pattern Practice
q_9_eng_b_urdu_eng_0020,1,ENGLISH_B | Urdu to English Translation | There Sentences | Board-Pattern Practice,Long,translate_to_english,There Sentences,میدان میں بہت سے کھلاڑی تھے۔,There were many players in the field.,Easy,1,PRO,1,Board-Pattern Practice
q_9_eng_b_urdu_eng_0021,1,ENGLISH_B | Urdu to English Translation | There Sentences | Board-Pattern Practice,Long,translate_to_english,There Sentences,آج سکول میں چھٹی ہے۔,There is a holiday at school today.,Easy,1,PRO,1,Board-Pattern Practice
q_9_eng_b_urdu_eng_0022,1,ENGLISH_B | Urdu to English Translation | There Sentences | Board-Pattern Practice,Long,translate_to_english,There Sentences,اس سوال میں کوئی غلطی نہیں ہے۔,There is no mistake in this question.,Medium,1,ULTRA,1,Board-Pattern Practice
q_9_eng_b_urdu_eng_0023,1,ENGLISH_B | Urdu to English Translation | There Sentences | Board-Pattern Practice,Long,translate_to_english,There Sentences,سڑک پر بہت زیادہ ٹریفک تھی۔,There was heavy traffic on the road.,Medium,1,ULTRA,1,Board-Pattern Practice
q_9_eng_b_urdu_eng_0024,1,ENGLISH_B | Urdu to English Translation | There Sentences | Board-Pattern Practice,Long,translate_to_english,There Sentences,کمرے میں کوئی نہیں تھا۔,There was no one in the room.,Easy,1,PRO,1,Board-Pattern Practice
q_9_eng_b_urdu_eng_0025,1,ENGLISH_B | Urdu to English Translation | There Sentences | Board-Pattern Practice,Long,translate_to_english,There Sentences,اگلے ہفتے ایک اجلاس ہوگا۔,There will be a meeting next week.,Medium,1,ULTRA,1,Board-Pattern Practice
q_9_eng_b_urdu_eng_0026,1,ENGLISH_B | Urdu to English Translation | There Sentences | Board-Pattern Practice,Long,translate_to_english,There Sentences,اس شہر میں کئی تاریخی عمارتیں ہیں۔,There are several historical buildings in this city.,Easy,1,PRO,1,Board-Pattern Practice
q_9_eng_b_urdu_eng_0027,1,ENGLISH_B | Urdu to English Translation | There Sentences | Board-Pattern Practice,Long,translate_to_english,There Sentences,اس معاملے میں کوئی شک نہیں ہے۔,There is no doubt about this matter.,Medium,1,ULTRA,1,Board-Pattern Practice
q_9_eng_b_urdu_eng_0316,1,ENGLISH_B | Urdu to English Translation | There Sentences | Expanded Mind-Sharp Practice,Long,translate_to_english,There Sentences,کمرے میں ایک پنکھا ہے۔,There is a fan in the room.,Easy,1,PRO,1,Expanded Mind-Sharp Practice
q_9_eng_b_urdu_eng_0317,1,ENGLISH_B | Urdu to English Translation | There Sentences | Expanded Mind-Sharp Practice,Long,translate_to_english,There Sentences,باغ میں ایک خوبصورت فوارہ ہے۔,There is a beautiful fountain in the garden.,Easy,1,PRO,1,Expanded Mind-Sharp Practice
q_9_eng_b_urdu_eng_0318,1,ENGLISH_B | Urdu to English Translation | There Sentences | Expanded Mind-Sharp Practice,Long,translate_to_english,There Sentences,میز پر کوئی کتاب نہیں ہے۔,There is no book on the table.,Easy,1,PRO,1,Expanded Mind-Sharp Practice
q_9_eng_b_urdu_eng_0319,1,ENGLISH_B | Urdu to English Translation | There Sentences | Expanded Mind-Sharp Practice,Long,translate_to_english,There Sentences,میدان میں کچھ بچے تھے۔,There were some children in the playground.,Easy,1,PRO,1,Expanded Mind-Sharp Practice
q_9_eng_b_urdu_eng_0320,1,ENGLISH_B | Urdu to English Translation | There Sentences | Expanded Mind-Sharp Practice,Long,translate_to_english,There Sentences,گاؤں میں ایک ہسپتال ہوگا۔,There will be a hospital in the village.,Easy,1,PRO,1,Expanded Mind-Sharp Practice
q_9_eng_b_urdu_eng_0321,1,ENGLISH_B | Urdu to English Translation | There Sentences | Expanded Mind-Sharp Practice,Long,translate_to_english,There Sentences,کیا گلاس میں دودھ ہے؟,Is there any milk in the glass?,Easy,1,PRO,1,Expanded Mind-Sharp Practice
q_9_eng_b_urdu_eng_0322,1,ENGLISH_B | Urdu to English Translation | There Sentences | Expanded Mind-Sharp Practice,Long,translate_to_english,There Sentences,سڑک پر اتنا شور کیوں تھا؟,Why was there so much noise on the road?,Easy,1,PRO,1,Expanded Mind-Sharp Practice
sep_9_eng_b_urdu_eng_007,1,ENGLISH_B | Urdu to English Translation | Is / Am / Are Sentences | Heading,Topic,topic_separator,Is / Am / Are Sentences,,,,,,1,
sep_9_eng_b_urdu_eng_008,1,ENGLISH_B | Urdu to English Translation | Is / Am / Are Sentences | Past Paper,Topic,topic_separator,Is / Am / Are Sentences,,,,,,1,
q_9_eng_b_urdu_eng_0028,1,ENGLISH_B | Urdu to English Translation | Is / Am / Are Sentences | Past Paper | 2014,Long,translate_to_english,Is / Am / Are Sentences,آج بہت سے طالب علم کیوں غیر حاضر ہیں؟,Why are so many students absent today?,Hard,1,ULTRA,1,Past Paper | 2014
q_9_eng_b_urdu_eng_0029,1,ENGLISH_B | Urdu to English Translation | Is / Am / Are Sentences | Past Paper | 2015 Evening,Long,translate_to_english,Is / Am / Are Sentences,ہر پاکستانی محب وطن ہے۔,Every Pakistani is patriotic.,Medium,1,ULTRA,1,Past Paper | 2015 Evening
q_9_eng_b_urdu_eng_0030,1,ENGLISH_B | Urdu to English Translation | Is / Am / Are Sentences | Past Paper | 2016,Long,translate_to_english,Is / Am / Are Sentences,ہم سب مسلمان ہیں۔,We are all Muslims.,Medium,1,ULTRA,1,Past Paper | 2016
sep_9_eng_b_urdu_eng_009,1,ENGLISH_B | Urdu to English Translation | Is / Am / Are Sentences | Mind-Sharp Practice,Topic,topic_separator,Is / Am / Are Sentences,,,,,,1,
q_9_eng_b_urdu_eng_0031,1,ENGLISH_B | Urdu to English Translation | Is / Am / Are Sentences | Board-Pattern Practice,Long,translate_to_english,Is / Am / Are Sentences,میں ایک طالب علم ہوں۔,I am a student.,Easy,1,PRO,1,Board-Pattern Practice
q_9_eng_b_urdu_eng_0032,1,ENGLISH_B | Urdu to English Translation | Is / Am / Are Sentences | Board-Pattern Practice,Long,translate_to_english,Is / Am / Are Sentences,ہم سب پاکستانی ہیں۔,We are all Pakistanis.,Easy,1,PRO,1,Board-Pattern Practice
q_9_eng_b_urdu_eng_0033,1,ENGLISH_B | Urdu to English Translation | Is / Am / Are Sentences | Board-Pattern Practice,Long,translate_to_english,Is / Am / Are Sentences,وہ بہت ذہین ہے۔,He is very intelligent.,Easy,1,PRO,1,Board-Pattern Practice
q_9_eng_b_urdu_eng_0034,1,ENGLISH_B | Urdu to English Translation | Is / Am / Are Sentences | Board-Pattern Practice,Long,translate_to_english,Is / Am / Are Sentences,یہ کتاب مفید ہے۔,This book is useful.,Easy,1,PRO,1,Board-Pattern Practice
q_9_eng_b_urdu_eng_0035,1,ENGLISH_B | Urdu to English Translation | Is / Am / Are Sentences | Board-Pattern Practice,Long,translate_to_english,Is / Am / Are Sentences,وہ آج غیر حاضر ہیں۔,They are absent today.,Easy,1,PRO,1,Board-Pattern Practice
q_9_eng_b_urdu_eng_0036,1,ENGLISH_B | Urdu to English Translation | Is / Am / Are Sentences | Board-Pattern Practice,Long,translate_to_english,Is / Am / Are Sentences,کیا تم تیار ہو؟,Are you ready?,Easy,1,PRO,1,Board-Pattern Practice
q_9_eng_b_urdu_eng_0037,1,ENGLISH_B | Urdu to English Translation | Is / Am / Are Sentences | Board-Pattern Practice,Long,translate_to_english,Is / Am / Are Sentences,میں اس فیصلے سے خوش نہیں ہوں۔,I am not happy with this decision.,Medium,1,ULTRA,1,Board-Pattern Practice
q_9_eng_b_urdu_eng_0038,1,ENGLISH_B | Urdu to English Translation | Is / Am / Are Sentences | Board-Pattern Practice,Long,translate_to_english,Is / Am / Are Sentences,یہ سوال بہت آسان ہے۔,This question is very easy.,Easy,1,PRO,1,Board-Pattern Practice
q_9_eng_b_urdu_eng_0039,1,ENGLISH_B | Urdu to English Translation | Is / Am / Are Sentences | Board-Pattern Practice,Long,translate_to_english,Is / Am / Are Sentences,بچے میدان میں ہیں۔,The children are in the playground.,Easy,1,PRO,1,Board-Pattern Practice
q_9_eng_b_urdu_eng_0040,1,ENGLISH_B | Urdu to English Translation | Is / Am / Are Sentences | Board-Pattern Practice,Long,translate_to_english,Is / Am / Are Sentences,کیا وہ تمہارا بھائی ہے؟,Is he your brother?,Easy,1,PRO,1,Board-Pattern Practice
q_9_eng_b_urdu_eng_0041,1,ENGLISH_B | Urdu to English Translation | Is / Am / Are Sentences | Board-Pattern Practice,Long,translate_to_english,Is / Am / Are Sentences,آپ کیوں پریشان ہیں؟,Why are you worried?,Medium,1,ULTRA,1,Board-Pattern Practice
q_9_eng_b_urdu_eng_0042,1,ENGLISH_B | Urdu to English Translation | Is / Am / Are Sentences | Board-Pattern Practice,Long,translate_to_english,Is / Am / Are Sentences,میرا دوست سچا اور ایماندار ہے۔,My friend is truthful and honest.,Easy,1,PRO,1,Board-Pattern Practice
q_9_eng_b_urdu_eng_0323,1,ENGLISH_B | Urdu to English Translation | Is / Am / Are Sentences | Expanded Mind-Sharp Practice,Long,translate_to_english,Is / Am / Are Sentences,میں تیار ہوں۔,I am ready.,Easy,1,PRO,1,Expanded Mind-Sharp Practice
q_9_eng_b_urdu_eng_0324,1,ENGLISH_B | Urdu to English Translation | Is / Am / Are Sentences | Expanded Mind-Sharp Practice,Long,translate_to_english,Is / Am / Are Sentences,وہ ایماندار ہے۔,He is honest.,Easy,1,PRO,1,Expanded Mind-Sharp Practice
q_9_eng_b_urdu_eng_0325,1,ENGLISH_B | Urdu to English Translation | Is / Am / Are Sentences | Expanded Mind-Sharp Practice,Long,translate_to_english,Is / Am / Are Sentences,وہ مصروف ہیں۔,They are busy.,Easy,1,PRO,1,Expanded Mind-Sharp Practice
q_9_eng_b_urdu_eng_0326,1,ENGLISH_B | Urdu to English Translation | Is / Am / Are Sentences | Expanded Mind-Sharp Practice,Long,translate_to_english,Is / Am / Are Sentences,کیا وہ غیر حاضر ہے؟,Is she absent?,Easy,1,PRO,1,Expanded Mind-Sharp Practice
q_9_eng_b_urdu_eng_0327,1,ENGLISH_B | Urdu to English Translation | Is / Am / Are Sentences | Expanded Mind-Sharp Practice,Long,translate_to_english,Is / Am / Are Sentences,ہم لاپرواہ نہیں ہیں۔,We are not careless.,Easy,1,PRO,1,Expanded Mind-Sharp Practice
sep_9_eng_b_urdu_eng_010,1,ENGLISH_B | Urdu to English Translation | Was / Were Sentences | Heading,Topic,topic_separator,Was / Were Sentences,,,,,,1,
sep_9_eng_b_urdu_eng_011,1,ENGLISH_B | Urdu to English Translation | Was / Were Sentences | Past Paper,Topic,topic_separator,Was / Were Sentences,,,,,,1,
q_9_eng_b_urdu_eng_0043,1,ENGLISH_B | Urdu to English Translation | Was / Were Sentences | Past Paper | 2013 Evening,Long,translate_to_english,Was / Were Sentences,کیا امیر آدمی غریبوں پر مہربان تھا؟,Was the rich man kind to the poor?,Hard,1,ULTRA,1,Past Paper | 2013 Evening
sep_9_eng_b_urdu_eng_012,1,ENGLISH_B | Urdu to English Translation | Was / Were Sentences | Mind-Sharp Practice,Topic,topic_separator,Was / Were Sentences,,,,,,1,
q_9_eng_b_urdu_eng_0044,1,ENGLISH_B | Urdu to English Translation | Was / Were Sentences | Board-Pattern Practice,Long,translate_to_english,Was / Were Sentences,میں کل گھر پر تھا۔,I was at home yesterday.,Easy,1,PRO,1,Board-Pattern Practice
q_9_eng_b_urdu_eng_0045,1,ENGLISH_B | Urdu to English Translation | Was / Were Sentences | Board-Pattern Practice,Long,translate_to_english,Was / Were Sentences,وہ بہت تھکا ہوا تھا۔,He was very tired.,Easy,1,PRO,1,Board-Pattern Practice
q_9_eng_b_urdu_eng_0046,1,ENGLISH_B | Urdu to English Translation | Was / Were Sentences | Board-Pattern Practice,Long,translate_to_english,Was / Were Sentences,ہم امتحان کے لیے تیار تھے۔,We were ready for the examination.,Easy,1,PRO,1,Board-Pattern Practice
q_9_eng_b_urdu_eng_0047,1,ENGLISH_B | Urdu to English Translation | Was / Were Sentences | Board-Pattern Practice,Long,translate_to_english,Was / Were Sentences,بچے باغ میں تھے۔,The children were in the garden.,Easy,1,PRO,1,Board-Pattern Practice
q_9_eng_b_urdu_eng_0048,1,ENGLISH_B | Urdu to English Translation | Was / Were Sentences | Board-Pattern Practice,Long,translate_to_english,Was / Were Sentences,کیا وہ کل سکول میں تھا؟,Was he at school yesterday?,Easy,1,PRO,1,Board-Pattern Practice
q_9_eng_b_urdu_eng_0049,1,ENGLISH_B | Urdu to English Translation | Was / Were Sentences | Board-Pattern Practice,Long,translate_to_english,Was / Were Sentences,تم اتنے خاموش کیوں تھے؟,Why were you so quiet?,Medium,1,ULTRA,1,Board-Pattern Practice
q_9_eng_b_urdu_eng_0050,1,ENGLISH_B | Urdu to English Translation | Was / Were Sentences | Board-Pattern Practice,Long,translate_to_english,Was / Were Sentences,موسم بہت سرد تھا۔,The weather was very cold.,Easy,1,PRO,1,Board-Pattern Practice
q_9_eng_b_urdu_eng_0051,1,ENGLISH_B | Urdu to English Translation | Was / Were Sentences | Board-Pattern Practice,Long,translate_to_english,Was / Were Sentences,وہ لوگ ہمارے مہمان تھے۔,They were our guests.,Easy,1,PRO,1,Board-Pattern Practice
q_9_eng_b_urdu_eng_0052,1,ENGLISH_B | Urdu to English Translation | Was / Were Sentences | Board-Pattern Practice,Long,translate_to_english,Was / Were Sentences,میں اس وقت مصروف نہیں تھا۔,I was not busy at that time.,Easy,1,PRO,1,Board-Pattern Practice
q_9_eng_b_urdu_eng_0053,1,ENGLISH_B | Urdu to English Translation | Was / Were Sentences | Board-Pattern Practice,Long,translate_to_english,Was / Were Sentences,کیا سب دروازے بند تھے؟,Were all the doors closed?,Medium,1,ULTRA,1,Board-Pattern Practice
q_9_eng_b_urdu_eng_0054,1,ENGLISH_B | Urdu to English Translation | Was / Were Sentences | Board-Pattern Practice,Long,translate_to_english,Was / Were Sentences,سڑکیں بارش کی وجہ سے گیلی تھیں۔,The roads were wet because of the rain.,Medium,1,ULTRA,1,Board-Pattern Practice
q_9_eng_b_urdu_eng_0055,1,ENGLISH_B | Urdu to English Translation | Was / Were Sentences | Board-Pattern Practice,Long,translate_to_english,Was / Were Sentences,اس کا جواب درست نہیں تھا۔,His answer was not correct.,Easy,1,PRO,1,Board-Pattern Practice
q_9_eng_b_urdu_eng_0328,1,ENGLISH_B | Urdu to English Translation | Was / Were Sentences | Expanded Mind-Sharp Practice,Long,translate_to_english,Was / Were Sentences,علی کل بیمار تھا۔,Ali was ill yesterday.,Easy,1,PRO,1,Expanded Mind-Sharp Practice
q_9_eng_b_urdu_eng_0329,1,ENGLISH_B | Urdu to English Translation | Was / Were Sentences | Expanded Mind-Sharp Practice,Long,translate_to_english,Was / Were Sentences,ہم گھر پر تھے۔,We were at home.,Easy,1,PRO,1,Expanded Mind-Sharp Practice
q_9_eng_b_urdu_eng_0330,1,ENGLISH_B | Urdu to English Translation | Was / Were Sentences | Expanded Mind-Sharp Practice,Long,translate_to_english,Was / Were Sentences,کیا دروازہ کھلا تھا؟,Was the door open?,Easy,1,PRO,1,Expanded Mind-Sharp Practice
q_9_eng_b_urdu_eng_0331,1,ENGLISH_B | Urdu to English Translation | Was / Were Sentences | Expanded Mind-Sharp Practice,Long,translate_to_english,Was / Were Sentences,وہ تھکے ہوئے نہیں تھے۔,They were not tired.,Easy,1,PRO,1,Expanded Mind-Sharp Practice
q_9_eng_b_urdu_eng_0332,1,ENGLISH_B | Urdu to English Translation | Was / Were Sentences | Expanded Mind-Sharp Practice,Long,translate_to_english,Was / Were Sentences,تم خاموش کیوں تھے؟,Why were you silent?,Easy,1,PRO,1,Expanded Mind-Sharp Practice
q_9_eng_b_urdu_eng_0333,1,ENGLISH_B | Urdu to English Translation | Was / Were Sentences | Expanded Mind-Sharp Practice,Long,translate_to_english,Was / Were Sentences,کتابیں نئی تھیں۔,The books were new.,Easy,1,PRO,1,Expanded Mind-Sharp Practice
q_9_eng_b_urdu_eng_0334,1,ENGLISH_B | Urdu to English Translation | Was / Were Sentences | Expanded Mind-Sharp Practice,Long,translate_to_english,Was / Were Sentences,موسم سرد تھا۔,The weather was cold.,Easy,1,PRO,1,Expanded Mind-Sharp Practice
sep_9_eng_b_urdu_eng_013,1,ENGLISH_B | Urdu to English Translation | Has / Have Sentences | Heading,Topic,topic_separator,Has / Have Sentences,,,,,,1,
sep_9_eng_b_urdu_eng_014,1,ENGLISH_B | Urdu to English Translation | Has / Have Sentences | Past Paper,Topic,topic_separator,Has / Have Sentences,,,,,,1,
q_9_eng_b_urdu_eng_0056,1,ENGLISH_B | Urdu to English Translation | Has / Have Sentences | Past Paper | 2018 Evening,Long,translate_to_english,Has / Have Sentences,ان عورتوں کے پاس زیور نہیں ہیں۔,Those women have no jewellery.,Medium,1,ULTRA,1,Past Paper | 2018 Evening
q_9_eng_b_urdu_eng_0057,1,ENGLISH_B | Urdu to English Translation | Has / Have Sentences | Past Paper | 2015 Evening,Long,translate_to_english,Has / Have Sentences,تمہارے پاس قلم کیوں نہیں ہے؟,Why do you not have a pen?,Hard,1,ULTRA,1,Past Paper | 2015 Evening
sep_9_eng_b_urdu_eng_015,1,ENGLISH_B | Urdu to English Translation | Has / Have Sentences | Mind-Sharp Practice,Topic,topic_separator,Has / Have Sentences,,,,,,1,
q_9_eng_b_urdu_eng_0058,1,ENGLISH_B | Urdu to English Translation | Has / Have Sentences | Board-Pattern Practice,Long,translate_to_english,Has / Have Sentences,میرے پاس ایک نئی سائیکل ہے۔,I have a new bicycle.,Easy,1,PRO,1,Board-Pattern Practice
q_9_eng_b_urdu_eng_0059,1,ENGLISH_B | Urdu to English Translation | Has / Have Sentences | Board-Pattern Practice,Long,translate_to_english,Has / Have Sentences,اس کے پاس بہت سی کتابیں ہیں۔,He has many books.,Easy,1,PRO,1,Board-Pattern Practice
q_9_eng_b_urdu_eng_0060,1,ENGLISH_B | Urdu to English Translation | Has / Have Sentences | Board-Pattern Practice,Long,translate_to_english,Has / Have Sentences,ہمارے پاس کافی وقت ہے۔,We have enough time.,Easy,1,PRO,1,Board-Pattern Practice
q_9_eng_b_urdu_eng_0061,1,ENGLISH_B | Urdu to English Translation | Has / Have Sentences | Board-Pattern Practice,Long,translate_to_english,Has / Have Sentences,کیا تمہارے پاس قلم ہے؟,Do you have a pen?,Easy,1,PRO,1,Board-Pattern Practice
q_9_eng_b_urdu_eng_0062,1,ENGLISH_B | Urdu to English Translation | Has / Have Sentences | Board-Pattern Practice,Long,translate_to_english,Has / Have Sentences,اس کے دو بھائی ہیں۔,He has two brothers.,Easy,1,PRO,1,Board-Pattern Practice
q_9_eng_b_urdu_eng_0063,1,ENGLISH_B | Urdu to English Translation | Has / Have Sentences | Board-Pattern Practice,Long,translate_to_english,Has / Have Sentences,میرے پاس کوئی پیسہ نہیں ہے۔,I have no money.,Easy,1,PRO,1,Board-Pattern Practice
q_9_eng_b_urdu_eng_0064,1,ENGLISH_B | Urdu to English Translation | Has / Have Sentences | Board-Pattern Practice,Long,translate_to_english,Has / Have Sentences,کیا اس کے پاس شناختی کارڈ ہے؟,Does he have an identity card?,Medium,1,ULTRA,1,Board-Pattern Practice
q_9_eng_b_urdu_eng_0065,1,ENGLISH_B | Urdu to English Translation | Has / Have Sentences | Board-Pattern Practice,Long,translate_to_english,Has / Have Sentences,اس گاڑی کے چار دروازے ہیں۔,This car has four doors.,Easy,1,PRO,1,Board-Pattern Practice
q_9_eng_b_urdu_eng_0066,1,ENGLISH_B | Urdu to English Translation | Has / Have Sentences | Board-Pattern Practice,Long,translate_to_english,Has / Have Sentences,ہمارے سکول میں ایک بڑی لائبریری ہے۔,Our school has a large library.,Easy,1,PRO,1,Board-Pattern Practice
q_9_eng_b_urdu_eng_0067,1,ENGLISH_B | Urdu to English Translation | Has / Have Sentences | Board-Pattern Practice,Long,translate_to_english,Has / Have Sentences,تمہارے پاس اتنا کام کیوں ہے؟,Why do you have so much work?,Medium,1,ULTRA,1,Board-Pattern Practice
q_9_eng_b_urdu_eng_0068,1,ENGLISH_B | Urdu to English Translation | Has / Have Sentences | Board-Pattern Practice,Long,translate_to_english,Has / Have Sentences,اس مکان میں پانچ کمرے ہیں۔,This house has five rooms.,Easy,1,PRO,1,Board-Pattern Practice
q_9_eng_b_urdu_eng_0335,1,ENGLISH_B | Urdu to English Translation | Has / Have Sentences | Expanded Mind-Sharp Practice,Long,translate_to_english,Has / Have Sentences,میرے پاس ایک قلم ہے۔,I have a pen.,Easy,1,PRO,1,Expanded Mind-Sharp Practice
q_9_eng_b_urdu_eng_0336,1,ENGLISH_B | Urdu to English Translation | Has / Have Sentences | Expanded Mind-Sharp Practice,Long,translate_to_english,Has / Have Sentences,اس کی دو بہنیں ہیں۔,She has two sisters.,Easy,1,PRO,1,Expanded Mind-Sharp Practice
q_9_eng_b_urdu_eng_0337,1,ENGLISH_B | Urdu to English Translation | Has / Have Sentences | Expanded Mind-Sharp Practice,Long,translate_to_english,Has / Have Sentences,میرے والد کے پاس ایک نئی گاڑی ہے۔,My father has a new car.,Easy,1,PRO,1,Expanded Mind-Sharp Practice
q_9_eng_b_urdu_eng_0338,1,ENGLISH_B | Urdu to English Translation | Has / Have Sentences | Expanded Mind-Sharp Practice,Long,translate_to_english,Has / Have Sentences,اس کے پاس سائیکل نہیں ہے۔,He does not have a bicycle.,Easy,1,PRO,1,Expanded Mind-Sharp Practice
q_9_eng_b_urdu_eng_0339,1,ENGLISH_B | Urdu to English Translation | Has / Have Sentences | Expanded Mind-Sharp Practice,Long,translate_to_english,Has / Have Sentences,کیا تمہارے پاس کوئی سوال ہے؟,Do you have any question?,Easy,1,PRO,1,Expanded Mind-Sharp Practice
q_9_eng_b_urdu_eng_0340,1,ENGLISH_B | Urdu to English Translation | Has / Have Sentences | Expanded Mind-Sharp Practice,Long,translate_to_english,Has / Have Sentences,کیا اس کے پاس موبائل فون ہے؟,Does she have a mobile phone?,Easy,1,PRO,1,Expanded Mind-Sharp Practice
q_9_eng_b_urdu_eng_0341,1,ENGLISH_B | Urdu to English Translation | Has / Have Sentences | Expanded Mind-Sharp Practice,Long,translate_to_english,Has / Have Sentences,سکول میں ایک بڑا ہال ہے۔,The school has a large hall.,Easy,1,PRO,1,Expanded Mind-Sharp Practice
sep_9_eng_b_urdu_eng_016,1,ENGLISH_B | Urdu to English Translation | Had Sentences | Heading,Topic,topic_separator,Had Sentences,,,,,,1,
sep_9_eng_b_urdu_eng_017,1,ENGLISH_B | Urdu to English Translation | Had Sentences | Mind-Sharp Practice,Topic,topic_separator,Had Sentences,,,,,,1,
q_9_eng_b_urdu_eng_0069,1,ENGLISH_B | Urdu to English Translation | Had Sentences | Board-Pattern Practice,Long,translate_to_english,Had Sentences,میرے پاس ایک پرانی گھڑی تھی۔,I had an old watch.,Easy,1,PRO,1,Board-Pattern Practice
q_9_eng_b_urdu_eng_0070,1,ENGLISH_B | Urdu to English Translation | Had Sentences | Board-Pattern Practice,Long,translate_to_english,Had Sentences,اس کے پاس کافی رقم تھی۔,He had enough money.,Easy,1,PRO,1,Board-Pattern Practice
q_9_eng_b_urdu_eng_0071,1,ENGLISH_B | Urdu to English Translation | Had Sentences | Board-Pattern Practice,Long,translate_to_english,Had Sentences,ہمارے پاس وقت نہیں تھا۔,We had no time.,Easy,1,PRO,1,Board-Pattern Practice
q_9_eng_b_urdu_eng_0072,1,ENGLISH_B | Urdu to English Translation | Had Sentences | Board-Pattern Practice,Long,translate_to_english,Had Sentences,کیا تمہارے پاس نقشہ تھا؟,Did you have a map?,Medium,1,ULTRA,1,Board-Pattern Practice
q_9_eng_b_urdu_eng_0073,1,ENGLISH_B | Urdu to English Translation | Had Sentences | Board-Pattern Practice,Long,translate_to_english,Had Sentences,اس کے تین بیٹے تھے۔,He had three sons.,Easy,1,PRO,1,Board-Pattern Practice
q_9_eng_b_urdu_eng_0074,1,ENGLISH_B | Urdu to English Translation | Had Sentences | Board-Pattern Practice,Long,translate_to_english,Had Sentences,میرے پاس کل چھٹی تھی۔,I had a holiday yesterday.,Easy,1,PRO,1,Board-Pattern Practice
q_9_eng_b_urdu_eng_0075,1,ENGLISH_B | Urdu to English Translation | Had Sentences | Board-Pattern Practice,Long,translate_to_english,Had Sentences,ان کے پاس رہنے کے لیے گھر نہیں تھا۔,They had no house to live in.,Medium,1,ULTRA,1,Board-Pattern Practice
q_9_eng_b_urdu_eng_0076,1,ENGLISH_B | Urdu to English Translation | Had Sentences | Board-Pattern Practice,Long,translate_to_english,Had Sentences,اس کمرے میں دو کھڑکیاں تھیں۔,This room had two windows.,Easy,1,PRO,1,Board-Pattern Practice
q_9_eng_b_urdu_eng_0077,1,ENGLISH_B | Urdu to English Translation | Had Sentences | Board-Pattern Practice,Long,translate_to_english,Had Sentences,کیا اس کے پاس کوئی ثبوت تھا؟,Did he have any evidence?,Medium,1,ULTRA,1,Board-Pattern Practice
q_9_eng_b_urdu_eng_0078,1,ENGLISH_B | Urdu to English Translation | Had Sentences | Board-Pattern Practice,Long,translate_to_english,Had Sentences,ہمارے پاس ایک اچھا موقع تھا۔,We had a good opportunity.,Easy,1,PRO,1,Board-Pattern Practice
q_9_eng_b_urdu_eng_0079,1,ENGLISH_B | Urdu to English Translation | Had Sentences | Board-Pattern Practice,Long,translate_to_english,Had Sentences,اس کے پاس جواب دینے کی ہمت نہیں تھی۔,He did not have the courage to answer.,Hard,1,ELITE,1,Board-Pattern Practice
q_9_eng_b_urdu_eng_0080,1,ENGLISH_B | Urdu to English Translation | Had Sentences | Board-Pattern Practice,Long,translate_to_english,Had Sentences,میرے پاس تم سے ملنے کا وقت نہیں تھا۔,I did not have time to meet you.,Medium,1,ULTRA,1,Board-Pattern Practice
q_9_eng_b_urdu_eng_0342,1,ENGLISH_B | Urdu to English Translation | Had Sentences | Expanded Mind-Sharp Practice,Long,translate_to_english,Had Sentences,میرے پاس ایک گھڑی تھی۔,I had a watch.,Easy,1,PRO,1,Expanded Mind-Sharp Practice
q_9_eng_b_urdu_eng_0343,1,ENGLISH_B | Urdu to English Translation | Had Sentences | Expanded Mind-Sharp Practice,Long,translate_to_english,Had Sentences,ان کے پاس پیسے نہیں تھے۔,They had no money.,Easy,1,PRO,1,Expanded Mind-Sharp Practice
q_9_eng_b_urdu_eng_0344,1,ENGLISH_B | Urdu to English Translation | Had Sentences | Expanded Mind-Sharp Practice,Long,translate_to_english,Had Sentences,اس کے سر میں درد تھا۔,She had a headache.,Easy,1,PRO,1,Expanded Mind-Sharp Practice
q_9_eng_b_urdu_eng_0345,1,ENGLISH_B | Urdu to English Translation | Had Sentences | Expanded Mind-Sharp Practice,Long,translate_to_english,Had Sentences,کیا اس کے پاس ٹکٹ تھا؟,Did he have a ticket?,Easy,1,PRO,1,Expanded Mind-Sharp Practice
q_9_eng_b_urdu_eng_0346,1,ENGLISH_B | Urdu to English Translation | Had Sentences | Expanded Mind-Sharp Practice,Long,translate_to_english,Had Sentences,ہمارے پاس کافی کھانا تھا۔,We had enough food.,Easy,1,PRO,1,Expanded Mind-Sharp Practice
q_9_eng_b_urdu_eng_0347,1,ENGLISH_B | Urdu to English Translation | Had Sentences | Expanded Mind-Sharp Practice,Long,translate_to_english,Had Sentences,گاؤں میں ایک چھوٹا سکول تھا۔,The village had a small school.,Easy,1,PRO,1,Expanded Mind-Sharp Practice
q_9_eng_b_urdu_eng_0348,1,ENGLISH_B | Urdu to English Translation | Had Sentences | Expanded Mind-Sharp Practice,Long,translate_to_english,Had Sentences,بچے کو بخار تھا۔,The child had a fever.,Easy,1,PRO,1,Expanded Mind-Sharp Practice
q_9_eng_b_urdu_eng_0349,1,ENGLISH_B | Urdu to English Translation | Had Sentences | Expanded Mind-Sharp Practice,Long,translate_to_english,Had Sentences,تمہارے پاس چھتری کیوں نہیں تھی؟,Why did you not have an umbrella?,Easy,1,PRO,1,Expanded Mind-Sharp Practice
sep_9_eng_b_urdu_eng_018,1,ENGLISH_B | Urdu to English Translation | Present Indefinite Tense | Heading,Topic,topic_separator,Present Indefinite Tense,,,,,,1,
sep_9_eng_b_urdu_eng_019,1,ENGLISH_B | Urdu to English Translation | Present Indefinite Tense | Past Paper,Topic,topic_separator,Present Indefinite Tense,,,,,,1,
q_9_eng_b_urdu_eng_0081,1,ENGLISH_B | Urdu to English Translation | Present Indefinite Tense | Past Paper | 2013,Long,translate_to_english,Present Indefinite Tense,آپ اپنی غلطی کو تسلیم نہیں کرتے ہیں۔,You do not admit your mistake.,Medium,1,ULTRA,1,Past Paper | 2013
q_9_eng_b_urdu_eng_0082,1,ENGLISH_B | Urdu to English Translation | Present Indefinite Tense | Past Paper | 2014,Long,translate_to_english,Present Indefinite Tense,آپ شام کو سیر کے لیے نہیں جاتے۔,You do not go for a walk in the evening.,Medium,1,ULTRA,1,Past Paper | 2014
q_9_eng_b_urdu_eng_0083,1,ENGLISH_B | Urdu to English Translation | Present Indefinite Tense | Past Paper | 2013,Long,translate_to_english,Present Indefinite Tense,اسلم عید پر نئے جوتے خریدتا ہے۔,Aslam buys new shoes on Eid.,Medium,1,ULTRA,1,Past Paper | 2013
q_9_eng_b_urdu_eng_0084,1,ENGLISH_B | Urdu to English Translation | Present Indefinite Tense | Past Paper | 2013 Evening,Long,translate_to_english,Present Indefinite Tense,خدا ان کی مدد کرتا ہے جو اپنی مدد آپ کرتے ہیں۔,God helps those who help themselves.,Medium,1,ULTRA,1,Past Paper | 2013 Evening
q_9_eng_b_urdu_eng_0085,1,ENGLISH_B | Urdu to English Translation | Present Indefinite Tense | Past Paper | 2023,Long,translate_to_english,Present Indefinite Tense,دانت صبح کو صاف کیے جاتے ہیں۔,The teeth are cleaned in the morning.,Medium,1,ULTRA,1,Past Paper | 2023
q_9_eng_b_urdu_eng_0086,1,ENGLISH_B | Urdu to English Translation | Present Indefinite Tense | Past Paper | 2015,Long,translate_to_english,Present Indefinite Tense,مرغیاں سارا سال انڈے دیتی ہیں۔,Hens lay eggs throughout the year.,Medium,1,ULTRA,1,Past Paper | 2015
q_9_eng_b_urdu_eng_0087,1,ENGLISH_B | Urdu to English Translation | Present Indefinite Tense | Past Paper | 2023 Evening,Long,translate_to_english,Present Indefinite Tense,میں تیرنا جانتا ہوں۔,I know how to swim.,Medium,1,ULTRA,1,Past Paper | 2023 Evening
q_9_eng_b_urdu_eng_0088,1,ENGLISH_B | Urdu to English Translation | Present Indefinite Tense | Past Paper | 2014,Long,translate_to_english,Present Indefinite Tense,نسیمہ ہمیشہ سچ بولتی ہے۔,Nasima always speaks the truth.,Medium,1,ULTRA,1,Past Paper | 2014
q_9_eng_b_urdu_eng_0089,1,ENGLISH_B | Urdu to English Translation | Present Indefinite Tense | Past Paper | 2020,Long,translate_to_english,Present Indefinite Tense,وہ اپنی آمدن سے زیادہ کیوں خرچ کرتا ہے؟,Why does he spend more than his income?,Hard,1,ULTRA,1,Past Paper | 2020
q_9_eng_b_urdu_eng_0090,1,ENGLISH_B | Urdu to English Translation | Present Indefinite Tense | Past Paper | 2023 Evening,Long,translate_to_english,Present Indefinite Tense,وہ اپنے گناہ پر نہیں پچھتاتا ہے۔,He does not repent of his sin.,Medium,1,ULTRA,1,Past Paper | 2023 Evening
q_9_eng_b_urdu_eng_0091,1,ENGLISH_B | Urdu to English Translation | Present Indefinite Tense | Past Paper | 2017 Evening,Long,translate_to_english,Present Indefinite Tense,وہ باقاعدہ ورزش نہیں کرتا ہے۔,He does not take exercise regularly.,Medium,1,ULTRA,1,Past Paper | 2017 Evening
q_9_eng_b_urdu_eng_0092,1,ENGLISH_B | Urdu to English Translation | Present Indefinite Tense | Past Paper | 2022 Evening,Long,translate_to_english,Present Indefinite Tense,وہ کسی سے نفرت نہیں کرتا ہے۔,He does not hate anyone.,Medium,1,ULTRA,1,Past Paper | 2022 Evening
q_9_eng_b_urdu_eng_0093,1,ENGLISH_B | Urdu to English Translation | Present Indefinite Tense | Past Paper | 2015,Long,translate_to_english,Present Indefinite Tense,وہ گناہ پر نہیں پچھتاتا ہے۔,He does not repent of his sin.,Medium,1,ULTRA,1,Past Paper | 2015
q_9_eng_b_urdu_eng_0094,1,ENGLISH_B | Urdu to English Translation | Present Indefinite Tense | Past Paper | 2015 Evening,Long,translate_to_english,Present Indefinite Tense,پرندے کب چہچہاتے ہیں؟,When do birds chirp?,Hard,1,ULTRA,1,Past Paper | 2015 Evening
q_9_eng_b_urdu_eng_0095,1,ENGLISH_B | Urdu to English Translation | Present Indefinite Tense | Past Paper | 2018,Long,translate_to_english,Present Indefinite Tense,ڈاکٹر مریض کو آرام کا مشورہ دیتا ہے۔,The doctor advises the patient to take rest.,Medium,1,ULTRA,1,Past Paper | 2018
q_9_eng_b_urdu_eng_0096,1,ENGLISH_B | Urdu to English Translation | Present Indefinite Tense | Past Paper | 2013,Long,translate_to_english,Present Indefinite Tense,کیا بچے چڑیا گھر کی سیر سے لطف اٹھاتے ہیں؟,Do the children enjoy a visit to the zoo?,Hard,1,ULTRA,1,Past Paper | 2013
q_9_eng_b_urdu_eng_0097,1,ENGLISH_B | Urdu to English Translation | Present Indefinite Tense | Past Paper | 2013,Long,translate_to_english,Present Indefinite Tense,گھوڑے کے چار سم ہوتے ہیں۔,A horse has four hoofs.,Medium,1,ULTRA,1,Past Paper | 2013
q_9_eng_b_urdu_eng_0098,1,"ENGLISH_B | Urdu to English Translation | Present Indefinite Tense | Past Paper | 2016, 2023",Long,translate_to_english,Present Indefinite Tense,ہم ہر روز اخبار پڑھتے ہیں۔,We read the newspaper every day.,Medium,1,ELITE,1,"Past Paper | 2016, 2023"
sep_9_eng_b_urdu_eng_020,1,ENGLISH_B | Urdu to English Translation | Present Indefinite Tense | Mind-Sharp Practice,Topic,topic_separator,Present Indefinite Tense,,,,,,1,
q_9_eng_b_urdu_eng_0099,1,ENGLISH_B | Urdu to English Translation | Present Indefinite Tense | Board-Pattern Practice,Long,translate_to_english,Present Indefinite Tense,میں روزانہ صبح جلدی اٹھتا ہوں۔,I get up early every morning.,Easy,1,PRO,1,Board-Pattern Practice
q_9_eng_b_urdu_eng_0100,1,ENGLISH_B | Urdu to English Translation | Present Indefinite Tense | Board-Pattern Practice,Long,translate_to_english,Present Indefinite Tense,وہ ہمیشہ سچ بولتی ہے۔,She always speaks the truth.,Easy,1,PRO,1,Board-Pattern Practice
q_9_eng_b_urdu_eng_0101,1,ENGLISH_B | Urdu to English Translation | Present Indefinite Tense | Board-Pattern Practice,Long,translate_to_english,Present Indefinite Tense,بچے شام کو کھیلتے ہیں۔,The children play in the evening.,Easy,1,PRO,1,Board-Pattern Practice
q_9_eng_b_urdu_eng_0102,1,ENGLISH_B | Urdu to English Translation | Present Indefinite Tense | Board-Pattern Practice,Long,translate_to_english,Present Indefinite Tense,ہم اپنے اساتذہ کا احترام کرتے ہیں۔,We respect our teachers.,Easy,1,PRO,1,Board-Pattern Practice
q_9_eng_b_urdu_eng_0103,1,ENGLISH_B | Urdu to English Translation | Present Indefinite Tense | Board-Pattern Practice,Long,translate_to_english,Present Indefinite Tense,سورج مشرق سے نکلتا ہے۔,The sun rises in the east.,Easy,1,PRO,1,Board-Pattern Practice
q_9_eng_b_urdu_eng_0104,1,ENGLISH_B | Urdu to English Translation | Present Indefinite Tense | Board-Pattern Practice,Long,translate_to_english,Present Indefinite Tense,وہ چائے نہیں پیتا۔,He does not drink tea.,Easy,1,PRO,1,Board-Pattern Practice
q_9_eng_b_urdu_eng_0105,1,ENGLISH_B | Urdu to English Translation | Present Indefinite Tense | Board-Pattern Practice,Long,translate_to_english,Present Indefinite Tense,کیا تم انگریزی سمجھتے ہو؟,Do you understand English?,Easy,1,PRO,1,Board-Pattern Practice
q_9_eng_b_urdu_eng_0106,1,ENGLISH_B | Urdu to English Translation | Present Indefinite Tense | Board-Pattern Practice,Long,translate_to_english,Present Indefinite Tense,وہ سکول کب جاتی ہے؟,When does she go to school?,Medium,1,ULTRA,1,Board-Pattern Practice
q_9_eng_b_urdu_eng_0107,1,ENGLISH_B | Urdu to English Translation | Present Indefinite Tense | Board-Pattern Practice,Long,translate_to_english,Present Indefinite Tense,محنتی طالب علم وقت ضائع نہیں کرتے۔,Hardworking students do not waste time.,Medium,1,ULTRA,1,Board-Pattern Practice
q_9_eng_b_urdu_eng_0108,1,ENGLISH_B | Urdu to English Translation | Present Indefinite Tense | Board-Pattern Practice,Long,translate_to_english,Present Indefinite Tense,کون اس کمرے کو صاف کرتا ہے؟,Who cleans this room?,Medium,1,ULTRA,1,Board-Pattern Practice
q_9_eng_b_urdu_eng_0109,1,ENGLISH_B | Urdu to English Translation | Present Indefinite Tense | Board-Pattern Practice,Long,translate_to_english,Present Indefinite Tense,اچھی کتابیں ہماری رہنمائی کرتی ہیں۔,Good books guide us.,Easy,1,PRO,1,Board-Pattern Practice
q_9_eng_b_urdu_eng_0110,1,ENGLISH_B | Urdu to English Translation | Present Indefinite Tense | Board-Pattern Practice,Long,translate_to_english,Present Indefinite Tense,کیا تم روزانہ اخبار پڑھتے ہو؟,Do you read the newspaper daily?,Easy,1,PRO,1,Board-Pattern Practice
q_9_eng_b_urdu_eng_0350,1,ENGLISH_B | Urdu to English Translation | Present Indefinite Tense | Expanded Mind-Sharp Practice,Long,translate_to_english,Present Indefinite Tense,میرا بھائی ہر روز اخبار پڑھتا ہے۔,My brother reads the newspaper every day.,Easy,1,PRO,1,Expanded Mind-Sharp Practice
q_9_eng_b_urdu_eng_0351,1,ENGLISH_B | Urdu to English Translation | Present Indefinite Tense | Expanded Mind-Sharp Practice,Long,translate_to_english,Present Indefinite Tense,پرندے صبح چہچہاتے ہیں۔,Birds chirp in the morning.,Easy,1,PRO,1,Expanded Mind-Sharp Practice
q_9_eng_b_urdu_eng_0352,1,ENGLISH_B | Urdu to English Translation | Present Indefinite Tense | Expanded Mind-Sharp Practice,Long,translate_to_english,Present Indefinite Tense,ہم بڑوں کا احترام کرتے ہیں۔,We respect our elders.,Easy,1,PRO,1,Expanded Mind-Sharp Practice
q_9_eng_b_urdu_eng_0353,1,ENGLISH_B | Urdu to English Translation | Present Indefinite Tense | Expanded Mind-Sharp Practice,Long,translate_to_english,Present Indefinite Tense,یہ دکان نو بجے کھلتی ہے۔,This shop opens at nine o’clock.,Easy,1,PRO,1,Expanded Mind-Sharp Practice
q_9_eng_b_urdu_eng_0354,1,ENGLISH_B | Urdu to English Translation | Present Indefinite Tense | Expanded Mind-Sharp Practice,Long,translate_to_english,Present Indefinite Tense,کیا تم روزانہ انگریزی بولتے ہو؟,Do you speak English every day?,Easy,1,PRO,1,Expanded Mind-Sharp Practice
sep_9_eng_b_urdu_eng_021,1,ENGLISH_B | Urdu to English Translation | Present Continuous Tense | Heading,Topic,topic_separator,Present Continuous Tense,,,,,,1,
sep_9_eng_b_urdu_eng_022,1,ENGLISH_B | Urdu to English Translation | Present Continuous Tense | Past Paper,Topic,topic_separator,Present Continuous Tense,,,,,,1,
q_9_eng_b_urdu_eng_0111,1,ENGLISH_B | Urdu to English Translation | Present Continuous Tense | Past Paper | 2020,Long,translate_to_english,Present Continuous Tense,آپ کی درخواست پر غور کیا جا رہا ہے۔,Your application is being considered.,Medium,1,ULTRA,1,Past Paper | 2020
q_9_eng_b_urdu_eng_0112,1,ENGLISH_B | Urdu to English Translation | Present Continuous Tense | Past Paper | 2023,Long,translate_to_english,Present Continuous Tense,بوندا باندی ہو رہی ہے۔,It is drizzling.,Medium,1,ULTRA,1,Past Paper | 2023
q_9_eng_b_urdu_eng_0113,1,ENGLISH_B | Urdu to English Translation | Present Continuous Tense | Past Paper | 2020,Long,translate_to_english,Present Continuous Tense,فیس یہاں وصول نہیں کی جا رہی ہے۔,The fee is not being collected here.,Hard,1,ULTRA,1,Past Paper | 2020
q_9_eng_b_urdu_eng_0114,1,ENGLISH_B | Urdu to English Translation | Present Continuous Tense | Past Paper | 2014,Long,translate_to_english,Present Continuous Tense,میں اپنی گھڑی تلاش کر رہا ہوں۔,I am looking for my watch.,Medium,1,ULTRA,1,Past Paper | 2014
q_9_eng_b_urdu_eng_0115,1,"ENGLISH_B | Urdu to English Translation | Present Continuous Tense | Past Paper | 2013 Evening, 2015",Long,translate_to_english,Present Continuous Tense,پاکستان دن دوگنی رات چوگنی ترقی کر رہا ہے۔,Pakistan is progressing by leaps and bounds.,Medium,1,ELITE,1,"Past Paper | 2013 Evening, 2015"
q_9_eng_b_urdu_eng_0116,1,ENGLISH_B | Urdu to English Translation | Present Continuous Tense | Past Paper | 2018 Evening,Long,translate_to_english,Present Continuous Tense,چولہے سے دھواں اٹھ رہا ہے۔,Smoke is rising from the stove.,Medium,1,ULTRA,1,Past Paper | 2018 Evening
q_9_eng_b_urdu_eng_0117,1,ENGLISH_B | Urdu to English Translation | Present Continuous Tense | Past Paper | 2015,Long,translate_to_english,Present Continuous Tense,کیا اولے پڑ رہے ہیں؟,Is it hailing?,Hard,1,ULTRA,1,Past Paper | 2015
q_9_eng_b_urdu_eng_0118,1,ENGLISH_B | Urdu to English Translation | Present Continuous Tense | Past Paper | 2016,Long,translate_to_english,Present Continuous Tense,کیا بچہ سو رہا ہے؟,Is the child sleeping?,Hard,1,ULTRA,1,Past Paper | 2016
q_9_eng_b_urdu_eng_0119,1,"ENGLISH_B | Urdu to English Translation | Present Continuous Tense | Past Paper | 2015, 2018",Long,translate_to_english,Present Continuous Tense,کیا دکاندار گاہک سے زیادہ پیسے وصول کر رہا ہے؟,Is the shopkeeper charging the customer more money?,Hard,1,ELITE,1,"Past Paper | 2015, 2018"
sep_9_eng_b_urdu_eng_023,1,ENGLISH_B | Urdu to English Translation | Present Continuous Tense | Mind-Sharp Practice,Topic,topic_separator,Present Continuous Tense,,,,,,1,
q_9_eng_b_urdu_eng_0120,1,ENGLISH_B | Urdu to English Translation | Present Continuous Tense | Board-Pattern Practice,Long,translate_to_english,Present Continuous Tense,میں ایک خط لکھ رہا ہوں۔,I am writing a letter.,Easy,1,PRO,1,Board-Pattern Practice
q_9_eng_b_urdu_eng_0121,1,ENGLISH_B | Urdu to English Translation | Present Continuous Tense | Board-Pattern Practice,Long,translate_to_english,Present Continuous Tense,وہ کھانا پکا رہی ہے۔,She is cooking food.,Easy,1,PRO,1,Board-Pattern Practice
q_9_eng_b_urdu_eng_0122,1,ENGLISH_B | Urdu to English Translation | Present Continuous Tense | Board-Pattern Practice,Long,translate_to_english,Present Continuous Tense,بچے میدان میں کھیل رہے ہیں۔,The children are playing in the field.,Easy,1,PRO,1,Board-Pattern Practice
q_9_eng_b_urdu_eng_0123,1,ENGLISH_B | Urdu to English Translation | Present Continuous Tense | Board-Pattern Practice,Long,translate_to_english,Present Continuous Tense,ہم امتحان کی تیاری کر رہے ہیں۔,We are preparing for the examination.,Easy,1,PRO,1,Board-Pattern Practice
q_9_eng_b_urdu_eng_0124,1,ENGLISH_B | Urdu to English Translation | Present Continuous Tense | Board-Pattern Practice,Long,translate_to_english,Present Continuous Tense,وہ آج سکول نہیں جا رہا ہے۔,He is not going to school today.,Easy,1,PRO,1,Board-Pattern Practice
q_9_eng_b_urdu_eng_0125,1,ENGLISH_B | Urdu to English Translation | Present Continuous Tense | Board-Pattern Practice,Long,translate_to_english,Present Continuous Tense,کیا بارش ہو رہی ہے؟,Is it raining?,Easy,1,PRO,1,Board-Pattern Practice
q_9_eng_b_urdu_eng_0126,1,ENGLISH_B | Urdu to English Translation | Present Continuous Tense | Board-Pattern Practice,Long,translate_to_english,Present Continuous Tense,تم کیوں ہنس رہے ہو؟,Why are you laughing?,Medium,1,ULTRA,1,Board-Pattern Practice
q_9_eng_b_urdu_eng_0127,1,ENGLISH_B | Urdu to English Translation | Present Continuous Tense | Board-Pattern Practice,Long,translate_to_english,Present Continuous Tense,استاد سبق سمجھا رہا ہے۔,The teacher is explaining the lesson.,Easy,1,PRO,1,Board-Pattern Practice
q_9_eng_b_urdu_eng_0128,1,ENGLISH_B | Urdu to English Translation | Present Continuous Tense | Board-Pattern Practice,Long,translate_to_english,Present Continuous Tense,کون دروازہ کھول رہا ہے؟,Who is opening the door?,Medium,1,ULTRA,1,Board-Pattern Practice
q_9_eng_b_urdu_eng_0129,1,ENGLISH_B | Urdu to English Translation | Present Continuous Tense | Board-Pattern Practice,Long,translate_to_english,Present Continuous Tense,سڑک کی مرمت کی جا رہی ہے۔,The road is being repaired.,Hard,1,ELITE,1,Board-Pattern Practice
q_9_eng_b_urdu_eng_0130,1,ENGLISH_B | Urdu to English Translation | Present Continuous Tense | Board-Pattern Practice,Long,translate_to_english,Present Continuous Tense,میں اپنی کتاب تلاش کر رہا ہوں۔,I am looking for my book.,Easy,1,PRO,1,Board-Pattern Practice
q_9_eng_b_urdu_eng_0131,1,ENGLISH_B | Urdu to English Translation | Present Continuous Tense | Board-Pattern Practice,Long,translate_to_english,Present Continuous Tense,کیا وہ تمہارا انتظار کر رہے ہیں؟,Are they waiting for you?,Medium,1,ULTRA,1,Board-Pattern Practice
q_9_eng_b_urdu_eng_0355,1,ENGLISH_B | Urdu to English Translation | Present Continuous Tense | Expanded Mind-Sharp Practice,Long,translate_to_english,Present Continuous Tense,علی خط لکھ رہا ہے۔,Ali is writing a letter.,Medium,1,ULTRA,1,Expanded Mind-Sharp Practice
q_9_eng_b_urdu_eng_0356,1,ENGLISH_B | Urdu to English Translation | Present Continuous Tense | Expanded Mind-Sharp Practice,Long,translate_to_english,Present Continuous Tense,بچے صحن میں دوڑ رہے ہیں۔,The children are running in the courtyard.,Medium,1,ULTRA,1,Expanded Mind-Sharp Practice
q_9_eng_b_urdu_eng_0357,1,ENGLISH_B | Urdu to English Translation | Present Continuous Tense | Expanded Mind-Sharp Practice,Long,translate_to_english,Present Continuous Tense,وہ اپنے کپڑے استری کر رہی ہے۔,She is ironing her clothes.,Medium,1,ULTRA,1,Expanded Mind-Sharp Practice
q_9_eng_b_urdu_eng_0358,1,ENGLISH_B | Urdu to English Translation | Present Continuous Tense | Expanded Mind-Sharp Practice,Long,translate_to_english,Present Continuous Tense,ہم نئی کتابیں خرید رہے ہیں۔,We are buying new books.,Medium,1,ULTRA,1,Expanded Mind-Sharp Practice
q_9_eng_b_urdu_eng_0359,1,ENGLISH_B | Urdu to English Translation | Present Continuous Tense | Expanded Mind-Sharp Practice,Long,translate_to_english,Present Continuous Tense,بارش ہو رہی ہے۔,It is raining.,Medium,1,ULTRA,1,Expanded Mind-Sharp Practice
q_9_eng_b_urdu_eng_0360,1,ENGLISH_B | Urdu to English Translation | Present Continuous Tense | Expanded Mind-Sharp Practice,Long,translate_to_english,Present Continuous Tense,استاد سبق سمجھا رہے ہیں۔,The teacher is explaining the lesson.,Medium,1,ULTRA,1,Expanded Mind-Sharp Practice
q_9_eng_b_urdu_eng_0361,1,ENGLISH_B | Urdu to English Translation | Present Continuous Tense | Expanded Mind-Sharp Practice,Long,translate_to_english,Present Continuous Tense,میں ٹی وی نہیں دیکھ رہا ہوں۔,I am not watching television.,Medium,1,ULTRA,1,Expanded Mind-Sharp Practice
q_9_eng_b_urdu_eng_0362,1,ENGLISH_B | Urdu to English Translation | Present Continuous Tense | Expanded Mind-Sharp Practice,Long,translate_to_english,Present Continuous Tense,لڑکیاں شور نہیں کر رہی ہیں۔,The girls are not making noise.,Medium,1,ULTRA,1,Expanded Mind-Sharp Practice
q_9_eng_b_urdu_eng_0363,1,ENGLISH_B | Urdu to English Translation | Present Continuous Tense | Expanded Mind-Sharp Practice,Long,translate_to_english,Present Continuous Tense,کیا تم میری بات سن رہے ہو؟,Are you listening to me?,Medium,1,ULTRA,1,Expanded Mind-Sharp Practice
q_9_eng_b_urdu_eng_0364,1,ENGLISH_B | Urdu to English Translation | Present Continuous Tense | Expanded Mind-Sharp Practice,Long,translate_to_english,Present Continuous Tense,وہ کیوں رو رہی ہے؟,Why is she crying?,Medium,1,ULTRA,1,Expanded Mind-Sharp Practice
q_9_eng_b_urdu_eng_0365,1,ENGLISH_B | Urdu to English Translation | Present Continuous Tense | Expanded Mind-Sharp Practice,Long,translate_to_english,Present Continuous Tense,مزدور پل بنا رہے ہیں۔,The workers are building a bridge.,Medium,1,ULTRA,1,Expanded Mind-Sharp Practice
q_9_eng_b_urdu_eng_0366,1,ENGLISH_B | Urdu to English Translation | Present Continuous Tense | Expanded Mind-Sharp Practice,Long,translate_to_english,Present Continuous Tense,ڈاکٹر مریض کا معائنہ کر رہا ہے۔,The doctor is examining the patient.,Medium,1,ULTRA,1,Expanded Mind-Sharp Practice
q_9_eng_b_urdu_eng_0367,1,ENGLISH_B | Urdu to English Translation | Present Continuous Tense | Expanded Mind-Sharp Practice,Long,translate_to_english,Present Continuous Tense,کیا سورج نکل رہا ہے؟,Is the sun rising?,Medium,1,ULTRA,1,Expanded Mind-Sharp Practice
q_9_eng_b_urdu_eng_0368,1,ENGLISH_B | Urdu to English Translation | Present Continuous Tense | Expanded Mind-Sharp Practice,Long,translate_to_english,Present Continuous Tense,پولیس چور کا پیچھا کر رہی ہے۔,The police are chasing the thief.,Medium,1,ULTRA,1,Expanded Mind-Sharp Practice
sep_9_eng_b_urdu_eng_024,1,ENGLISH_B | Urdu to English Translation | Present Perfect Tense | Heading,Topic,topic_separator,Present Perfect Tense,,,,,,1,
sep_9_eng_b_urdu_eng_025,1,ENGLISH_B | Urdu to English Translation | Present Perfect Tense | Past Paper,Topic,topic_separator,Present Perfect Tense,,,,,,1,
q_9_eng_b_urdu_eng_0132,1,ENGLISH_B | Urdu to English Translation | Present Perfect Tense | Past Paper | 2013 Evening,Long,translate_to_english,Present Perfect Tense,آپ نے میرے لیے ٹکٹ کیوں خریدا ہے؟,Why have you bought a ticket for me?,Hard,1,ULTRA,1,Past Paper | 2013 Evening
q_9_eng_b_urdu_eng_0133,1,ENGLISH_B | Urdu to English Translation | Present Perfect Tense | Past Paper | 2020 Evening,Long,translate_to_english,Present Perfect Tense,عدالت میرے حق میں فیصلہ دے چکی ہے۔,The court has decided in my favour.,Medium,1,ULTRA,1,Past Paper | 2020 Evening
q_9_eng_b_urdu_eng_0134,1,ENGLISH_B | Urdu to English Translation | Present Perfect Tense | Past Paper | 2018,Long,translate_to_english,Present Perfect Tense,مہمان خصوصی انعامات تقسیم کر چکا ہے۔,The chief guest has distributed the prizes.,Medium,1,ULTRA,1,Past Paper | 2018
q_9_eng_b_urdu_eng_0135,1,ENGLISH_B | Urdu to English Translation | Present Perfect Tense | Past Paper | 2023 Evening,Long,translate_to_english,Present Perfect Tense,میں ناشتہ کر چکا ہوں۔,I have taken my breakfast.,Medium,1,ULTRA,1,Past Paper | 2023 Evening
q_9_eng_b_urdu_eng_0136,1,ENGLISH_B | Urdu to English Translation | Present Perfect Tense | Past Paper | 2023,Long,translate_to_english,Present Perfect Tense,پولیس نے اسے رنگے ہاتھوں نہیں پکڑا ہے۔,The police have not caught him red-handed.,Medium,1,ULTRA,1,Past Paper | 2023
q_9_eng_b_urdu_eng_0137,1,ENGLISH_B | Urdu to English Translation | Present Perfect Tense | Past Paper | 2013,Long,translate_to_english,Present Perfect Tense,کیا اس نے ہمیشہ کے لیے گاؤں چھوڑ دیا ہے؟,Has he left the village for good?,Hard,1,ULTRA,1,Past Paper | 2013
q_9_eng_b_urdu_eng_0138,1,ENGLISH_B | Urdu to English Translation | Present Perfect Tense | Past Paper | 2015,Long,translate_to_english,Present Perfect Tense,کیا تم بازی جیت چکے ہو؟,Have you won the game?,Hard,1,ULTRA,1,Past Paper | 2015
q_9_eng_b_urdu_eng_0139,1,ENGLISH_B | Urdu to English Translation | Present Perfect Tense | Past Paper | 2017 Evening,Long,translate_to_english,Present Perfect Tense,کیا جھیل میں پانی جم چکا ہے؟,Has the water frozen in the lake?,Hard,1,ULTRA,1,Past Paper | 2017 Evening
q_9_eng_b_urdu_eng_0140,1,ENGLISH_B | Urdu to English Translation | Present Perfect Tense | Past Paper | 2014,Long,translate_to_english,Present Perfect Tense,ہم نے اس سے پہلے اس کو نہیں دیکھا۔,We have not seen him before.,Medium,1,ULTRA,1,Past Paper | 2014
q_9_eng_b_urdu_eng_0141,1,ENGLISH_B | Urdu to English Translation | Present Perfect Tense | Past Paper | 2023,Long,translate_to_english,Present Perfect Tense,ہم نے دعوت قبول کر لی ہے۔,We have accepted the invitation.,Medium,1,ULTRA,1,Past Paper | 2023
sep_9_eng_b_urdu_eng_026,1,ENGLISH_B | Urdu to English Translation | Present Perfect Tense | Mind-Sharp Practice,Topic,topic_separator,Present Perfect Tense,,,,,,1,
q_9_eng_b_urdu_eng_0142,1,ENGLISH_B | Urdu to English Translation | Present Perfect Tense | Board-Pattern Practice,Long,translate_to_english,Present Perfect Tense,میں اپنا کام مکمل کر چکا ہوں۔,I have completed my work.,Easy,1,PRO,1,Board-Pattern Practice
q_9_eng_b_urdu_eng_0143,1,ENGLISH_B | Urdu to English Translation | Present Perfect Tense | Board-Pattern Practice,Long,translate_to_english,Present Perfect Tense,وہ خط لکھ چکی ہے۔,She has written the letter.,Easy,1,PRO,1,Board-Pattern Practice
q_9_eng_b_urdu_eng_0144,1,ENGLISH_B | Urdu to English Translation | Present Perfect Tense | Board-Pattern Practice,Long,translate_to_english,Present Perfect Tense,ہم کھانا کھا چکے ہیں۔,We have eaten the meal.,Easy,1,PRO,1,Board-Pattern Practice
q_9_eng_b_urdu_eng_0145,1,ENGLISH_B | Urdu to English Translation | Present Perfect Tense | Board-Pattern Practice,Long,translate_to_english,Present Perfect Tense,انہوں نے میچ جیت لیا ہے۔,They have won the match.,Easy,1,PRO,1,Board-Pattern Practice
q_9_eng_b_urdu_eng_0146,1,ENGLISH_B | Urdu to English Translation | Present Perfect Tense | Board-Pattern Practice,Long,translate_to_english,Present Perfect Tense,اس نے ابھی تک جواب نہیں دیا ہے۔,He has not answered yet.,Medium,1,ULTRA,1,Board-Pattern Practice
q_9_eng_b_urdu_eng_0147,1,ENGLISH_B | Urdu to English Translation | Present Perfect Tense | Board-Pattern Practice,Long,translate_to_english,Present Perfect Tense,کیا تم نے کتاب پڑھ لی ہے؟,Have you read the book?,Easy,1,PRO,1,Board-Pattern Practice
q_9_eng_b_urdu_eng_0148,1,ENGLISH_B | Urdu to English Translation | Present Perfect Tense | Board-Pattern Practice,Long,translate_to_english,Present Perfect Tense,وہ کہاں چلا گیا ہے؟,Where has he gone?,Medium,1,ULTRA,1,Board-Pattern Practice
q_9_eng_b_urdu_eng_0149,1,ENGLISH_B | Urdu to English Translation | Present Perfect Tense | Board-Pattern Practice,Long,translate_to_english,Present Perfect Tense,پولیس چور کو گرفتار کر چکی ہے۔,The police have arrested the thief.,Medium,1,ULTRA,1,Board-Pattern Practice
q_9_eng_b_urdu_eng_0150,1,ENGLISH_B | Urdu to English Translation | Present Perfect Tense | Board-Pattern Practice,Long,translate_to_english,Present Perfect Tense,ہم نے یہ فلم پہلے دیکھی ہے۔,We have seen this film before.,Easy,1,PRO,1,Board-Pattern Practice
q_9_eng_b_urdu_eng_0151,1,ENGLISH_B | Urdu to English Translation | Present Perfect Tense | Board-Pattern Practice,Long,translate_to_english,Present Perfect Tense,کیا مہمان پہنچ چکے ہیں؟,Have the guests arrived?,Easy,1,PRO,1,Board-Pattern Practice
q_9_eng_b_urdu_eng_0152,1,ENGLISH_B | Urdu to English Translation | Present Perfect Tense | Board-Pattern Practice,Long,translate_to_english,Present Perfect Tense,دروازہ بند کیا جا چکا ہے۔,The door has been closed.,Hard,1,ELITE,1,Board-Pattern Practice
q_9_eng_b_urdu_eng_0153,1,ENGLISH_B | Urdu to English Translation | Present Perfect Tense | Board-Pattern Practice,Long,translate_to_english,Present Perfect Tense,میں نے کبھی جھوٹ نہیں بولا۔,I have never told a lie.,Medium,1,ULTRA,1,Board-Pattern Practice
q_9_eng_b_urdu_eng_0369,1,ENGLISH_B | Urdu to English Translation | Present Perfect Tense | Expanded Mind-Sharp Practice,Long,translate_to_english,Present Perfect Tense,علی نے خط لکھ لیا ہے۔,Ali has written the letter.,Medium,1,ULTRA,1,Expanded Mind-Sharp Practice
q_9_eng_b_urdu_eng_0370,1,ENGLISH_B | Urdu to English Translation | Present Perfect Tense | Expanded Mind-Sharp Practice,Long,translate_to_english,Present Perfect Tense,ہم نے کام مکمل کر لیا ہے۔,We have completed the work.,Medium,1,ULTRA,1,Expanded Mind-Sharp Practice
q_9_eng_b_urdu_eng_0371,1,ENGLISH_B | Urdu to English Translation | Present Perfect Tense | Expanded Mind-Sharp Practice,Long,translate_to_english,Present Perfect Tense,وہ لاہور پہنچ چکی ہے۔,She has reached Lahore.,Medium,1,ULTRA,1,Expanded Mind-Sharp Practice
q_9_eng_b_urdu_eng_0372,1,ENGLISH_B | Urdu to English Translation | Present Perfect Tense | Expanded Mind-Sharp Practice,Long,translate_to_english,Present Perfect Tense,بچے گھر واپس آ گئے ہیں۔,The children have returned home.,Medium,1,ULTRA,1,Expanded Mind-Sharp Practice
q_9_eng_b_urdu_eng_0373,1,ENGLISH_B | Urdu to English Translation | Present Perfect Tense | Expanded Mind-Sharp Practice,Long,translate_to_english,Present Perfect Tense,میں نے یہ کتاب پڑھ لی ہے۔,I have read this book.,Medium,1,ULTRA,1,Expanded Mind-Sharp Practice
q_9_eng_b_urdu_eng_0374,1,ENGLISH_B | Urdu to English Translation | Present Perfect Tense | Expanded Mind-Sharp Practice,Long,translate_to_english,Present Perfect Tense,استاد نے سبق سمجھا دیا ہے۔,The teacher has explained the lesson.,Medium,1,ULTRA,1,Expanded Mind-Sharp Practice
q_9_eng_b_urdu_eng_0375,1,ENGLISH_B | Urdu to English Translation | Present Perfect Tense | Expanded Mind-Sharp Practice,Long,translate_to_english,Present Perfect Tense,بارش رک گئی ہے۔,The rain has stopped.,Medium,1,ULTRA,1,Expanded Mind-Sharp Practice
q_9_eng_b_urdu_eng_0376,1,ENGLISH_B | Urdu to English Translation | Present Perfect Tense | Expanded Mind-Sharp Practice,Long,translate_to_english,Present Perfect Tense,کیا تم نے ناشتہ کر لیا ہے؟,Have you had breakfast?,Medium,1,ULTRA,1,Expanded Mind-Sharp Practice
q_9_eng_b_urdu_eng_0377,1,ENGLISH_B | Urdu to English Translation | Present Perfect Tense | Expanded Mind-Sharp Practice,Long,translate_to_english,Present Perfect Tense,اس نے ابھی تک فیس جمع نہیں کرائی ہے۔,He has not paid the fee yet.,Medium,1,ULTRA,1,Expanded Mind-Sharp Practice
q_9_eng_b_urdu_eng_0378,1,ENGLISH_B | Urdu to English Translation | Present Perfect Tense | Expanded Mind-Sharp Practice,Long,translate_to_english,Present Perfect Tense,انہوں نے نیا مکان خریدا ہے۔,They have bought a new house.,Medium,1,ULTRA,1,Expanded Mind-Sharp Practice
q_9_eng_b_urdu_eng_0379,1,ENGLISH_B | Urdu to English Translation | Present Perfect Tense | Expanded Mind-Sharp Practice,Long,translate_to_english,Present Perfect Tense,مریض کی حالت بہتر ہو گئی ہے۔,The patient's condition has improved.,Medium,1,ULTRA,1,Expanded Mind-Sharp Practice
q_9_eng_b_urdu_eng_0380,1,ENGLISH_B | Urdu to English Translation | Present Perfect Tense | Expanded Mind-Sharp Practice,Long,translate_to_english,Present Perfect Tense,کیا گاڑی آ چکی ہے؟,Has the car arrived?,Medium,1,ULTRA,1,Expanded Mind-Sharp Practice
q_9_eng_b_urdu_eng_0381,1,ENGLISH_B | Urdu to English Translation | Present Perfect Tense | Expanded Mind-Sharp Practice,Long,translate_to_english,Present Perfect Tense,ہم نے اسے کئی بار دیکھا ہے۔,We have seen him several times.,Medium,1,ULTRA,1,Expanded Mind-Sharp Practice
sep_9_eng_b_urdu_eng_027,1,ENGLISH_B | Urdu to English Translation | Present Perfect Continuous Tense | Heading,Topic,topic_separator,Present Perfect Continuous Tense,,,,,,1,
sep_9_eng_b_urdu_eng_028,1,ENGLISH_B | Urdu to English Translation | Present Perfect Continuous Tense | Past Paper,Topic,topic_separator,Present Perfect Continuous Tense,,,,,,1,
q_9_eng_b_urdu_eng_0154,1,ENGLISH_B | Urdu to English Translation | Present Perfect Continuous Tense | Past Paper | 2015 Evening,Long,translate_to_english,Present Perfect Continuous Tense,استاد آٹھ بجے سے پڑھا رہا ہے۔,The teacher has been teaching since eight o’clock.,Medium,1,ULTRA,1,Past Paper | 2015 Evening
q_9_eng_b_urdu_eng_0155,1,ENGLISH_B | Urdu to English Translation | Present Perfect Continuous Tense | Past Paper | 2014,Long,translate_to_english,Present Perfect Continuous Tense,اسلم دوپہر سے پتنگ اڑا رہا ہے۔,Aslam has been flying a kite since noon.,Medium,1,ULTRA,1,Past Paper | 2014
q_9_eng_b_urdu_eng_0156,1,ENGLISH_B | Urdu to English Translation | Present Perfect Continuous Tense | Past Paper | 2016,Long,translate_to_english,Present Perfect Continuous Tense,لوگ دو گھنٹے سے آگ بجھا رہے ہیں۔,The people have been putting out the fire for two hours.,Medium,1,ULTRA,1,Past Paper | 2016
q_9_eng_b_urdu_eng_0157,1,ENGLISH_B | Urdu to English Translation | Present Perfect Continuous Tense | Past Paper | 2013,Long,translate_to_english,Present Perfect Continuous Tense,مرغیاں جون سے انڈے نہیں دے رہی ہیں۔,The hens have not been laying eggs since June.,Medium,1,ULTRA,1,Past Paper | 2013
q_9_eng_b_urdu_eng_0158,1,ENGLISH_B | Urdu to English Translation | Present Perfect Continuous Tense | Past Paper | 2022 Evening,Long,translate_to_english,Present Perfect Continuous Tense,مریض دس منٹ سے چیخ رہا ہے۔,The patient has been crying for ten minutes.,Medium,1,ULTRA,1,Past Paper | 2022 Evening
q_9_eng_b_urdu_eng_0159,1,ENGLISH_B | Urdu to English Translation | Present Perfect Continuous Tense | Past Paper | 2023,Long,translate_to_english,Present Perfect Continuous Tense,وہ 1982ء سے اس مکان میں رہ رہا ہے۔,He has been living in this house since 1982.,Medium,1,ULTRA,1,Past Paper | 2023
q_9_eng_b_urdu_eng_0160,1,ENGLISH_B | Urdu to English Translation | Present Perfect Continuous Tense | Past Paper | 2020 Evening,Long,translate_to_english,Present Perfect Continuous Tense,ڈاکٹر دس منٹ سے مریض کا معائنہ کر رہا ہے۔,The doctor has been examining the patient for ten minutes.,Medium,1,ULTRA,1,Past Paper | 2020 Evening
q_9_eng_b_urdu_eng_0161,1,ENGLISH_B | Urdu to English Translation | Present Perfect Continuous Tense | Past Paper | 2020,Long,translate_to_english,Present Perfect Continuous Tense,ہم کئی گھنٹے سے آپ کا انتظار کر رہے ہیں۔,We have been waiting for you for several hours.,Medium,1,ULTRA,1,Past Paper | 2020
sep_9_eng_b_urdu_eng_029,1,ENGLISH_B | Urdu to English Translation | Present Perfect Continuous Tense | Mind-Sharp Practice,Topic,topic_separator,Present Perfect Continuous Tense,,,,,,1,
q_9_eng_b_urdu_eng_0162,1,ENGLISH_B | Urdu to English Translation | Present Perfect Continuous Tense | Board-Pattern Practice,Long,translate_to_english,Present Perfect Continuous Tense,میں دو گھنٹے سے پڑھ رہا ہوں۔,I have been studying for two hours.,Medium,1,ULTRA,1,Board-Pattern Practice
q_9_eng_b_urdu_eng_0163,1,ENGLISH_B | Urdu to English Translation | Present Perfect Continuous Tense | Board-Pattern Practice,Long,translate_to_english,Present Perfect Continuous Tense,وہ صبح سے کام کر رہی ہے۔,She has been working since morning.,Medium,1,ULTRA,1,Board-Pattern Practice
q_9_eng_b_urdu_eng_0164,1,ENGLISH_B | Urdu to English Translation | Present Perfect Continuous Tense | Board-Pattern Practice,Long,translate_to_english,Present Perfect Continuous Tense,بچے ایک گھنٹے سے کھیل رہے ہیں۔,The children have been playing for an hour.,Medium,1,ULTRA,1,Board-Pattern Practice
q_9_eng_b_urdu_eng_0165,1,ENGLISH_B | Urdu to English Translation | Present Perfect Continuous Tense | Board-Pattern Practice,Long,translate_to_english,Present Perfect Continuous Tense,ہم کئی دنوں سے تمہارا انتظار کر رہے ہیں۔,We have been waiting for you for several days.,Medium,1,ULTRA,1,Board-Pattern Practice
q_9_eng_b_urdu_eng_0166,1,ENGLISH_B | Urdu to English Translation | Present Perfect Continuous Tense | Board-Pattern Practice,Long,translate_to_english,Present Perfect Continuous Tense,بارش صبح سے ہو رہی ہے۔,It has been raining since morning.,Medium,1,ELITE,1,Board-Pattern Practice
q_9_eng_b_urdu_eng_0167,1,ENGLISH_B | Urdu to English Translation | Present Perfect Continuous Tense | Board-Pattern Practice,Long,translate_to_english,Present Perfect Continuous Tense,وہ 2020ء سے یہاں رہ رہا ہے۔,He has been living here since 2020.,Medium,1,ELITE,1,Board-Pattern Practice
q_9_eng_b_urdu_eng_0168,1,ENGLISH_B | Urdu to English Translation | Present Perfect Continuous Tense | Board-Pattern Practice,Long,translate_to_english,Present Perfect Continuous Tense,کیا تم کافی دیر سے میرا انتظار کر رہے ہو؟,Have you been waiting for me for a long time?,Hard,1,ELITE,1,Board-Pattern Practice
q_9_eng_b_urdu_eng_0169,1,ENGLISH_B | Urdu to English Translation | Present Perfect Continuous Tense | Board-Pattern Practice,Long,translate_to_english,Present Perfect Continuous Tense,وہ کب سے انگریزی سیکھ رہی ہے؟,How long has she been learning English?,Hard,1,ELITE,1,Board-Pattern Practice
q_9_eng_b_urdu_eng_0170,1,ENGLISH_B | Urdu to English Translation | Present Perfect Continuous Tense | Board-Pattern Practice,Long,translate_to_english,Present Perfect Continuous Tense,مزدور دوپہر سے سڑک بنا رہے ہیں۔,The workers have been building the road since noon.,Medium,1,ULTRA,1,Board-Pattern Practice
q_9_eng_b_urdu_eng_0171,1,ENGLISH_B | Urdu to English Translation | Present Perfect Continuous Tense | Board-Pattern Practice,Long,translate_to_english,Present Perfect Continuous Tense,مشین کئی دنوں سے ٹھیک کام نہیں کر رہی ہے۔,The machine has not been working properly for several days.,Hard,1,ELITE,1,Board-Pattern Practice
q_9_eng_b_urdu_eng_0172,1,ENGLISH_B | Urdu to English Translation | Present Perfect Continuous Tense | Board-Pattern Practice,Long,translate_to_english,Present Perfect Continuous Tense,کیا وہ صبح سے سو رہا ہے؟,Has he been sleeping since morning?,Hard,1,ELITE,1,Board-Pattern Practice
q_9_eng_b_urdu_eng_0382,1,ENGLISH_B | Urdu to English Translation | Present Perfect Continuous Tense | Expanded Mind-Sharp Practice,Long,translate_to_english,Present Perfect Continuous Tense,علی دو گھنٹے سے پڑھ رہا ہے۔,Ali has been studying for two hours.,Hard,1,ELITE,1,Expanded Mind-Sharp Practice
q_9_eng_b_urdu_eng_0383,1,ENGLISH_B | Urdu to English Translation | Present Perfect Continuous Tense | Expanded Mind-Sharp Practice,Long,translate_to_english,Present Perfect Continuous Tense,وہ صبح سے کھانا پکا رہی ہے۔,She has been cooking since morning.,Hard,1,ELITE,1,Expanded Mind-Sharp Practice
q_9_eng_b_urdu_eng_0384,1,ENGLISH_B | Urdu to English Translation | Present Perfect Continuous Tense | Expanded Mind-Sharp Practice,Long,translate_to_english,Present Perfect Continuous Tense,بچے دوپہر سے پتنگیں اڑا رہے ہیں۔,The children have been flying kites since noon.,Hard,1,ELITE,1,Expanded Mind-Sharp Practice
q_9_eng_b_urdu_eng_0385,1,ENGLISH_B | Urdu to English Translation | Present Perfect Continuous Tense | Expanded Mind-Sharp Practice,Long,translate_to_english,Present Perfect Continuous Tense,میں 2022 سے یہاں رہ رہا ہوں۔,I have been living here since 2022.,Hard,1,ELITE,1,Expanded Mind-Sharp Practice
q_9_eng_b_urdu_eng_0386,1,ENGLISH_B | Urdu to English Translation | Present Perfect Continuous Tense | Expanded Mind-Sharp Practice,Long,translate_to_english,Present Perfect Continuous Tense,تیز ہوا دو گھنٹے سے چل رہی ہے۔,A strong wind has been blowing for two hours.,Hard,1,ELITE,1,Expanded Mind-Sharp Practice
q_9_eng_b_urdu_eng_0387,1,ENGLISH_B | Urdu to English Translation | Present Perfect Continuous Tense | Expanded Mind-Sharp Practice,Long,translate_to_english,Present Perfect Continuous Tense,ہم تین دن سے اس منصوبے پر کام کر رہے ہیں۔,We have been working on this project for three days.,Hard,1,ELITE,1,Expanded Mind-Sharp Practice
q_9_eng_b_urdu_eng_0388,1,ENGLISH_B | Urdu to English Translation | Present Perfect Continuous Tense | Expanded Mind-Sharp Practice,Long,translate_to_english,Present Perfect Continuous Tense,استاد دس منٹ سے سبق سمجھا رہے ہیں۔,The teacher has been explaining the lesson for ten minutes.,Hard,1,ELITE,1,Expanded Mind-Sharp Practice
q_9_eng_b_urdu_eng_0389,1,ENGLISH_B | Urdu to English Translation | Present Perfect Continuous Tense | Expanded Mind-Sharp Practice,Long,translate_to_english,Present Perfect Continuous Tense,مریض دو دن سے آرام کر رہا ہے۔,The patient has been resting for two days.,Hard,1,ELITE,1,Expanded Mind-Sharp Practice
q_9_eng_b_urdu_eng_0390,1,ENGLISH_B | Urdu to English Translation | Present Perfect Continuous Tense | Expanded Mind-Sharp Practice,Long,translate_to_english,Present Perfect Continuous Tense,کیا تم صبح سے میرا انتظار کر رہے ہو؟,Have you been waiting for me since morning?,Hard,1,ELITE,1,Expanded Mind-Sharp Practice
q_9_eng_b_urdu_eng_0391,1,ENGLISH_B | Urdu to English Translation | Present Perfect Continuous Tense | Expanded Mind-Sharp Practice,Long,translate_to_english,Present Perfect Continuous Tense,وہ کتنی دیر سے رو رہی ہے؟,How long has she been crying?,Hard,1,ELITE,1,Expanded Mind-Sharp Practice
q_9_eng_b_urdu_eng_0392,1,ENGLISH_B | Urdu to English Translation | Present Perfect Continuous Tense | Expanded Mind-Sharp Practice,Long,translate_to_english,Present Perfect Continuous Tense,مزدور گزشتہ ماہ سے سڑک بنا رہے ہیں۔,The workers have been building the road since last month.,Hard,1,ELITE,1,Expanded Mind-Sharp Practice
q_9_eng_b_urdu_eng_0393,1,ENGLISH_B | Urdu to English Translation | Present Perfect Continuous Tense | Expanded Mind-Sharp Practice,Long,translate_to_english,Present Perfect Continuous Tense,لڑکیاں آدھے گھنٹے سے گانا گا رہی ہیں۔,The girls have been singing for half an hour.,Hard,1,ELITE,1,Expanded Mind-Sharp Practice
q_9_eng_b_urdu_eng_0394,1,ENGLISH_B | Urdu to English Translation | Present Perfect Continuous Tense | Expanded Mind-Sharp Practice,Long,translate_to_english,Present Perfect Continuous Tense,کیا ڈاکٹر ایک گھنٹے سے مریض دیکھ رہا ہے؟,Has the doctor been examining patients for an hour?,Hard,1,ELITE,1,Expanded Mind-Sharp Practice
q_9_eng_b_urdu_eng_0395,1,ENGLISH_B | Urdu to English Translation | Present Perfect Continuous Tense | Expanded Mind-Sharp Practice,Long,translate_to_english,Present Perfect Continuous Tense,میں کئی دنوں سے اسے فون کرنے کی کوشش کر رہا ہوں۔,I have been trying to call him for several days.,Hard,1,ELITE,1,Expanded Mind-Sharp Practice
q_9_eng_b_urdu_eng_0396,1,ENGLISH_B | Urdu to English Translation | Present Perfect Continuous Tense | Expanded Mind-Sharp Practice,Long,translate_to_english,Present Perfect Continuous Tense,کسان صبح سے فصل کاٹ رہے ہیں۔,The farmers have been harvesting the crop since morning.,Hard,1,ELITE,1,Expanded Mind-Sharp Practice
q_9_eng_b_urdu_eng_0397,1,ENGLISH_B | Urdu to English Translation | Present Perfect Continuous Tense | Expanded Mind-Sharp Practice,Long,translate_to_english,Present Perfect Continuous Tense,بچہ دو گھنٹے سے سو رہا ہے۔,The child has been sleeping for two hours.,Hard,1,ELITE,1,Expanded Mind-Sharp Practice
sep_9_eng_b_urdu_eng_030,1,ENGLISH_B | Urdu to English Translation | Past Indefinite Tense | Heading,Topic,topic_separator,Past Indefinite Tense,,,,,,1,
sep_9_eng_b_urdu_eng_031,1,ENGLISH_B | Urdu to English Translation | Past Indefinite Tense | Past Paper,Topic,topic_separator,Past Indefinite Tense,,,,,,1,
q_9_eng_b_urdu_eng_0173,1,ENGLISH_B | Urdu to English Translation | Past Indefinite Tense | Past Paper | 2022 Evening,Long,translate_to_english,Past Indefinite Tense,آپ نے میرے بھائی کی دیکھ بھال کی۔,You looked after my brother.,Medium,1,ULTRA,1,Past Paper | 2022 Evening
q_9_eng_b_urdu_eng_0174,1,ENGLISH_B | Urdu to English Translation | Past Indefinite Tense | Past Paper | 2021 Evening,Long,translate_to_english,Past Indefinite Tense,اس نے تمہاری تلخ باتوں کا برا نہ مانا۔,He did not mind your bitter words.,Medium,1,ULTRA,1,Past Paper | 2021 Evening
q_9_eng_b_urdu_eng_0175,1,ENGLISH_B | Urdu to English Translation | Past Indefinite Tense | Past Paper | 2018 Evening,Long,translate_to_english,Past Indefinite Tense,اس نے یتیم بچے کی پرورش کی۔,He brought up the orphan child.,Medium,1,ULTRA,1,Past Paper | 2018 Evening
q_9_eng_b_urdu_eng_0176,1,ENGLISH_B | Urdu to English Translation | Past Indefinite Tense | Past Paper | 2021 Evening,Long,translate_to_english,Past Indefinite Tense,استاد نے طالب علم کو سزا دی۔,The teacher punished the student.,Medium,1,ULTRA,1,Past Paper | 2021 Evening
q_9_eng_b_urdu_eng_0177,1,ENGLISH_B | Urdu to English Translation | Past Indefinite Tense | Past Paper | 2015 Evening,Long,translate_to_english,Past Indefinite Tense,انہوں نے ہماری دعوت قبول نہ کی۔,They did not accept our invitation.,Medium,1,ULTRA,1,Past Paper | 2015 Evening
q_9_eng_b_urdu_eng_0178,1,ENGLISH_B | Urdu to English Translation | Past Indefinite Tense | Past Paper | 2013 Evening,Long,translate_to_english,Past Indefinite Tense,انہوں نے ہمارے مشورے پر عمل کیا۔,They acted upon our advice.,Medium,1,ULTRA,1,Past Paper | 2013 Evening
q_9_eng_b_urdu_eng_0179,1,ENGLISH_B | Urdu to English Translation | Past Indefinite Tense | Past Paper | 2023,Long,translate_to_english,Past Indefinite Tense,تم نے اپنا وعدہ پورا نہ کیا۔,You did not keep your promise.,Medium,1,ULTRA,1,Past Paper | 2023
q_9_eng_b_urdu_eng_0180,1,ENGLISH_B | Urdu to English Translation | Past Indefinite Tense | Past Paper | 2014,Long,translate_to_english,Past Indefinite Tense,دروازہ کس نے کھٹکھٹایا؟,Who knocked at the door?,Hard,1,ULTRA,1,Past Paper | 2014
q_9_eng_b_urdu_eng_0181,1,ENGLISH_B | Urdu to English Translation | Past Indefinite Tense | Past Paper | 2016,Long,translate_to_english,Past Indefinite Tense,طلبہ نے نعرے لگائے۔,The students raised slogans.,Medium,1,ULTRA,1,Past Paper | 2016
q_9_eng_b_urdu_eng_0182,1,ENGLISH_B | Urdu to English Translation | Past Indefinite Tense | Past Paper | 2021 Evening,Long,translate_to_english,Past Indefinite Tense,مزدوروں نے ہڑتال ختم کر دی۔,The workers called off the strike.,Medium,1,ULTRA,1,Past Paper | 2021 Evening
q_9_eng_b_urdu_eng_0183,1,ENGLISH_B | Urdu to English Translation | Past Indefinite Tense | Past Paper | 2020,Long,translate_to_english,Past Indefinite Tense,میں نے اس کا مذاق نہ اڑایا۔,I did not make fun of him.,Medium,1,ULTRA,1,Past Paper | 2020
q_9_eng_b_urdu_eng_0184,1,ENGLISH_B | Urdu to English Translation | Past Indefinite Tense | Past Paper | 2023 Evening,Long,translate_to_english,Past Indefinite Tense,میں نے ایک کیمرہ خریدا۔,I bought a camera.,Medium,1,ULTRA,1,Past Paper | 2023 Evening
q_9_eng_b_urdu_eng_0185,1,ENGLISH_B | Urdu to English Translation | Past Indefinite Tense | Past Paper | 2018,Long,translate_to_english,Past Indefinite Tense,کیا تم گھر خیریت سے پہنچے؟,Did you reach home safely?,Hard,1,ULTRA,1,Past Paper | 2018
q_9_eng_b_urdu_eng_0186,1,ENGLISH_B | Urdu to English Translation | Past Indefinite Tense | Past Paper | 2020 Evening,Long,translate_to_english,Past Indefinite Tense,ہم نے تمام تاریخی مقامات کی سیر نہ کی۔,We did not visit all the historical places.,Medium,1,ULTRA,1,Past Paper | 2020 Evening
sep_9_eng_b_urdu_eng_032,1,ENGLISH_B | Urdu to English Translation | Past Indefinite Tense | Mind-Sharp Practice,Topic,topic_separator,Past Indefinite Tense,,,,,,1,
q_9_eng_b_urdu_eng_0187,1,ENGLISH_B | Urdu to English Translation | Past Indefinite Tense | Board-Pattern Practice,Long,translate_to_english,Past Indefinite Tense,میں کل لاہور گیا۔,I went to Lahore yesterday.,Easy,1,PRO,1,Board-Pattern Practice
q_9_eng_b_urdu_eng_0188,1,ENGLISH_B | Urdu to English Translation | Past Indefinite Tense | Board-Pattern Practice,Long,translate_to_english,Past Indefinite Tense,اس نے ایک نئی کتاب خریدی۔,He bought a new book.,Easy,1,PRO,1,Board-Pattern Practice
q_9_eng_b_urdu_eng_0189,1,ENGLISH_B | Urdu to English Translation | Past Indefinite Tense | Board-Pattern Practice,Long,translate_to_english,Past Indefinite Tense,طلبہ نے شور مچایا۔,The students made a noise.,Easy,1,PRO,1,Board-Pattern Practice
q_9_eng_b_urdu_eng_0190,1,ENGLISH_B | Urdu to English Translation | Past Indefinite Tense | Board-Pattern Practice,Long,translate_to_english,Past Indefinite Tense,ہم نے میچ جیت لیا۔,We won the match.,Easy,1,PRO,1,Board-Pattern Practice
q_9_eng_b_urdu_eng_0191,1,ENGLISH_B | Urdu to English Translation | Past Indefinite Tense | Board-Pattern Practice,Long,translate_to_english,Past Indefinite Tense,وہ کل سکول نہیں گیا۔,He did not go to school yesterday.,Easy,1,PRO,1,Board-Pattern Practice
q_9_eng_b_urdu_eng_0192,1,ENGLISH_B | Urdu to English Translation | Past Indefinite Tense | Board-Pattern Practice,Long,translate_to_english,Past Indefinite Tense,کیا تم نے دروازہ کھولا؟,Did you open the door?,Easy,1,PRO,1,Board-Pattern Practice
q_9_eng_b_urdu_eng_0193,1,ENGLISH_B | Urdu to English Translation | Past Indefinite Tense | Board-Pattern Practice,Long,translate_to_english,Past Indefinite Tense,تم نے اسے کیوں بلایا؟,Why did you call him?,Medium,1,ULTRA,1,Board-Pattern Practice
q_9_eng_b_urdu_eng_0194,1,ENGLISH_B | Urdu to English Translation | Past Indefinite Tense | Board-Pattern Practice,Long,translate_to_english,Past Indefinite Tense,کس نے شیشہ توڑا؟,Who broke the glass?,Medium,1,ULTRA,1,Board-Pattern Practice
q_9_eng_b_urdu_eng_0195,1,ENGLISH_B | Urdu to English Translation | Past Indefinite Tense | Board-Pattern Practice,Long,translate_to_english,Past Indefinite Tense,پولیس نے چور کو پکڑ لیا۔,The police caught the thief.,Easy,1,PRO,1,Board-Pattern Practice
q_9_eng_b_urdu_eng_0196,1,ENGLISH_B | Urdu to English Translation | Past Indefinite Tense | Board-Pattern Practice,Long,translate_to_english,Past Indefinite Tense,اس نے میری مدد نہیں کی۔,He did not help me.,Easy,1,PRO,1,Board-Pattern Practice
q_9_eng_b_urdu_eng_0197,1,ENGLISH_B | Urdu to English Translation | Past Indefinite Tense | Board-Pattern Practice,Long,translate_to_english,Past Indefinite Tense,ہم نے تاریخی عمارت دیکھی۔,We visited the historical building.,Easy,1,PRO,1,Board-Pattern Practice
q_9_eng_b_urdu_eng_0198,1,ENGLISH_B | Urdu to English Translation | Past Indefinite Tense | Board-Pattern Practice,Long,translate_to_english,Past Indefinite Tense,حادثہ کل پیش آیا۔,The accident occurred yesterday.,Medium,1,ULTRA,1,Board-Pattern Practice
q_9_eng_b_urdu_eng_0398,1,ENGLISH_B | Urdu to English Translation | Past Indefinite Tense | Expanded Mind-Sharp Practice,Long,translate_to_english,Past Indefinite Tense,علی نے کل خط لکھا۔,Ali wrote a letter yesterday.,Easy,1,PRO,1,Expanded Mind-Sharp Practice
q_9_eng_b_urdu_eng_0399,1,ENGLISH_B | Urdu to English Translation | Past Indefinite Tense | Expanded Mind-Sharp Practice,Long,translate_to_english,Past Indefinite Tense,ہم نے میچ جیتا۔,We won the match.,Easy,1,PRO,1,Expanded Mind-Sharp Practice
q_9_eng_b_urdu_eng_0400,1,ENGLISH_B | Urdu to English Translation | Past Indefinite Tense | Expanded Mind-Sharp Practice,Long,translate_to_english,Past Indefinite Tense,وہ گزشتہ ہفتے لاہور گئی۔,She went to Lahore last week.,Easy,1,PRO,1,Expanded Mind-Sharp Practice
q_9_eng_b_urdu_eng_0401,1,ENGLISH_B | Urdu to English Translation | Past Indefinite Tense | Expanded Mind-Sharp Practice,Long,translate_to_english,Past Indefinite Tense,بچے دیر سے گھر پہنچے۔,The children reached home late.,Easy,1,PRO,1,Expanded Mind-Sharp Practice
q_9_eng_b_urdu_eng_0402,1,ENGLISH_B | Urdu to English Translation | Past Indefinite Tense | Expanded Mind-Sharp Practice,Long,translate_to_english,Past Indefinite Tense,میں نے دروازہ بند کیا۔,I closed the door.,Easy,1,PRO,1,Expanded Mind-Sharp Practice
q_9_eng_b_urdu_eng_0403,1,ENGLISH_B | Urdu to English Translation | Past Indefinite Tense | Expanded Mind-Sharp Practice,Long,translate_to_english,Past Indefinite Tense,استاد نے سوال پوچھا۔,The teacher asked a question.,Easy,1,PRO,1,Expanded Mind-Sharp Practice
q_9_eng_b_urdu_eng_0404,1,ENGLISH_B | Urdu to English Translation | Past Indefinite Tense | Expanded Mind-Sharp Practice,Long,translate_to_english,Past Indefinite Tense,کیا تم نے اسے دیکھا؟,Did you see him?,Easy,1,PRO,1,Expanded Mind-Sharp Practice
q_9_eng_b_urdu_eng_0405,1,ENGLISH_B | Urdu to English Translation | Past Indefinite Tense | Expanded Mind-Sharp Practice,Long,translate_to_english,Past Indefinite Tense,انہوں نے ہماری درخواست قبول نہیں کی۔,They did not accept our request.,Easy,1,PRO,1,Expanded Mind-Sharp Practice
q_9_eng_b_urdu_eng_0406,1,ENGLISH_B | Urdu to English Translation | Past Indefinite Tense | Expanded Mind-Sharp Practice,Long,translate_to_english,Past Indefinite Tense,چور رات کو فرار ہو گیا۔,The thief escaped at night.,Easy,1,PRO,1,Expanded Mind-Sharp Practice
sep_9_eng_b_urdu_eng_033,1,ENGLISH_B | Urdu to English Translation | Past Continuous Tense | Heading,Topic,topic_separator,Past Continuous Tense,,,,,,1,
sep_9_eng_b_urdu_eng_034,1,ENGLISH_B | Urdu to English Translation | Past Continuous Tense | Past Paper,Topic,topic_separator,Past Continuous Tense,,,,,,1,
q_9_eng_b_urdu_eng_0199,1,ENGLISH_B | Urdu to English Translation | Past Continuous Tense | Past Paper | 2018,Long,translate_to_english,Past Continuous Tense,پولیس جلوس کو کیوں منتشر کر رہی تھی؟,Why were the police dispersing the procession?,Hard,1,ULTRA,1,Past Paper | 2018
q_9_eng_b_urdu_eng_0200,1,ENGLISH_B | Urdu to English Translation | Past Continuous Tense | Past Paper | 2023,Long,translate_to_english,Past Continuous Tense,چپڑاسی گھنٹی بجا رہا تھا۔,The peon was ringing the bell.,Medium,1,ULTRA,1,Past Paper | 2023
sep_9_eng_b_urdu_eng_035,1,ENGLISH_B | Urdu to English Translation | Past Continuous Tense | Mind-Sharp Practice,Topic,topic_separator,Past Continuous Tense,,,,,,1,
q_9_eng_b_urdu_eng_0201,1,ENGLISH_B | Urdu to English Translation | Past Continuous Tense | Board-Pattern Practice,Long,translate_to_english,Past Continuous Tense,میں کتاب پڑھ رہا تھا۔,I was reading a book.,Easy,1,PRO,1,Board-Pattern Practice
q_9_eng_b_urdu_eng_0202,1,ENGLISH_B | Urdu to English Translation | Past Continuous Tense | Board-Pattern Practice,Long,translate_to_english,Past Continuous Tense,وہ کھانا پکا رہی تھی۔,She was cooking food.,Easy,1,PRO,1,Board-Pattern Practice
q_9_eng_b_urdu_eng_0203,1,ENGLISH_B | Urdu to English Translation | Past Continuous Tense | Board-Pattern Practice,Long,translate_to_english,Past Continuous Tense,بچے میدان میں کھیل رہے تھے۔,The children were playing in the field.,Easy,1,PRO,1,Board-Pattern Practice
q_9_eng_b_urdu_eng_0204,1,ENGLISH_B | Urdu to English Translation | Past Continuous Tense | Board-Pattern Practice,Long,translate_to_english,Past Continuous Tense,ہم تمہارا انتظار کر رہے تھے۔,We were waiting for you.,Easy,1,PRO,1,Board-Pattern Practice
q_9_eng_b_urdu_eng_0205,1,ENGLISH_B | Urdu to English Translation | Past Continuous Tense | Board-Pattern Practice,Long,translate_to_english,Past Continuous Tense,وہ اس وقت نہیں سو رہا تھا۔,He was not sleeping at that time.,Easy,1,PRO,1,Board-Pattern Practice
q_9_eng_b_urdu_eng_0206,1,ENGLISH_B | Urdu to English Translation | Past Continuous Tense | Board-Pattern Practice,Long,translate_to_english,Past Continuous Tense,کیا بارش ہو رہی تھی؟,Was it raining?,Easy,1,PRO,1,Board-Pattern Practice
q_9_eng_b_urdu_eng_0207,1,ENGLISH_B | Urdu to English Translation | Past Continuous Tense | Board-Pattern Practice,Long,translate_to_english,Past Continuous Tense,تم وہاں کیا کر رہے تھے؟,What were you doing there?,Medium,1,ULTRA,1,Board-Pattern Practice
q_9_eng_b_urdu_eng_0208,1,ENGLISH_B | Urdu to English Translation | Past Continuous Tense | Board-Pattern Practice,Long,translate_to_english,Past Continuous Tense,پولیس جلوس کو منتشر کر رہی تھی۔,The police were dispersing the procession.,Medium,1,ULTRA,1,Board-Pattern Practice
q_9_eng_b_urdu_eng_0209,1,ENGLISH_B | Urdu to English Translation | Past Continuous Tense | Board-Pattern Practice,Long,translate_to_english,Past Continuous Tense,جب میں پہنچا تو وہ پڑھ رہی تھی۔,She was studying when I arrived.,Medium,1,ULTRA,1,Board-Pattern Practice
q_9_eng_b_urdu_eng_0210,1,ENGLISH_B | Urdu to English Translation | Past Continuous Tense | Board-Pattern Practice,Long,translate_to_english,Past Continuous Tense,سڑک کی مرمت کی جا رہی تھی۔,The road was being repaired.,Hard,1,ELITE,1,Board-Pattern Practice
q_9_eng_b_urdu_eng_0211,1,ENGLISH_B | Urdu to English Translation | Past Continuous Tense | Board-Pattern Practice,Long,translate_to_english,Past Continuous Tense,کون گھنٹی بجا رہا تھا؟,Who was ringing the bell?,Medium,1,ULTRA,1,Board-Pattern Practice
q_9_eng_b_urdu_eng_0212,1,ENGLISH_B | Urdu to English Translation | Past Continuous Tense | Board-Pattern Practice,Long,translate_to_english,Past Continuous Tense,طلبہ امتحان دے رہے تھے۔,The students were taking the examination.,Easy,1,PRO,1,Board-Pattern Practice
q_9_eng_b_urdu_eng_0407,1,ENGLISH_B | Urdu to English Translation | Past Continuous Tense | Expanded Mind-Sharp Practice,Long,translate_to_english,Past Continuous Tense,علی خط لکھ رہا تھا۔,Ali was writing a letter.,Medium,1,ULTRA,1,Expanded Mind-Sharp Practice
q_9_eng_b_urdu_eng_0408,1,ENGLISH_B | Urdu to English Translation | Past Continuous Tense | Expanded Mind-Sharp Practice,Long,translate_to_english,Past Continuous Tense,وہ کمرہ صاف کر رہی تھی۔,She was cleaning the room.,Medium,1,ULTRA,1,Expanded Mind-Sharp Practice
q_9_eng_b_urdu_eng_0409,1,ENGLISH_B | Urdu to English Translation | Past Continuous Tense | Expanded Mind-Sharp Practice,Long,translate_to_english,Past Continuous Tense,بچے دریا کے کنارے دوڑ رہے تھے۔,The children were running along the riverbank.,Medium,1,ULTRA,1,Expanded Mind-Sharp Practice
q_9_eng_b_urdu_eng_0410,1,ENGLISH_B | Urdu to English Translation | Past Continuous Tense | Expanded Mind-Sharp Practice,Long,translate_to_english,Past Continuous Tense,ہم ٹی وی دیکھ رہے تھے۔,We were watching television.,Medium,1,ULTRA,1,Expanded Mind-Sharp Practice
q_9_eng_b_urdu_eng_0411,1,ENGLISH_B | Urdu to English Translation | Past Continuous Tense | Expanded Mind-Sharp Practice,Long,translate_to_english,Past Continuous Tense,میں دوست کو خط لکھ رہا تھا۔,I was writing a letter to my friend.,Medium,1,ULTRA,1,Expanded Mind-Sharp Practice
q_9_eng_b_urdu_eng_0412,1,ENGLISH_B | Urdu to English Translation | Past Continuous Tense | Expanded Mind-Sharp Practice,Long,translate_to_english,Past Continuous Tense,بارش ہو رہی تھی۔,It was raining.,Medium,1,ULTRA,1,Expanded Mind-Sharp Practice
q_9_eng_b_urdu_eng_0413,1,ENGLISH_B | Urdu to English Translation | Past Continuous Tense | Expanded Mind-Sharp Practice,Long,translate_to_english,Past Continuous Tense,استاد سبق سمجھا رہے تھے۔,The teacher was explaining the lesson.,Medium,1,ULTRA,1,Expanded Mind-Sharp Practice
q_9_eng_b_urdu_eng_0414,1,ENGLISH_B | Urdu to English Translation | Past Continuous Tense | Expanded Mind-Sharp Practice,Long,translate_to_english,Past Continuous Tense,مزدور سڑک بنا رہے تھے۔,The workers were building the road.,Medium,1,ULTRA,1,Expanded Mind-Sharp Practice
q_9_eng_b_urdu_eng_0415,1,ENGLISH_B | Urdu to English Translation | Past Continuous Tense | Expanded Mind-Sharp Practice,Long,translate_to_english,Past Continuous Tense,مریض سو رہا تھا۔,The patient was sleeping.,Medium,1,ULTRA,1,Expanded Mind-Sharp Practice
q_9_eng_b_urdu_eng_0416,1,ENGLISH_B | Urdu to English Translation | Past Continuous Tense | Expanded Mind-Sharp Practice,Long,translate_to_english,Past Continuous Tense,لڑکیاں گانا گا رہی تھیں۔,The girls were singing.,Medium,1,ULTRA,1,Expanded Mind-Sharp Practice
q_9_eng_b_urdu_eng_0417,1,ENGLISH_B | Urdu to English Translation | Past Continuous Tense | Expanded Mind-Sharp Practice,Long,translate_to_english,Past Continuous Tense,کیا تم میرا انتظار کر رہے تھے؟,Were you waiting for me?,Medium,1,ULTRA,1,Expanded Mind-Sharp Practice
q_9_eng_b_urdu_eng_0418,1,ENGLISH_B | Urdu to English Translation | Past Continuous Tense | Expanded Mind-Sharp Practice,Long,translate_to_english,Past Continuous Tense,وہ کیوں ہنس رہی تھی؟,Why was she laughing?,Medium,1,ULTRA,1,Expanded Mind-Sharp Practice
q_9_eng_b_urdu_eng_0419,1,ENGLISH_B | Urdu to English Translation | Past Continuous Tense | Expanded Mind-Sharp Practice,Long,translate_to_english,Past Continuous Tense,پولیس چور کا پیچھا کر رہی تھی۔,The police were chasing the thief.,Medium,1,ULTRA,1,Expanded Mind-Sharp Practice
q_9_eng_b_urdu_eng_0420,1,ENGLISH_B | Urdu to English Translation | Past Continuous Tense | Expanded Mind-Sharp Practice,Long,translate_to_english,Past Continuous Tense,ہم اس وقت سفر نہیں کر رہے تھے۔,We were not travelling at that time.,Medium,1,ULTRA,1,Expanded Mind-Sharp Practice
q_9_eng_b_urdu_eng_0421,1,ENGLISH_B | Urdu to English Translation | Past Continuous Tense | Expanded Mind-Sharp Practice,Long,translate_to_english,Past Continuous Tense,کسان فصل کاٹ رہے تھے۔,The farmers were harvesting the crop.,Medium,1,ULTRA,1,Expanded Mind-Sharp Practice
q_9_eng_b_urdu_eng_0422,1,ENGLISH_B | Urdu to English Translation | Past Continuous Tense | Expanded Mind-Sharp Practice,Long,translate_to_english,Past Continuous Tense,بچے شور مچا رہے تھے۔,The children were making noise.,Medium,1,ULTRA,1,Expanded Mind-Sharp Practice
q_9_eng_b_urdu_eng_0423,1,ENGLISH_B | Urdu to English Translation | Past Continuous Tense | Expanded Mind-Sharp Practice,Long,translate_to_english,Past Continuous Tense,ڈاکٹر مریض کا معائنہ کر رہا تھا۔,The doctor was examining the patient.,Medium,1,ULTRA,1,Expanded Mind-Sharp Practice
q_9_eng_b_urdu_eng_0424,1,ENGLISH_B | Urdu to English Translation | Past Continuous Tense | Expanded Mind-Sharp Practice,Long,translate_to_english,Past Continuous Tense,جب میں آیا، وہ چائے پی رہی تھی۔,She was drinking tea when I arrived.,Medium,1,ULTRA,1,Expanded Mind-Sharp Practice
q_9_eng_b_urdu_eng_0425,1,ENGLISH_B | Urdu to English Translation | Past Continuous Tense | Expanded Mind-Sharp Practice,Long,translate_to_english,Past Continuous Tense,ہوا تیزی سے چل رہی تھی۔,The wind was blowing fast.,Medium,1,ULTRA,1,Expanded Mind-Sharp Practice
q_9_eng_b_urdu_eng_0426,1,ENGLISH_B | Urdu to English Translation | Past Continuous Tense | Expanded Mind-Sharp Practice,Long,translate_to_english,Past Continuous Tense,گاڑی آہستہ چل رہی تھی۔,The car was moving slowly.,Medium,1,ULTRA,1,Expanded Mind-Sharp Practice
q_9_eng_b_urdu_eng_0427,1,ENGLISH_B | Urdu to English Translation | Past Continuous Tense | Expanded Mind-Sharp Practice,Long,translate_to_english,Past Continuous Tense,کیا پرندے درختوں پر بیٹھ رہے تھے؟,Were the birds sitting in the trees?,Medium,1,ULTRA,1,Expanded Mind-Sharp Practice
sep_9_eng_b_urdu_eng_036,1,ENGLISH_B | Urdu to English Translation | Past Perfect Tense | Heading,Topic,topic_separator,Past Perfect Tense,,,,,,1,
sep_9_eng_b_urdu_eng_037,1,ENGLISH_B | Urdu to English Translation | Past Perfect Tense | Past Paper,Topic,topic_separator,Past Perfect Tense,,,,,,1,
q_9_eng_b_urdu_eng_0213,1,ENGLISH_B | Urdu to English Translation | Past Perfect Tense | Past Paper | 2017 Evening,Long,translate_to_english,Past Perfect Tense,امتحان شروع ہونے سے پہلے تمام امیدوار کمرہ امتحان میں آ چکے تھے۔,All the candidates had entered the examination hall before the examination began.,Medium,1,ULTRA,1,Past Paper | 2017 Evening
q_9_eng_b_urdu_eng_0214,1,ENGLISH_B | Urdu to English Translation | Past Perfect Tense | Past Paper | 2022 Evening,Long,translate_to_english,Past Perfect Tense,سورج نکلنے سے پہلے لڑکے پھول توڑ چکے تھے۔,The boys had plucked the flowers before sunrise.,Medium,1,ULTRA,1,Past Paper | 2022 Evening
q_9_eng_b_urdu_eng_0215,1,ENGLISH_B | Urdu to English Translation | Past Perfect Tense | Past Paper | 2023 Evening,Long,translate_to_english,Past Perfect Tense,لوگوں کو خبر ہونے سے پہلے آگ بجھائی جا چکی تھی۔,The fire had been extinguished before the people came to know of it.,Medium,1,ULTRA,1,Past Paper | 2023 Evening
q_9_eng_b_urdu_eng_0216,1,ENGLISH_B | Urdu to English Translation | Past Perfect Tense | Past Paper | 2021 Evening,Long,translate_to_english,Past Perfect Tense,کئی ماہ پہلے شہر پر قبضہ کیا جا چکا تھا۔,The city had been occupied several months before.,Hard,1,ULTRA,1,Past Paper | 2021 Evening
q_9_eng_b_urdu_eng_0217,1,"ENGLISH_B | Urdu to English Translation | Past Perfect Tense | Past Paper | 2014, 2020 Evening",Long,translate_to_english,Past Perfect Tense,کیا علاج شروع ہونے سے پہلے مریض مر چکا تھا؟,Had the patient died before the treatment began?,Hard,1,ELITE,1,"Past Paper | 2014, 2020 Evening"
q_9_eng_b_urdu_eng_0218,1,ENGLISH_B | Urdu to English Translation | Past Perfect Tense | Past Paper | 2020,Long,translate_to_english,Past Perfect Tense,ہم پہلے ہی یہ خبر سن چکے تھے۔,We had already heard this news.,Medium,1,ULTRA,1,Past Paper | 2020
sep_9_eng_b_urdu_eng_038,1,ENGLISH_B | Urdu to English Translation | Past Perfect Tense | Mind-Sharp Practice,Topic,topic_separator,Past Perfect Tense,,,,,,1,
q_9_eng_b_urdu_eng_0219,1,ENGLISH_B | Urdu to English Translation | Past Perfect Tense | Board-Pattern Practice,Long,translate_to_english,Past Perfect Tense,میرے پہنچنے سے پہلے وہ جا چکا تھا۔,He had left before I arrived.,Medium,1,ELITE,1,Board-Pattern Practice
q_9_eng_b_urdu_eng_0220,1,ENGLISH_B | Urdu to English Translation | Past Perfect Tense | Board-Pattern Practice,Long,translate_to_english,Past Perfect Tense,ہم کھانا کھا چکے تھے۔,We had eaten the meal.,Easy,1,PRO,1,Board-Pattern Practice
q_9_eng_b_urdu_eng_0221,1,ENGLISH_B | Urdu to English Translation | Past Perfect Tense | Board-Pattern Practice,Long,translate_to_english,Past Perfect Tense,اس نے کام مکمل کر لیا تھا۔,He had completed the work.,Easy,1,PRO,1,Board-Pattern Practice
q_9_eng_b_urdu_eng_0222,1,ENGLISH_B | Urdu to English Translation | Past Perfect Tense | Board-Pattern Practice,Long,translate_to_english,Past Perfect Tense,گاڑی آنے سے پہلے مسافر جمع ہو چکے تھے۔,The passengers had gathered before the bus arrived.,Medium,1,ULTRA,1,Board-Pattern Practice
q_9_eng_b_urdu_eng_0223,1,ENGLISH_B | Urdu to English Translation | Past Perfect Tense | Board-Pattern Practice,Long,translate_to_english,Past Perfect Tense,اس نے مجھے پہلے نہیں دیکھا تھا۔,He had not seen me before.,Medium,1,ULTRA,1,Board-Pattern Practice
q_9_eng_b_urdu_eng_0224,1,ENGLISH_B | Urdu to English Translation | Past Perfect Tense | Board-Pattern Practice,Long,translate_to_english,Past Perfect Tense,کیا تم سبق یاد کر چکے تھے؟,Had you learnt the lesson?,Medium,1,ULTRA,1,Board-Pattern Practice
q_9_eng_b_urdu_eng_0225,1,ENGLISH_B | Urdu to English Translation | Past Perfect Tense | Board-Pattern Practice,Long,translate_to_english,Past Perfect Tense,وہ میرے آنے سے پہلے کیوں جا چکا تھا؟,Why had he left before I came?,Hard,1,ELITE,1,Board-Pattern Practice
q_9_eng_b_urdu_eng_0226,1,ENGLISH_B | Urdu to English Translation | Past Perfect Tense | Board-Pattern Practice,Long,translate_to_english,Past Perfect Tense,ڈاکٹر کے آنے سے پہلے مریض مر چکا تھا۔,The patient had died before the doctor arrived.,Hard,1,ELITE,1,Board-Pattern Practice
q_9_eng_b_urdu_eng_0227,1,ENGLISH_B | Urdu to English Translation | Past Perfect Tense | Board-Pattern Practice,Long,translate_to_english,Past Perfect Tense,چور پولیس کے پہنچنے سے پہلے فرار ہو چکا تھا۔,The thief had escaped before the police arrived.,Medium,1,ELITE,1,Board-Pattern Practice
q_9_eng_b_urdu_eng_0228,1,ENGLISH_B | Urdu to English Translation | Past Perfect Tense | Board-Pattern Practice,Long,translate_to_english,Past Perfect Tense,تمام دروازے بند کیے جا چکے تھے۔,All the doors had been closed.,Hard,1,ELITE,1,Board-Pattern Practice
q_9_eng_b_urdu_eng_0229,1,ENGLISH_B | Urdu to English Translation | Past Perfect Tense | Board-Pattern Practice,Long,translate_to_english,Past Perfect Tense,ہم پہلے ہی خبر سن چکے تھے۔,We had already heard the news.,Medium,1,ULTRA,1,Board-Pattern Practice
q_9_eng_b_urdu_eng_0230,1,ENGLISH_B | Urdu to English Translation | Past Perfect Tense | Board-Pattern Practice,Long,translate_to_english,Past Perfect Tense,کیا بارش شروع ہونے سے پہلے وہ گھر پہنچ چکے تھے؟,Had they reached home before it started raining?,Hard,1,ELITE,1,Board-Pattern Practice
q_9_eng_b_urdu_eng_0428,1,ENGLISH_B | Urdu to English Translation | Past Perfect Tense | Expanded Mind-Sharp Practice,Long,translate_to_english,Past Perfect Tense,میرے پہنچنے سے پہلے علی جا چکا تھا۔,Ali had left before I arrived.,Medium,1,ULTRA,1,Expanded Mind-Sharp Practice
q_9_eng_b_urdu_eng_0429,1,ENGLISH_B | Urdu to English Translation | Past Perfect Tense | Expanded Mind-Sharp Practice,Long,translate_to_english,Past Perfect Tense,ہم نے بارش سے پہلے کام مکمل کر لیا تھا۔,We had completed the work before the rain.,Medium,1,ULTRA,1,Expanded Mind-Sharp Practice
q_9_eng_b_urdu_eng_0430,1,ENGLISH_B | Urdu to English Translation | Past Perfect Tense | Expanded Mind-Sharp Practice,Long,translate_to_english,Past Perfect Tense,وہ امتحان سے پہلے کتاب پڑھ چکی تھی۔,She had read the book before the examination.,Medium,1,ULTRA,1,Expanded Mind-Sharp Practice
q_9_eng_b_urdu_eng_0431,1,ENGLISH_B | Urdu to English Translation | Past Perfect Tense | Expanded Mind-Sharp Practice,Long,translate_to_english,Past Perfect Tense,بچے سورج غروب ہونے سے پہلے گھر آ گئے تھے۔,The children had reached home before sunset.,Medium,1,ULTRA,1,Expanded Mind-Sharp Practice
q_9_eng_b_urdu_eng_0432,1,ENGLISH_B | Urdu to English Translation | Past Perfect Tense | Expanded Mind-Sharp Practice,Long,translate_to_english,Past Perfect Tense,استاد نے گھنٹی بجنے سے پہلے سبق ختم کر لیا تھا۔,The teacher had finished the lesson before the bell rang.,Medium,1,ULTRA,1,Expanded Mind-Sharp Practice
q_9_eng_b_urdu_eng_0433,1,ENGLISH_B | Urdu to English Translation | Past Perfect Tense | Expanded Mind-Sharp Practice,Long,translate_to_english,Past Perfect Tense,مریض ڈاکٹر کے آنے سے پہلے سو چکا تھا۔,The patient had fallen asleep before the doctor arrived.,Medium,1,ULTRA,1,Expanded Mind-Sharp Practice
q_9_eng_b_urdu_eng_0434,1,ENGLISH_B | Urdu to English Translation | Past Perfect Tense | Expanded Mind-Sharp Practice,Long,translate_to_english,Past Perfect Tense,میں نے اسے پہلے کبھی نہیں دیکھا تھا۔,I had never seen him before.,Medium,1,ULTRA,1,Expanded Mind-Sharp Practice
q_9_eng_b_urdu_eng_0435,1,ENGLISH_B | Urdu to English Translation | Past Perfect Tense | Expanded Mind-Sharp Practice,Long,translate_to_english,Past Perfect Tense,کیا تم نے روانگی سے پہلے دروازہ بند کر دیا تھا؟,Had you closed the door before leaving?,Medium,1,ULTRA,1,Expanded Mind-Sharp Practice
q_9_eng_b_urdu_eng_0436,1,ENGLISH_B | Urdu to English Translation | Past Perfect Tense | Expanded Mind-Sharp Practice,Long,translate_to_english,Past Perfect Tense,مسافر ٹرین چلنے سے پہلے اسٹیشن پہنچ چکے تھے۔,The passengers had reached the station before the train left.,Medium,1,ULTRA,1,Expanded Mind-Sharp Practice
q_9_eng_b_urdu_eng_0437,1,ENGLISH_B | Urdu to English Translation | Past Perfect Tense | Expanded Mind-Sharp Practice,Long,translate_to_english,Past Perfect Tense,انہوں نے میچ شروع ہونے سے پہلے میدان تیار کر لیا تھا۔,They had prepared the ground before the match started.,Medium,1,ULTRA,1,Expanded Mind-Sharp Practice
q_9_eng_b_urdu_eng_0438,1,ENGLISH_B | Urdu to English Translation | Past Perfect Tense | Expanded Mind-Sharp Practice,Long,translate_to_english,Past Perfect Tense,بارش شروع ہونے سے پہلے ہم گھر پہنچ چکے تھے۔,We had reached home before it started raining.,Medium,1,ULTRA,1,Expanded Mind-Sharp Practice
q_9_eng_b_urdu_eng_0439,1,ENGLISH_B | Urdu to English Translation | Past Perfect Tense | Expanded Mind-Sharp Practice,Long,translate_to_english,Past Perfect Tense,اس نے جواب دینے سے پہلے سوال سمجھ لیا تھا۔,He had understood the question before answering.,Medium,1,ULTRA,1,Expanded Mind-Sharp Practice
q_9_eng_b_urdu_eng_0440,1,ENGLISH_B | Urdu to English Translation | Past Perfect Tense | Expanded Mind-Sharp Practice,Long,translate_to_english,Past Perfect Tense,کسانوں نے شام سے پہلے فصل کاٹ لی تھی۔,The farmers had harvested the crop before evening.,Medium,1,ULTRA,1,Expanded Mind-Sharp Practice
q_9_eng_b_urdu_eng_0441,1,ENGLISH_B | Urdu to English Translation | Past Perfect Tense | Expanded Mind-Sharp Practice,Long,translate_to_english,Past Perfect Tense,کیا گاڑی ہمارے پہنچنے سے پہلے جا چکی تھی؟,Had the car left before we arrived?,Medium,1,ULTRA,1,Expanded Mind-Sharp Practice
q_9_eng_b_urdu_eng_0442,1,ENGLISH_B | Urdu to English Translation | Past Perfect Tense | Expanded Mind-Sharp Practice,Long,translate_to_english,Past Perfect Tense,وہ میرے فون کرنے سے پہلے کھانا پکا چکی تھی۔,She had cooked the food before I called.,Medium,1,ULTRA,1,Expanded Mind-Sharp Practice
q_9_eng_b_urdu_eng_0443,1,ENGLISH_B | Urdu to English Translation | Past Perfect Tense | Expanded Mind-Sharp Practice,Long,translate_to_english,Past Perfect Tense,بچے استاد کے آنے سے پہلے بیٹھ چکے تھے۔,The children had sat down before the teacher arrived.,Medium,1,ULTRA,1,Expanded Mind-Sharp Practice
q_9_eng_b_urdu_eng_0444,1,ENGLISH_B | Urdu to English Translation | Past Perfect Tense | Expanded Mind-Sharp Practice,Long,translate_to_english,Past Perfect Tense,ہم نے مقررہ وقت سے پہلے رپورٹ جمع کرا دی تھی۔,We had submitted the report before the deadline.,Medium,1,ULTRA,1,Expanded Mind-Sharp Practice
sep_9_eng_b_urdu_eng_039,1,ENGLISH_B | Urdu to English Translation | Past Perfect Continuous Tense | Heading,Topic,topic_separator,Past Perfect Continuous Tense,,,,,,1,
sep_9_eng_b_urdu_eng_040,1,ENGLISH_B | Urdu to English Translation | Past Perfect Continuous Tense | Past Paper,Topic,topic_separator,Past Perfect Continuous Tense,,,,,,1,
q_9_eng_b_urdu_eng_0231,1,ENGLISH_B | Urdu to English Translation | Past Perfect Continuous Tense | Past Paper | 2013,Long,translate_to_english,Past Perfect Continuous Tense,امیر آدمی کب سے آرام کر رہا تھا؟,How long had the rich man been resting?,Hard,1,ULTRA,1,Past Paper | 2013
q_9_eng_b_urdu_eng_0232,1,ENGLISH_B | Urdu to English Translation | Past Perfect Continuous Tense | Past Paper | 2020,Long,translate_to_english,Past Perfect Continuous Tense,بارش دو دن سے ہو رہی تھی۔,It had been raining for two days.,Medium,1,ULTRA,1,Past Paper | 2020
q_9_eng_b_urdu_eng_0233,1,ENGLISH_B | Urdu to English Translation | Past Perfect Continuous Tense | Past Paper | 2013 Evening,Long,translate_to_english,Past Perfect Continuous Tense,تم تین دن سے مضمون لکھ رہے تھے۔,You had been writing an essay for three days.,Hard,1,ULTRA,1,Past Paper | 2013 Evening
q_9_eng_b_urdu_eng_0234,1,ENGLISH_B | Urdu to English Translation | Past Perfect Continuous Tense | Past Paper | 2017 Evening,Long,translate_to_english,Past Perfect Continuous Tense,تم پانچ روز سے تقریر تیار کر رہے تھے۔,You had been preparing the speech for five days.,Hard,1,ULTRA,1,Past Paper | 2017 Evening
q_9_eng_b_urdu_eng_0235,1,"ENGLISH_B | Urdu to English Translation | Past Perfect Continuous Tense | Past Paper | 2018, 2018 Evening",Long,translate_to_english,Past Perfect Continuous Tense,لوگ دو گھنٹے سے آگ بجھا رہے تھے۔,The people had been putting out the fire for two hours.,Hard,1,ELITE,1,"Past Paper | 2018, 2018 Evening"
q_9_eng_b_urdu_eng_0236,1,"ENGLISH_B | Urdu to English Translation | Past Perfect Continuous Tense | Past Paper | 2020 Evening, 2023 Evening",Long,translate_to_english,Past Perfect Continuous Tense,وہ ایک گھنٹے سے خط لکھ رہا تھا۔,He had been writing a letter for an hour.,Medium,1,ELITE,1,"Past Paper | 2020 Evening, 2023 Evening"
sep_9_eng_b_urdu_eng_041,1,ENGLISH_B | Urdu to English Translation | Past Perfect Continuous Tense | Mind-Sharp Practice,Topic,topic_separator,Past Perfect Continuous Tense,,,,,,1,
q_9_eng_b_urdu_eng_0237,1,ENGLISH_B | Urdu to English Translation | Past Perfect Continuous Tense | Board-Pattern Practice,Long,translate_to_english,Past Perfect Continuous Tense,میں دو گھنٹے سے پڑھ رہا تھا۔,I had been studying for two hours.,Medium,1,ULTRA,1,Board-Pattern Practice
q_9_eng_b_urdu_eng_0238,1,ENGLISH_B | Urdu to English Translation | Past Perfect Continuous Tense | Board-Pattern Practice,Long,translate_to_english,Past Perfect Continuous Tense,وہ صبح سے کام کر رہی تھی۔,She had been working since morning.,Medium,1,ULTRA,1,Board-Pattern Practice
q_9_eng_b_urdu_eng_0239,1,ENGLISH_B | Urdu to English Translation | Past Perfect Continuous Tense | Board-Pattern Practice,Long,translate_to_english,Past Perfect Continuous Tense,بچے ایک گھنٹے سے کھیل رہے تھے۔,The children had been playing for an hour.,Medium,1,ULTRA,1,Board-Pattern Practice
q_9_eng_b_urdu_eng_0240,1,ENGLISH_B | Urdu to English Translation | Past Perfect Continuous Tense | Board-Pattern Practice,Long,translate_to_english,Past Perfect Continuous Tense,ہم کئی دنوں سے تمہارا انتظار کر رہے تھے۔,We had been waiting for you for several days.,Medium,1,ULTRA,1,Board-Pattern Practice
q_9_eng_b_urdu_eng_0241,1,ENGLISH_B | Urdu to English Translation | Past Perfect Continuous Tense | Board-Pattern Practice,Long,translate_to_english,Past Perfect Continuous Tense,وہ 2019ء سے وہاں رہ رہا تھا۔,He had been living there since 2019.,Medium,1,ELITE,1,Board-Pattern Practice
q_9_eng_b_urdu_eng_0242,1,ENGLISH_B | Urdu to English Translation | Past Perfect Continuous Tense | Board-Pattern Practice,Long,translate_to_english,Past Perfect Continuous Tense,کیا تم کافی دیر سے کام کر رہے تھے؟,Had you been working for a long time?,Hard,1,ELITE,1,Board-Pattern Practice
q_9_eng_b_urdu_eng_0243,1,ENGLISH_B | Urdu to English Translation | Past Perfect Continuous Tense | Board-Pattern Practice,Long,translate_to_english,Past Perfect Continuous Tense,وہ کب سے آرام کر رہا تھا؟,How long had he been resting?,Hard,1,ELITE,1,Board-Pattern Practice
q_9_eng_b_urdu_eng_0244,1,ENGLISH_B | Urdu to English Translation | Past Perfect Continuous Tense | Board-Pattern Practice,Long,translate_to_english,Past Perfect Continuous Tense,مزدور صبح سے سڑک بنا رہے تھے۔,The workers had been building the road since morning.,Medium,1,ULTRA,1,Board-Pattern Practice
q_9_eng_b_urdu_eng_0245,1,ENGLISH_B | Urdu to English Translation | Past Perfect Continuous Tense | Board-Pattern Practice,Long,translate_to_english,Past Perfect Continuous Tense,مشین کئی دنوں سے کام نہیں کر رہی تھی۔,The machine had not been working for several days.,Hard,1,ELITE,1,Board-Pattern Practice
q_9_eng_b_urdu_eng_0246,1,ENGLISH_B | Urdu to English Translation | Past Perfect Continuous Tense | Board-Pattern Practice,Long,translate_to_english,Past Perfect Continuous Tense,کیا بچے دوپہر سے شور مچا رہے تھے؟,Had the children been making a noise since noon?,Hard,1,ELITE,1,Board-Pattern Practice
q_9_eng_b_urdu_eng_0445,1,ENGLISH_B | Urdu to English Translation | Past Perfect Continuous Tense | Expanded Mind-Sharp Practice,Long,translate_to_english,Past Perfect Continuous Tense,علی امتحان سے پہلے دو گھنٹے سے پڑھ رہا تھا۔,Ali had been studying for two hours before the examination.,Hard,1,ELITE,1,Expanded Mind-Sharp Practice
q_9_eng_b_urdu_eng_0446,1,ENGLISH_B | Urdu to English Translation | Past Perfect Continuous Tense | Expanded Mind-Sharp Practice,Long,translate_to_english,Past Perfect Continuous Tense,وہ میرے آنے سے پہلے ایک گھنٹے سے کھانا پکا رہی تھی۔,She had been cooking for an hour before I arrived.,Hard,1,ELITE,1,Expanded Mind-Sharp Practice
q_9_eng_b_urdu_eng_0447,1,ENGLISH_B | Urdu to English Translation | Past Perfect Continuous Tense | Expanded Mind-Sharp Practice,Long,translate_to_english,Past Perfect Continuous Tense,بچے بارش شروع ہونے سے پہلے کافی دیر سے کھیل رہے تھے۔,The children had been playing for a long time before it started raining.,Hard,1,ELITE,1,Expanded Mind-Sharp Practice
q_9_eng_b_urdu_eng_0448,1,ENGLISH_B | Urdu to English Translation | Past Perfect Continuous Tense | Expanded Mind-Sharp Practice,Long,translate_to_english,Past Perfect Continuous Tense,ہم 2020 سے اس شہر میں رہ رہے تھے جب ہمیں منتقل ہونا پڑا۔,We had been living in this city since 2020 when we had to move.,Hard,1,ELITE,1,Expanded Mind-Sharp Practice
q_9_eng_b_urdu_eng_0449,1,ENGLISH_B | Urdu to English Translation | Past Perfect Continuous Tense | Expanded Mind-Sharp Practice,Long,translate_to_english,Past Perfect Continuous Tense,مزدور حادثے سے پہلے کئی دنوں سے پل بنا رہے تھے۔,The workers had been building the bridge for several days before the accident.,Hard,1,ELITE,1,Expanded Mind-Sharp Practice
q_9_eng_b_urdu_eng_0450,1,ENGLISH_B | Urdu to English Translation | Past Perfect Continuous Tense | Expanded Mind-Sharp Practice,Long,translate_to_english,Past Perfect Continuous Tense,استاد گھنٹی بجنے سے پہلے آدھے گھنٹے سے پڑھا رہے تھے۔,The teacher had been teaching for half an hour before the bell rang.,Hard,1,ELITE,1,Expanded Mind-Sharp Practice
q_9_eng_b_urdu_eng_0451,1,ENGLISH_B | Urdu to English Translation | Past Perfect Continuous Tense | Expanded Mind-Sharp Practice,Long,translate_to_english,Past Perfect Continuous Tense,مریض ڈاکٹر کے آنے سے پہلے دو دن سے کھانس رہا تھا۔,The patient had been coughing for two days before the doctor arrived.,Hard,1,ELITE,1,Expanded Mind-Sharp Practice
q_9_eng_b_urdu_eng_0452,1,ENGLISH_B | Urdu to English Translation | Past Perfect Continuous Tense | Expanded Mind-Sharp Practice,Long,translate_to_english,Past Perfect Continuous Tense,کیا تم میرے فون کرنے سے پہلے ایک گھنٹے سے انتظار کر رہے تھے؟,Had you been waiting for an hour before I called?,Hard,1,ELITE,1,Expanded Mind-Sharp Practice
q_9_eng_b_urdu_eng_0453,1,ENGLISH_B | Urdu to English Translation | Past Perfect Continuous Tense | Expanded Mind-Sharp Practice,Long,translate_to_english,Past Perfect Continuous Tense,وہ امتحان سے پہلے کئی راتوں سے دیر تک پڑھ رہی تھی۔,She had been studying late for several nights before the examination.,Hard,1,ELITE,1,Expanded Mind-Sharp Practice
q_9_eng_b_urdu_eng_0454,1,ENGLISH_B | Urdu to English Translation | Past Perfect Continuous Tense | Expanded Mind-Sharp Practice,Long,translate_to_english,Past Perfect Continuous Tense,کسان بارش آنے سے پہلے صبح سے فصل کاٹ رہے تھے۔,The farmers had been harvesting the crop since morning before the rain came.,Hard,1,ELITE,1,Expanded Mind-Sharp Practice
q_9_eng_b_urdu_eng_0455,1,ENGLISH_B | Urdu to English Translation | Past Perfect Continuous Tense | Expanded Mind-Sharp Practice,Long,translate_to_english,Past Perfect Continuous Tense,پولیس گرفتاری سے پہلے کئی گھنٹوں سے چور کا پیچھا کر رہی تھی۔,The police had been chasing the thief for several hours before the arrest.,Hard,1,ELITE,1,Expanded Mind-Sharp Practice
q_9_eng_b_urdu_eng_0456,1,ENGLISH_B | Urdu to English Translation | Past Perfect Continuous Tense | Expanded Mind-Sharp Practice,Long,translate_to_english,Past Perfect Continuous Tense,لڑکیاں پروگرام شروع ہونے سے پہلے ایک گھنٹے سے مشق کر رہی تھیں۔,The girls had been practising for an hour before the programme started.,Hard,1,ELITE,1,Expanded Mind-Sharp Practice
q_9_eng_b_urdu_eng_0457,1,ENGLISH_B | Urdu to English Translation | Past Perfect Continuous Tense | Expanded Mind-Sharp Practice,Long,translate_to_english,Past Perfect Continuous Tense,میں تھکنے سے پہلے مسلسل تین گھنٹے سے چل رہا تھا۔,I had been walking continuously for three hours before I became tired.,Hard,1,ELITE,1,Expanded Mind-Sharp Practice
q_9_eng_b_urdu_eng_0458,1,ENGLISH_B | Urdu to English Translation | Past Perfect Continuous Tense | Expanded Mind-Sharp Practice,Long,translate_to_english,Past Perfect Continuous Tense,مشین خراب ہونے سے پہلے کئی دنوں سے چل رہی تھی۔,The machine had been running for several days before it broke down.,Hard,1,ELITE,1,Expanded Mind-Sharp Practice
q_9_eng_b_urdu_eng_0459,1,ENGLISH_B | Urdu to English Translation | Past Perfect Continuous Tense | Expanded Mind-Sharp Practice,Long,translate_to_english,Past Perfect Continuous Tense,بچے استاد کے آنے سے پہلے دس منٹ سے شور مچا رہے تھے۔,The children had been making noise for ten minutes before the teacher arrived.,Hard,1,ELITE,1,Expanded Mind-Sharp Practice
q_9_eng_b_urdu_eng_0460,1,ENGLISH_B | Urdu to English Translation | Past Perfect Continuous Tense | Expanded Mind-Sharp Practice,Long,translate_to_english,Past Perfect Continuous Tense,ڈاکٹر آپریشن سے پہلے کئی گھنٹوں سے کام کر رہا تھا۔,The doctor had been working for several hours before the operation.,Hard,1,ELITE,1,Expanded Mind-Sharp Practice
q_9_eng_b_urdu_eng_0461,1,ENGLISH_B | Urdu to English Translation | Past Perfect Continuous Tense | Expanded Mind-Sharp Practice,Long,translate_to_english,Past Perfect Continuous Tense,وہ نوکری چھوڑنے سے پہلے پانچ سال سے وہاں کام کر رہا تھا۔,He had been working there for five years before he left the job.,Hard,1,ELITE,1,Expanded Mind-Sharp Practice
q_9_eng_b_urdu_eng_0462,1,ENGLISH_B | Urdu to English Translation | Past Perfect Continuous Tense | Expanded Mind-Sharp Practice,Long,translate_to_english,Past Perfect Continuous Tense,ہم سورج نکلنے سے پہلے دو گھنٹے سے سفر کر رہے تھے۔,We had been travelling for two hours before sunrise.,Hard,1,ELITE,1,Expanded Mind-Sharp Practice
q_9_eng_b_urdu_eng_0463,1,ENGLISH_B | Urdu to English Translation | Past Perfect Continuous Tense | Expanded Mind-Sharp Practice,Long,translate_to_english,Past Perfect Continuous Tense,بارش رکنے سے پہلے پوری رات سے ہو رہی تھی۔,It had been raining all night before it stopped.,Hard,1,ELITE,1,Expanded Mind-Sharp Practice
sep_9_eng_b_urdu_eng_042,1,ENGLISH_B | Urdu to English Translation | Future Indefinite Tense | Heading,Topic,topic_separator,Future Indefinite Tense,,,,,,1,
sep_9_eng_b_urdu_eng_043,1,ENGLISH_B | Urdu to English Translation | Future Indefinite Tense | Past Paper,Topic,topic_separator,Future Indefinite Tense,,,,,,1,
q_9_eng_b_urdu_eng_0247,1,ENGLISH_B | Urdu to English Translation | Future Indefinite Tense | Past Paper | 2017 Evening,Long,translate_to_english,Future Indefinite Tense,اس نظم کا ترجمہ کیا جائے گا۔,This poem will be translated.,Medium,1,ULTRA,1,Past Paper | 2017 Evening
q_9_eng_b_urdu_eng_0248,1,"ENGLISH_B | Urdu to English Translation | Future Indefinite Tense | Past Paper | 2020 Evening, 2021 Evening",Long,translate_to_english,Future Indefinite Tense,امیر غریبوں کی مدد کرے گا۔,The rich man will help the poor.,Medium,1,ELITE,1,"Past Paper | 2020 Evening, 2021 Evening"
q_9_eng_b_urdu_eng_0249,1,"ENGLISH_B | Urdu to English Translation | Future Indefinite Tense | Past Paper | 2020, 2021 Evening",Long,translate_to_english,Future Indefinite Tense,تم مکان کب خالی کرو گے؟,When will you vacate the house?,Hard,1,ELITE,1,"Past Paper | 2020, 2021 Evening"
q_9_eng_b_urdu_eng_0250,1,ENGLISH_B | Urdu to English Translation | Future Indefinite Tense | Past Paper | 2018,Long,translate_to_english,Future Indefinite Tense,دشمن جنگ نہیں جیتے گا۔,The enemy will not win the war.,Medium,1,ULTRA,1,Past Paper | 2018
q_9_eng_b_urdu_eng_0251,1,ENGLISH_B | Urdu to English Translation | Future Indefinite Tense | Past Paper | 2015,Long,translate_to_english,Future Indefinite Tense,لوگ عید کی نماز کہاں پڑھیں گے؟,Where will the people offer the Eid prayer?,Hard,1,ULTRA,1,Past Paper | 2015
q_9_eng_b_urdu_eng_0252,1,"ENGLISH_B | Urdu to English Translation | Future Indefinite Tense | Past Paper | 2022 Evening, 2023 Evening",Long,translate_to_english,Future Indefinite Tense,وہ مجھے ملنے آئے گا۔,He will come to see me.,Medium,1,ELITE,1,"Past Paper | 2022 Evening, 2023 Evening"
q_9_eng_b_urdu_eng_0253,1,ENGLISH_B | Urdu to English Translation | Future Indefinite Tense | Past Paper | 2013 Evening,Long,translate_to_english,Future Indefinite Tense,ہر پاکستانی پاکستان کے لیے جان قربان کرے گا۔,Every Pakistani will sacrifice his life for Pakistan.,Medium,1,ULTRA,1,Past Paper | 2013 Evening
q_9_eng_b_urdu_eng_0254,1,ENGLISH_B | Urdu to English Translation | Future Indefinite Tense | Past Paper | 2021 Evening,Long,translate_to_english,Future Indefinite Tense,ہم تمہارا انتظار نہیں کریں گے۔,We shall not wait for you.,Medium,1,ULTRA,1,Past Paper | 2021 Evening
q_9_eng_b_urdu_eng_0255,1,ENGLISH_B | Urdu to English Translation | Future Indefinite Tense | Past Paper | 2016,Long,translate_to_english,Future Indefinite Tense,ہم تمہارا انتظار کریں گے۔,We shall wait for you.,Medium,1,ULTRA,1,Past Paper | 2016
sep_9_eng_b_urdu_eng_044,1,ENGLISH_B | Urdu to English Translation | Future Indefinite Tense | Mind-Sharp Practice,Topic,topic_separator,Future Indefinite Tense,,,,,,1,
q_9_eng_b_urdu_eng_0256,1,ENGLISH_B | Urdu to English Translation | Future Indefinite Tense | Board-Pattern Practice,Long,translate_to_english,Future Indefinite Tense,میں کل لاہور جاؤں گا۔,I shall go to Lahore tomorrow.,Easy,1,PRO,1,Board-Pattern Practice
q_9_eng_b_urdu_eng_0257,1,ENGLISH_B | Urdu to English Translation | Future Indefinite Tense | Board-Pattern Practice,Long,translate_to_english,Future Indefinite Tense,وہ تمہاری مدد کرے گا۔,He will help you.,Easy,1,PRO,1,Board-Pattern Practice
q_9_eng_b_urdu_eng_0258,1,ENGLISH_B | Urdu to English Translation | Future Indefinite Tense | Board-Pattern Practice,Long,translate_to_english,Future Indefinite Tense,ہم اگلے ہفتے امتحان دیں گے۔,We shall take the examination next week.,Easy,1,PRO,1,Board-Pattern Practice
q_9_eng_b_urdu_eng_0259,1,ENGLISH_B | Urdu to English Translation | Future Indefinite Tense | Board-Pattern Practice,Long,translate_to_english,Future Indefinite Tense,وہ خط نہیں لکھے گی۔,She will not write a letter.,Easy,1,PRO,1,Board-Pattern Practice
q_9_eng_b_urdu_eng_0260,1,ENGLISH_B | Urdu to English Translation | Future Indefinite Tense | Board-Pattern Practice,Long,translate_to_english,Future Indefinite Tense,کیا تم میرے ساتھ جاؤ گے؟,Will you go with me?,Easy,1,PRO,1,Board-Pattern Practice
q_9_eng_b_urdu_eng_0261,1,ENGLISH_B | Urdu to English Translation | Future Indefinite Tense | Board-Pattern Practice,Long,translate_to_english,Future Indefinite Tense,وہ کب واپس آئے گا؟,When will he return?,Medium,1,ULTRA,1,Board-Pattern Practice
q_9_eng_b_urdu_eng_0262,1,ENGLISH_B | Urdu to English Translation | Future Indefinite Tense | Board-Pattern Practice,Long,translate_to_english,Future Indefinite Tense,کون اس کام کو مکمل کرے گا؟,Who will complete this work?,Medium,1,ULTRA,1,Board-Pattern Practice
q_9_eng_b_urdu_eng_0263,1,ENGLISH_B | Urdu to English Translation | Future Indefinite Tense | Board-Pattern Practice,Long,translate_to_english,Future Indefinite Tense,نتیجہ کل سنایا جائے گا۔,The result will be announced tomorrow.,Hard,1,ELITE,1,Board-Pattern Practice
q_9_eng_b_urdu_eng_0264,1,ENGLISH_B | Urdu to English Translation | Future Indefinite Tense | Board-Pattern Practice,Long,translate_to_english,Future Indefinite Tense,ہم وقت ضائع نہیں کریں گے۔,We shall not waste time.,Easy,1,PRO,1,Board-Pattern Practice
q_9_eng_b_urdu_eng_0265,1,ENGLISH_B | Urdu to English Translation | Future Indefinite Tense | Board-Pattern Practice,Long,translate_to_english,Future Indefinite Tense,بارش آج رات ہوگی۔,It will rain tonight.,Medium,1,ULTRA,1,Board-Pattern Practice
q_9_eng_b_urdu_eng_0266,1,ENGLISH_B | Urdu to English Translation | Future Indefinite Tense | Board-Pattern Practice,Long,translate_to_english,Future Indefinite Tense,کیا وہ دعوت قبول کریں گے؟,Will they accept the invitation?,Easy,1,PRO,1,Board-Pattern Practice
q_9_eng_b_urdu_eng_0464,1,ENGLISH_B | Urdu to English Translation | Future Indefinite Tense | Expanded Mind-Sharp Practice,Long,translate_to_english,Future Indefinite Tense,میں کل تمہیں فون کروں گا۔,I will call you tomorrow.,Easy,1,PRO,1,Expanded Mind-Sharp Practice
q_9_eng_b_urdu_eng_0465,1,ENGLISH_B | Urdu to English Translation | Future Indefinite Tense | Expanded Mind-Sharp Practice,Long,translate_to_english,Future Indefinite Tense,وہ اگلے ہفتے لاہور جائے گی۔,She will go to Lahore next week.,Easy,1,PRO,1,Expanded Mind-Sharp Practice
q_9_eng_b_urdu_eng_0466,1,ENGLISH_B | Urdu to English Translation | Future Indefinite Tense | Expanded Mind-Sharp Practice,Long,translate_to_english,Future Indefinite Tense,ہم وقت پر پہنچیں گے۔,We will arrive on time.,Easy,1,PRO,1,Expanded Mind-Sharp Practice
q_9_eng_b_urdu_eng_0467,1,ENGLISH_B | Urdu to English Translation | Future Indefinite Tense | Expanded Mind-Sharp Practice,Long,translate_to_english,Future Indefinite Tense,کیا تم میری مدد کرو گے؟,Will you help me?,Easy,1,PRO,1,Expanded Mind-Sharp Practice
q_9_eng_b_urdu_eng_0468,1,ENGLISH_B | Urdu to English Translation | Future Indefinite Tense | Expanded Mind-Sharp Practice,Long,translate_to_english,Future Indefinite Tense,وہ یہ راز کسی کو نہیں بتائے گا۔,He will not tell this secret to anyone.,Easy,1,PRO,1,Expanded Mind-Sharp Practice
sep_9_eng_b_urdu_eng_045,1,ENGLISH_B | Urdu to English Translation | Future Continuous Tense | Heading,Topic,topic_separator,Future Continuous Tense,,,,,,1,
sep_9_eng_b_urdu_eng_046,1,ENGLISH_B | Urdu to English Translation | Future Continuous Tense | Past Paper,Topic,topic_separator,Future Continuous Tense,,,,,,1,
q_9_eng_b_urdu_eng_0267,1,ENGLISH_B | Urdu to English Translation | Future Continuous Tense | Past Paper | 2017 Evening,Long,translate_to_english,Future Continuous Tense,استاد جماعت کو انگریزی پڑھا رہا ہوگا۔,The teacher will be teaching English to the class.,Hard,1,ULTRA,1,Past Paper | 2017 Evening
q_9_eng_b_urdu_eng_0268,1,ENGLISH_B | Urdu to English Translation | Future Continuous Tense | Past Paper | 2018 Evening,Long,translate_to_english,Future Continuous Tense,معزز مہمان انعامات تقسیم کر رہا ہوگا۔,The chief guest will be distributing the prizes.,Hard,1,ULTRA,1,Past Paper | 2018 Evening
q_9_eng_b_urdu_eng_0269,1,ENGLISH_B | Urdu to English Translation | Future Continuous Tense | Past Paper | 2016,Long,translate_to_english,Future Continuous Tense,میں ڈرامے میں حصہ لے رہا ہوں گا۔,I shall be taking part in the play.,Medium,1,ULTRA,1,Past Paper | 2016
sep_9_eng_b_urdu_eng_047,1,ENGLISH_B | Urdu to English Translation | Future Continuous Tense | Mind-Sharp Practice,Topic,topic_separator,Future Continuous Tense,,,,,,1,
q_9_eng_b_urdu_eng_0270,1,ENGLISH_B | Urdu to English Translation | Future Continuous Tense | Board-Pattern Practice,Long,translate_to_english,Future Continuous Tense,میں اس وقت پڑھ رہا ہوں گا۔,I shall be studying at that time.,Medium,1,ULTRA,1,Board-Pattern Practice
q_9_eng_b_urdu_eng_0271,1,ENGLISH_B | Urdu to English Translation | Future Continuous Tense | Board-Pattern Practice,Long,translate_to_english,Future Continuous Tense,وہ کل سفر کر رہی ہوگی۔,She will be travelling tomorrow.,Medium,1,ULTRA,1,Board-Pattern Practice
q_9_eng_b_urdu_eng_0272,1,ENGLISH_B | Urdu to English Translation | Future Continuous Tense | Board-Pattern Practice,Long,translate_to_english,Future Continuous Tense,بچے شام کو کھیل رہے ہوں گے۔,The children will be playing in the evening.,Medium,1,ULTRA,1,Board-Pattern Practice
q_9_eng_b_urdu_eng_0273,1,ENGLISH_B | Urdu to English Translation | Future Continuous Tense | Board-Pattern Practice,Long,translate_to_english,Future Continuous Tense,ہم اگلے ہفتے امتحان دے رہے ہوں گے۔,We shall be taking the examination next week.,Medium,1,ULTRA,1,Board-Pattern Practice
q_9_eng_b_urdu_eng_0274,1,ENGLISH_B | Urdu to English Translation | Future Continuous Tense | Board-Pattern Practice,Long,translate_to_english,Future Continuous Tense,وہ تمہارا انتظار نہیں کر رہا ہوگا۔,He will not be waiting for you.,Medium,1,ULTRA,1,Board-Pattern Practice
q_9_eng_b_urdu_eng_0275,1,ENGLISH_B | Urdu to English Translation | Future Continuous Tense | Board-Pattern Practice,Long,translate_to_english,Future Continuous Tense,کیا تم رات کو کام کر رہے ہوگے؟,Will you be working at night?,Hard,1,ELITE,1,Board-Pattern Practice
q_9_eng_b_urdu_eng_0276,1,ENGLISH_B | Urdu to English Translation | Future Continuous Tense | Board-Pattern Practice,Long,translate_to_english,Future Continuous Tense,وہ کل اس وقت کیا کر رہی ہوگی؟,What will she be doing at this time tomorrow?,Hard,1,ELITE,1,Board-Pattern Practice
q_9_eng_b_urdu_eng_0277,1,ENGLISH_B | Urdu to English Translation | Future Continuous Tense | Board-Pattern Practice,Long,translate_to_english,Future Continuous Tense,کیا بارش ہو رہی ہوگی؟,Will it be raining?,Hard,1,ELITE,1,Board-Pattern Practice
q_9_eng_b_urdu_eng_0278,1,ENGLISH_B | Urdu to English Translation | Future Continuous Tense | Board-Pattern Practice,Long,translate_to_english,Future Continuous Tense,مزدور سڑک بنا رہے ہوں گے۔,The workers will be building the road.,Medium,1,ULTRA,1,Board-Pattern Practice
q_9_eng_b_urdu_eng_0469,1,ENGLISH_B | Urdu to English Translation | Future Continuous Tense | Expanded Mind-Sharp Practice,Long,translate_to_english,Future Continuous Tense,میں کل اس وقت پڑھ رہا ہوں گا۔,I will be studying at this time tomorrow.,Medium,1,ULTRA,1,Expanded Mind-Sharp Practice
q_9_eng_b_urdu_eng_0470,1,ENGLISH_B | Urdu to English Translation | Future Continuous Tense | Expanded Mind-Sharp Practice,Long,translate_to_english,Future Continuous Tense,وہ شام کو کھانا پکا رہی ہوگی۔,She will be cooking in the evening.,Medium,1,ULTRA,1,Expanded Mind-Sharp Practice
q_9_eng_b_urdu_eng_0471,1,ENGLISH_B | Urdu to English Translation | Future Continuous Tense | Expanded Mind-Sharp Practice,Long,translate_to_english,Future Continuous Tense,بچے دوپہر کو کھیل رہے ہوں گے۔,The children will be playing in the afternoon.,Medium,1,ULTRA,1,Expanded Mind-Sharp Practice
q_9_eng_b_urdu_eng_0472,1,ENGLISH_B | Urdu to English Translation | Future Continuous Tense | Expanded Mind-Sharp Practice,Long,translate_to_english,Future Continuous Tense,ہم اگلے ہفتے سفر کر رہے ہوں گے۔,We will be travelling next week.,Medium,1,ULTRA,1,Expanded Mind-Sharp Practice
q_9_eng_b_urdu_eng_0473,1,ENGLISH_B | Urdu to English Translation | Future Continuous Tense | Expanded Mind-Sharp Practice,Long,translate_to_english,Future Continuous Tense,استاد دس بجے سبق سمجھا رہے ہوں گے۔,The teacher will be explaining the lesson at ten o’clock.,Medium,1,ULTRA,1,Expanded Mind-Sharp Practice
q_9_eng_b_urdu_eng_0474,1,ENGLISH_B | Urdu to English Translation | Future Continuous Tense | Expanded Mind-Sharp Practice,Long,translate_to_english,Future Continuous Tense,بارش رات کو ہو رہی ہوگی۔,It will be raining at night.,Medium,1,ULTRA,1,Expanded Mind-Sharp Practice
q_9_eng_b_urdu_eng_0475,1,ENGLISH_B | Urdu to English Translation | Future Continuous Tense | Expanded Mind-Sharp Practice,Long,translate_to_english,Future Continuous Tense,کیا تم کل میرا انتظار کر رہے ہوگے؟,Will you be waiting for me tomorrow?,Medium,1,ULTRA,1,Expanded Mind-Sharp Practice
q_9_eng_b_urdu_eng_0476,1,ENGLISH_B | Urdu to English Translation | Future Continuous Tense | Expanded Mind-Sharp Practice,Long,translate_to_english,Future Continuous Tense,مزدور اگلے ماہ پل بنا رہے ہوں گے۔,The workers will be building the bridge next month.,Medium,1,ULTRA,1,Expanded Mind-Sharp Practice
q_9_eng_b_urdu_eng_0477,1,ENGLISH_B | Urdu to English Translation | Future Continuous Tense | Expanded Mind-Sharp Practice,Long,translate_to_english,Future Continuous Tense,ڈاکٹر صبح مریضوں کا معائنہ کر رہا ہوگا۔,The doctor will be examining patients in the morning.,Medium,1,ULTRA,1,Expanded Mind-Sharp Practice
q_9_eng_b_urdu_eng_0478,1,ENGLISH_B | Urdu to English Translation | Future Continuous Tense | Expanded Mind-Sharp Practice,Long,translate_to_english,Future Continuous Tense,لڑکیاں تقریب میں گانا گا رہی ہوں گی۔,The girls will be singing at the ceremony.,Medium,1,ULTRA,1,Expanded Mind-Sharp Practice
q_9_eng_b_urdu_eng_0479,1,ENGLISH_B | Urdu to English Translation | Future Continuous Tense | Expanded Mind-Sharp Practice,Long,translate_to_english,Future Continuous Tense,ہم اس وقت ٹی وی نہیں دیکھ رہے ہوں گے۔,We will not be watching television at that time.,Medium,1,ULTRA,1,Expanded Mind-Sharp Practice
q_9_eng_b_urdu_eng_0480,1,ENGLISH_B | Urdu to English Translation | Future Continuous Tense | Expanded Mind-Sharp Practice,Long,translate_to_english,Future Continuous Tense,پولیس رات بھر گشت کر رہی ہوگی۔,The police will be patrolling throughout the night.,Medium,1,ULTRA,1,Expanded Mind-Sharp Practice
q_9_eng_b_urdu_eng_0481,1,ENGLISH_B | Urdu to English Translation | Future Continuous Tense | Expanded Mind-Sharp Practice,Long,translate_to_english,Future Continuous Tense,کیا کسان صبح فصل کاٹ رہے ہوں گے؟,Will the farmers be harvesting the crop in the morning?,Medium,1,ULTRA,1,Expanded Mind-Sharp Practice
sep_9_eng_b_urdu_eng_048,1,ENGLISH_B | Urdu to English Translation | Future Perfect Tense | Heading,Topic,topic_separator,Future Perfect Tense,,,,,,1,
sep_9_eng_b_urdu_eng_049,1,ENGLISH_B | Urdu to English Translation | Future Perfect Tense | Past Paper,Topic,topic_separator,Future Perfect Tense,,,,,,1,
q_9_eng_b_urdu_eng_0279,1,ENGLISH_B | Urdu to English Translation | Future Perfect Tense | Past Paper | 2023 Evening,Long,translate_to_english,Future Perfect Tense,سورج غروب ہو چکا ہوگا۔,The sun will have set.,Medium,1,ULTRA,1,Past Paper | 2023 Evening
q_9_eng_b_urdu_eng_0280,1,"ENGLISH_B | Urdu to English Translation | Future Perfect Tense | Past Paper | 2013 Evening, 2020 Evening",Long,translate_to_english,Future Perfect Tense,وہ اپنا کام مکمل کر چکے ہوں گے۔,They will have completed their work.,Medium,1,ELITE,1,"Past Paper | 2013 Evening, 2020 Evening"
q_9_eng_b_urdu_eng_0281,1,ENGLISH_B | Urdu to English Translation | Future Perfect Tense | Past Paper | 2018 Evening,Long,translate_to_english,Future Perfect Tense,وہ تھانے گیا ہوگا۔,He will have gone to the police station.,Medium,1,ULTRA,1,Past Paper | 2018 Evening
q_9_eng_b_urdu_eng_0282,1,ENGLISH_B | Urdu to English Translation | Future Perfect Tense | Past Paper | 2021 Evening,Long,translate_to_english,Future Perfect Tense,کوئی مسافر بس میں سوار نہیں ہوا ہوگا۔,No passenger will have boarded the bus.,Medium,1,ULTRA,1,Past Paper | 2021 Evening
q_9_eng_b_urdu_eng_0283,1,"ENGLISH_B | Urdu to English Translation | Future Perfect Tense | Past Paper | 2015, 2015 Evening",Long,translate_to_english,Future Perfect Tense,کیا تمام پرندے اڑ چکے ہوں گے؟,Will all the birds have flown away?,Hard,1,ELITE,1,"Past Paper | 2015, 2015 Evening"
q_9_eng_b_urdu_eng_0284,1,ENGLISH_B | Urdu to English Translation | Future Perfect Tense | Past Paper | 2018,Long,translate_to_english,Future Perfect Tense,گاڑی پر پتھر کس نے پھینکا ہوگا؟,Who will have thrown a stone at the car?,Hard,1,ULTRA,1,Past Paper | 2018
sep_9_eng_b_urdu_eng_050,1,ENGLISH_B | Urdu to English Translation | Future Perfect Tense | Mind-Sharp Practice,Topic,topic_separator,Future Perfect Tense,,,,,,1,
q_9_eng_b_urdu_eng_0285,1,ENGLISH_B | Urdu to English Translation | Future Perfect Tense | Board-Pattern Practice,Long,translate_to_english,Future Perfect Tense,میں شام تک کام مکمل کر چکا ہوں گا۔,I shall have completed the work by evening.,Hard,1,ELITE,1,Board-Pattern Practice
q_9_eng_b_urdu_eng_0286,1,ENGLISH_B | Urdu to English Translation | Future Perfect Tense | Board-Pattern Practice,Long,translate_to_english,Future Perfect Tense,وہ اگلے ہفتے واپس آ چکی ہوگی۔,She will have returned by next week.,Hard,1,ELITE,1,Board-Pattern Practice
q_9_eng_b_urdu_eng_0287,1,ENGLISH_B | Urdu to English Translation | Future Perfect Tense | Board-Pattern Practice,Long,translate_to_english,Future Perfect Tense,ہم جون تک امتحان دے چکے ہوں گے۔,We shall have taken the examination by June.,Hard,1,ELITE,1,Board-Pattern Practice
q_9_eng_b_urdu_eng_0288,1,ENGLISH_B | Urdu to English Translation | Future Perfect Tense | Board-Pattern Practice,Long,translate_to_english,Future Perfect Tense,بچے سورج غروب ہونے سے پہلے گھر پہنچ چکے ہوں گے۔,The children will have reached home before sunset.,Hard,1,ELITE,1,Board-Pattern Practice
q_9_eng_b_urdu_eng_0289,1,ENGLISH_B | Urdu to English Translation | Future Perfect Tense | Board-Pattern Practice,Long,translate_to_english,Future Perfect Tense,وہ اپنا کام مکمل نہیں کر چکا ہوگا۔,He will not have completed his work.,Hard,1,ELITE,1,Board-Pattern Practice
q_9_eng_b_urdu_eng_0290,1,ENGLISH_B | Urdu to English Translation | Future Perfect Tense | Board-Pattern Practice,Long,translate_to_english,Future Perfect Tense,کیا تم کل تک کتاب پڑھ چکے ہوگے؟,Will you have read the book by tomorrow?,Hard,1,ELITE,1,Board-Pattern Practice
q_9_eng_b_urdu_eng_0291,1,ENGLISH_B | Urdu to English Translation | Future Perfect Tense | Board-Pattern Practice,Long,translate_to_english,Future Perfect Tense,وہ کب تک مکان خالی کر چکے ہوں گے؟,By when will they have vacated the house?,Hard,1,ELITE,1,Board-Pattern Practice
q_9_eng_b_urdu_eng_0292,1,ENGLISH_B | Urdu to English Translation | Future Perfect Tense | Board-Pattern Practice,Long,translate_to_english,Future Perfect Tense,تمام پرندے اڑ چکے ہوں گے۔,All the birds will have flown away.,Medium,1,ULTRA,1,Board-Pattern Practice
q_9_eng_b_urdu_eng_0293,1,ENGLISH_B | Urdu to English Translation | Future Perfect Tense | Board-Pattern Practice,Long,translate_to_english,Future Perfect Tense,پل اگلے سال تک تعمیر کیا جا چکا ہوگا۔,The bridge will have been built by next year.,Hard,1,ELITE,1,Board-Pattern Practice
q_9_eng_b_urdu_eng_0294,1,ENGLISH_B | Urdu to English Translation | Future Perfect Tense | Board-Pattern Practice,Long,translate_to_english,Future Perfect Tense,مسافر بس میں سوار ہو چکے ہوں گے۔,The passengers will have boarded the bus.,Medium,1,ULTRA,1,Board-Pattern Practice
q_9_eng_b_urdu_eng_0295,1,ENGLISH_B | Urdu to English Translation | Future Perfect Tense | Board-Pattern Practice,Long,translate_to_english,Future Perfect Tense,کیا میچ ختم ہو چکا ہوگا؟,Will the match have ended?,Hard,1,ELITE,1,Board-Pattern Practice
q_9_eng_b_urdu_eng_0482,1,ENGLISH_B | Urdu to English Translation | Future Perfect Tense | Expanded Mind-Sharp Practice,Long,translate_to_english,Future Perfect Tense,میں رات تک تمام خط لکھ چکا ہوں گا۔,I will have written all the letters by night.,Medium,1,ULTRA,1,Expanded Mind-Sharp Practice
q_9_eng_b_urdu_eng_0483,1,ENGLISH_B | Urdu to English Translation | Future Perfect Tense | Expanded Mind-Sharp Practice,Long,translate_to_english,Future Perfect Tense,وہ اگلے ہفتے کتاب پڑھ چکی ہوگی۔,She will have read the book by next week.,Medium,1,ULTRA,1,Expanded Mind-Sharp Practice
q_9_eng_b_urdu_eng_0484,1,ENGLISH_B | Urdu to English Translation | Future Perfect Tense | Expanded Mind-Sharp Practice,Long,translate_to_english,Future Perfect Tense,کھلاڑی میچ سے پہلے میدان پہنچ چکے ہوں گے۔,The players will have reached the ground before the match.,Medium,1,ULTRA,1,Expanded Mind-Sharp Practice
q_9_eng_b_urdu_eng_0485,1,ENGLISH_B | Urdu to English Translation | Future Perfect Tense | Expanded Mind-Sharp Practice,Long,translate_to_english,Future Perfect Tense,ہم جون تک منصوبہ مکمل کر چکے ہوں گے۔,We will have completed the project by June.,Medium,1,ULTRA,1,Expanded Mind-Sharp Practice
q_9_eng_b_urdu_eng_0486,1,ENGLISH_B | Urdu to English Translation | Future Perfect Tense | Expanded Mind-Sharp Practice,Long,translate_to_english,Future Perfect Tense,استاد گھنٹی بجنے سے پہلے سبق ختم کر چکے ہوں گے۔,The teacher will have finished the lesson before the bell rings.,Medium,1,ULTRA,1,Expanded Mind-Sharp Practice
q_9_eng_b_urdu_eng_0487,1,ENGLISH_B | Urdu to English Translation | Future Perfect Tense | Expanded Mind-Sharp Practice,Long,translate_to_english,Future Perfect Tense,کیا تم کل تک رپورٹ جمع کرا چکے ہوگے؟,Will you have submitted the report by tomorrow?,Medium,1,ULTRA,1,Expanded Mind-Sharp Practice
q_9_eng_b_urdu_eng_0488,1,ENGLISH_B | Urdu to English Translation | Future Perfect Tense | Expanded Mind-Sharp Practice,Long,translate_to_english,Future Perfect Tense,ڈاکٹر دوپہر تک آپریشن مکمل کر چکا ہوگا۔,The doctor will have completed the operation by noon.,Medium,1,ULTRA,1,Expanded Mind-Sharp Practice
q_9_eng_b_urdu_eng_0489,1,ENGLISH_B | Urdu to English Translation | Future Perfect Tense | Expanded Mind-Sharp Practice,Long,translate_to_english,Future Perfect Tense,بارش سے پہلے کسان فصل کاٹ چکے ہوں گے۔,The farmers will have harvested the crop before the rain.,Medium,1,ULTRA,1,Expanded Mind-Sharp Practice
sep_9_eng_b_urdu_eng_051,1,ENGLISH_B | Urdu to English Translation | Future Perfect Continuous Tense | Heading,Topic,topic_separator,Future Perfect Continuous Tense,,,,,,1,
sep_9_eng_b_urdu_eng_052,1,ENGLISH_B | Urdu to English Translation | Future Perfect Continuous Tense | Past Paper,Topic,topic_separator,Future Perfect Continuous Tense,,,,,,1,
q_9_eng_b_urdu_eng_0296,1,ENGLISH_B | Urdu to English Translation | Future Perfect Continuous Tense | Past Paper | 2013,Long,translate_to_english,Future Perfect Continuous Tense,ڈاکٹر پانچ منٹ سے مریض کا معائنہ کر رہا ہوگا۔,The doctor will have been examining the patient for five minutes.,Hard,1,ULTRA,1,Past Paper | 2013
q_9_eng_b_urdu_eng_0297,1,ENGLISH_B | Urdu to English Translation | Future Perfect Continuous Tense | Past Paper | 2018 Evening,Long,translate_to_english,Future Perfect Continuous Tense,کھلاڑی چار بجے سے فٹ بال کھیل رہے ہیں۔,The players will have been playing football since four o’clock.,Medium,1,ULTRA,1,Past Paper | 2018 Evening
sep_9_eng_b_urdu_eng_053,1,ENGLISH_B | Urdu to English Translation | Future Perfect Continuous Tense | Mind-Sharp Practice,Topic,topic_separator,Future Perfect Continuous Tense,,,,,,1,
q_9_eng_b_urdu_eng_0298,1,ENGLISH_B | Urdu to English Translation | Future Perfect Continuous Tense | Board-Pattern Practice,Long,translate_to_english,Future Perfect Continuous Tense,میں شام تک دو گھنٹے سے پڑھ رہا ہوں گا۔,"By evening, I shall have been studying for two hours.",Hard,1,ELITE,1,Board-Pattern Practice
q_9_eng_b_urdu_eng_0299,1,ENGLISH_B | Urdu to English Translation | Future Perfect Continuous Tense | Board-Pattern Practice,Long,translate_to_english,Future Perfect Continuous Tense,وہ اگلے ماہ سے یہاں ایک سال سے کام کر رہی ہوگی۔,"By next month, she will have been working here for a year.",Hard,1,ELITE,1,Board-Pattern Practice
q_9_eng_b_urdu_eng_0300,1,ENGLISH_B | Urdu to English Translation | Future Perfect Continuous Tense | Board-Pattern Practice,Long,translate_to_english,Future Perfect Continuous Tense,بچے چار بجے تک دو گھنٹے سے کھیل رہے ہوں گے۔,"By four o’clock, the children will have been playing for two hours.",Hard,1,ELITE,1,Board-Pattern Practice
q_9_eng_b_urdu_eng_0301,1,ENGLISH_B | Urdu to English Translation | Future Perfect Continuous Tense | Board-Pattern Practice,Long,translate_to_english,Future Perfect Continuous Tense,ہم کل تک ایک ہفتے سے تمہارا انتظار کر رہے ہوں گے۔,"By tomorrow, we shall have been waiting for you for a week.",Hard,1,ELITE,1,Board-Pattern Practice
q_9_eng_b_urdu_eng_0302,1,ENGLISH_B | Urdu to English Translation | Future Perfect Continuous Tense | Board-Pattern Practice,Long,translate_to_english,Future Perfect Continuous Tense,بارش شام تک تین گھنٹے سے ہو رہی ہوگی۔,"By evening, it will have been raining for three hours.",Hard,1,ELITE,1,Board-Pattern Practice
q_9_eng_b_urdu_eng_0303,1,ENGLISH_B | Urdu to English Translation | Future Perfect Continuous Tense | Board-Pattern Practice,Long,translate_to_english,Future Perfect Continuous Tense,وہ 2030ء تک یہاں دس سال سے رہ رہا ہوگا۔,"By 2030, he will have been living here for ten years.",Hard,1,ELITE,1,Board-Pattern Practice
q_9_eng_b_urdu_eng_0304,1,ENGLISH_B | Urdu to English Translation | Future Perfect Continuous Tense | Board-Pattern Practice,Long,translate_to_english,Future Perfect Continuous Tense,کیا تم اگلے ماہ تک دو سال سے انگریزی سیکھ رہے ہوگے؟,Will you have been learning English for two years by next month?,Hard,1,ELITE,1,Board-Pattern Practice
q_9_eng_b_urdu_eng_0305,1,ENGLISH_B | Urdu to English Translation | Future Perfect Continuous Tense | Board-Pattern Practice,Long,translate_to_english,Future Perfect Continuous Tense,وہ کب تک ایک گھنٹے سے آرام کر رہی ہوگی؟,By what time will she have been resting for an hour?,Hard,1,ELITE,1,Board-Pattern Practice
q_9_eng_b_urdu_eng_0306,1,ENGLISH_B | Urdu to English Translation | Future Perfect Continuous Tense | Board-Pattern Practice,Long,translate_to_english,Future Perfect Continuous Tense,مزدور شام تک چھ گھنٹے سے سڑک بنا رہے ہوں گے۔,"By evening, the workers will have been building the road for six hours.",Hard,1,ELITE,1,Board-Pattern Practice
q_9_eng_b_urdu_eng_0307,1,ENGLISH_B | Urdu to English Translation | Future Perfect Continuous Tense | Board-Pattern Practice,Long,translate_to_english,Future Perfect Continuous Tense,مشین کل تک کئی دنوں سے کام نہیں کر رہی ہوگی۔,"By tomorrow, the machine will not have been working for several days.",Hard,1,ELITE,1,Board-Pattern Practice
q_9_eng_b_urdu_eng_0308,1,ENGLISH_B | Urdu to English Translation | Future Perfect Continuous Tense | Board-Pattern Practice,Long,translate_to_english,Future Perfect Continuous Tense,ڈاکٹر دس بجے تک ایک گھنٹے سے مریض کا معائنہ کر رہا ہوگا۔,"By ten o’clock, the doctor will have been examining the patient for an hour.",Hard,1,ELITE,1,Board-Pattern Practice
q_9_eng_b_urdu_eng_0309,1,ENGLISH_B | Urdu to English Translation | Future Perfect Continuous Tense | Board-Pattern Practice,Long,translate_to_english,Future Perfect Continuous Tense,کیا کھلاڑی شام تک تین گھنٹے سے فٹ بال کھیل رہے ہوں گے؟,Will the players have been playing football for three hours by evening?,Hard,1,ELITE,1,Board-Pattern Practice
q_9_eng_b_urdu_eng_0490,1,ENGLISH_B | Urdu to English Translation | Future Perfect Continuous Tense | Expanded Mind-Sharp Practice,Long,translate_to_english,Future Perfect Continuous Tense,میں اگلے ماہ تک یہاں دو سال سے رہ رہا ہوں گا۔,"By next month, I will have been living here for two years.",Hard,1,ELITE,1,Expanded Mind-Sharp Practice
q_9_eng_b_urdu_eng_0491,1,ENGLISH_B | Urdu to English Translation | Future Perfect Continuous Tense | Expanded Mind-Sharp Practice,Long,translate_to_english,Future Perfect Continuous Tense,وہ شام تک تین گھنٹے سے پڑھ رہی ہوگی۔,"By evening, she will have been studying for three hours.",Hard,1,ELITE,1,Expanded Mind-Sharp Practice
q_9_eng_b_urdu_eng_0492,1,ENGLISH_B | Urdu to English Translation | Future Perfect Continuous Tense | Expanded Mind-Sharp Practice,Long,translate_to_english,Future Perfect Continuous Tense,بچے دوپہر تک دو گھنٹے سے کھیل رہے ہوں گے۔,"By noon, the children will have been playing for two hours.",Hard,1,ELITE,1,Expanded Mind-Sharp Practice
q_9_eng_b_urdu_eng_0493,1,ENGLISH_B | Urdu to English Translation | Future Perfect Continuous Tense | Expanded Mind-Sharp Practice,Long,translate_to_english,Future Perfect Continuous Tense,ہم اگلے ہفتے تک ایک ماہ سے اس منصوبے پر کام کر رہے ہوں گے۔,"By next week, we will have been working on this project for a month.",Hard,1,ELITE,1,Expanded Mind-Sharp Practice
q_9_eng_b_urdu_eng_0494,1,ENGLISH_B | Urdu to English Translation | Future Perfect Continuous Tense | Expanded Mind-Sharp Practice,Long,translate_to_english,Future Perfect Continuous Tense,استاد دس بجے تک ایک گھنٹے سے پڑھا رہے ہوں گے۔,"By ten o’clock, the teacher will have been teaching for an hour.",Hard,1,ELITE,1,Expanded Mind-Sharp Practice
q_9_eng_b_urdu_eng_0495,1,ENGLISH_B | Urdu to English Translation | Future Perfect Continuous Tense | Expanded Mind-Sharp Practice,Long,translate_to_english,Future Perfect Continuous Tense,کیا تم شام تک دو گھنٹے سے میرا انتظار کر رہے ہوگے؟,Will you have been waiting for me for two hours by evening?,Hard,1,ELITE,1,Expanded Mind-Sharp Practice
q_9_eng_b_urdu_eng_0496,1,ENGLISH_B | Urdu to English Translation | Future Perfect Continuous Tense | Expanded Mind-Sharp Practice,Long,translate_to_english,Future Perfect Continuous Tense,مزدور اگلے سال تک چھ ماہ سے پل بنا رہے ہوں گے۔,"By next year, the workers will have been building the bridge for six months.",Hard,1,ELITE,1,Expanded Mind-Sharp Practice
q_9_eng_b_urdu_eng_0497,1,ENGLISH_B | Urdu to English Translation | Future Perfect Continuous Tense | Expanded Mind-Sharp Practice,Long,translate_to_english,Future Perfect Continuous Tense,ڈاکٹر دوپہر تک چار گھنٹے سے مریض دیکھ رہا ہوگا۔,"By noon, the doctor will have been examining patients for four hours.",Hard,1,ELITE,1,Expanded Mind-Sharp Practice
q_9_eng_b_urdu_eng_0498,1,ENGLISH_B | Urdu to English Translation | Future Perfect Continuous Tense | Expanded Mind-Sharp Practice,Long,translate_to_english,Future Perfect Continuous Tense,لڑکیاں پروگرام تک دو ہفتوں سے مشق کر رہی ہوں گی۔,"By the programme, the girls will have been practising for two weeks.",Hard,1,ELITE,1,Expanded Mind-Sharp Practice
q_9_eng_b_urdu_eng_0499,1,ENGLISH_B | Urdu to English Translation | Future Perfect Continuous Tense | Expanded Mind-Sharp Practice,Long,translate_to_english,Future Perfect Continuous Tense,بارش صبح تک پوری رات سے ہو رہی ہوگی۔,"By morning, it will have been raining all night.",Hard,1,ELITE,1,Expanded Mind-Sharp Practice
q_9_eng_b_urdu_eng_0500,1,ENGLISH_B | Urdu to English Translation | Future Perfect Continuous Tense | Expanded Mind-Sharp Practice,Long,translate_to_english,Future Perfect Continuous Tense,کسان دوپہر تک پانچ گھنٹے سے فصل کاٹ رہے ہوں گے۔,"By noon, the farmers will have been harvesting the crop for five hours.",Hard,1,ELITE,1,Expanded Mind-Sharp Practice
