question_hash,active,topic,question_type,question_style,tense,voice,question,difficulty,marks,weightage,smart_syllabus
sep_9_eng_b_voice_updated_001,1,ENGLISH_B | Active and Passive Voice | Present Indefinite Tense,Topic,topic_separator,Present Indefinite Tense,,,,,,1
q_9_eng_b_voice_0002,1,ENGLISH_B | Active and Passive Voice | Present Indefinite Tense,Grammar,active_passive,Present Indefinite Tense,Active,The students complete the assignments on time.,Easy,1,PRO,1
q_9_eng_b_voice_0003,1,ENGLISH_B | Active and Passive Voice | Present Indefinite Tense,Grammar,active_passive,Present Indefinite Tense,Active,The mechanic repairs the car in the workshop.,Easy,1,PRO,1
q_9_eng_b_voice_0004,1,ENGLISH_B | Active and Passive Voice | Present Indefinite Tense,Grammar,active_passive,Present Indefinite Tense,Active,The workers build the bridge over the river.,Easy,1,PRO,1
q_9_eng_b_voice_0005,1,ENGLISH_B | Active and Passive Voice | Present Indefinite Tense,Grammar,active_passive,Present Indefinite Tense,Active,The chef prepares the meal for the guests.,Easy,1,PRO,1
q_9_eng_b_voice_0006,1,ENGLISH_B | Active and Passive Voice | Present Indefinite Tense,Grammar,active_passive,Present Indefinite Tense,Active,The nurse assists the patient in the ward.,Easy,1,PRO,1
q_9_eng_b_voice_0007,1,ENGLISH_B | Active and Passive Voice | Present Indefinite Tense,Grammar,active_passive,Present Indefinite Tense,Active,The police arrest the thief near the station.,Easy,1,PRO,1
q_9_eng_b_voice_0008,1,ENGLISH_B | Active and Passive Voice | Present Indefinite Tense,Grammar,active_passive,Present Indefinite Tense,Active,The committee approves the proposal after discussion.,Easy,1,PRO,1
q_9_eng_b_voice_0009,1,ENGLISH_B | Active and Passive Voice | Present Indefinite Tense,Grammar,active_passive,Present Indefinite Tense,Active,The manager signs the documents in the office.,Easy,1,PRO,1
q_9_eng_b_voice_0010,1,ENGLISH_B | Active and Passive Voice | Present Indefinite Tense,Grammar,active_passive,Present Indefinite Tense,Active,The farmers grow wheat in the fields.,Easy,1,PRO,1
q_9_eng_b_voice_0011,1,ENGLISH_B | Active and Passive Voice | Present Indefinite Tense,Grammar,active_passive,Present Indefinite Tense,Active,The artist paints the portrait in the studio.,Easy,1,PRO,1
q_9_eng_b_voice_0012,1,ENGLISH_B | Active and Passive Voice | Present Indefinite Tense,Grammar,active_passive,Present Indefinite Tense,Active,The carpenter makes the table from wood.,Easy,1,PRO,1
q_9_eng_b_voice_0013,1,ENGLISH_B | Active and Passive Voice | Present Indefinite Tense,Grammar,active_passive,Present Indefinite Tense,Active,The librarian issues the books to the students.,Easy,1,PRO,1
q_9_eng_b_voice_0014,1,ENGLISH_B | Active and Passive Voice | Present Indefinite Tense,Grammar,active_passive,Present Indefinite Tense,Active,The postman delivers the letters in the morning.,Easy,1,PRO,1
q_9_eng_b_voice_0015,1,ENGLISH_B | Active and Passive Voice | Present Indefinite Tense,Grammar,active_passive,Present Indefinite Tense,Active,The volunteers clean the park on Sunday.,Easy,1,PRO,1
q_9_eng_b_voice_0016,1,ENGLISH_B | Active and Passive Voice | Present Indefinite Tense,Grammar,active_passive,Present Indefinite Tense,Active,The engineers design the machine for the factory.,Easy,1,PRO,1
q_9_eng_b_voice_0017,1,ENGLISH_B | Active and Passive Voice | Present Indefinite Tense,Grammar,active_passive,Present Indefinite Tense,Active,The doctor examines the patient carefully.,Easy,1,PRO,1
q_9_eng_b_voice_0018,1,ENGLISH_B | Active and Passive Voice | Present Indefinite Tense,Grammar,active_passive,Present Indefinite Tense,Active,The mother bakes the cake for the birthday.,Easy,1,PRO,1
q_9_eng_b_voice_0019,1,ENGLISH_B | Active and Passive Voice | Present Indefinite Tense,Grammar,active_passive,Present Indefinite Tense,Active,The principal announces the results at the assembly.,Easy,1,PRO,1
q_9_eng_b_voice_0020,1,ENGLISH_B | Active and Passive Voice | Present Indefinite Tense,Grammar,active_passive,Present Indefinite Tense,Active,The company launches the product next month.,Easy,1,PRO,1
q_9_eng_b_voice_0021,1,ENGLISH_B | Active and Passive Voice | Present Indefinite Tense,Grammar,active_passive,Present Indefinite Tense,Active,The scientists conduct the experiment in the laboratory.,Easy,1,PRO,1
q_9_eng_b_voice_0022,1,ENGLISH_B | Active and Passive Voice | Present Indefinite Tense,Grammar,active_passive,Present Indefinite Tense,Active,The gardener waters the plants every morning.,Easy,1,PRO,1
q_9_eng_b_voice_0023,1,ENGLISH_B | Active and Passive Voice | Present Indefinite Tense,Grammar,active_passive,Present Indefinite Tense,Active,The tailor does not stitch the uniforms for the team.,Medium,1,ULTRA,1
q_9_eng_b_voice_0024,1,ENGLISH_B | Active and Passive Voice | Present Indefinite Tense,Grammar,active_passive,Present Indefinite Tense,Active,The mason does not construct the wall around the garden.,Medium,1,ULTRA,1
q_9_eng_b_voice_0025,1,ENGLISH_B | Active and Passive Voice | Present Indefinite Tense,Grammar,active_passive,Present Indefinite Tense,Active,The reporter does not write the article for the newspaper.,Medium,1,ULTRA,1
q_9_eng_b_voice_0026,1,ENGLISH_B | Active and Passive Voice | Present Indefinite Tense,Grammar,active_passive,Present Indefinite Tense,Active,The publisher does not print the books for the schools.,Medium,1,ULTRA,1
q_9_eng_b_voice_0027,1,ENGLISH_B | Active and Passive Voice | Present Indefinite Tense,Grammar,active_passive,Present Indefinite Tense,Active,The school does not organize the competition in the hall.,Medium,1,ULTRA,1
q_9_eng_b_voice_0028,1,ENGLISH_B | Active and Passive Voice | Present Indefinite Tense,Grammar,active_passive,Present Indefinite Tense,Active,The judge does not hear the case in court.,Medium,1,ULTRA,1
q_9_eng_b_voice_0029,1,ENGLISH_B | Active and Passive Voice | Present Indefinite Tense,Grammar,active_passive,Present Indefinite Tense,Active,The coach does not train the players for the match.,Medium,1,ULTRA,1
q_9_eng_b_voice_0030,1,ENGLISH_B | Active and Passive Voice | Present Indefinite Tense,Grammar,active_passive,Present Indefinite Tense,Active,The shopkeeper does not pack the goods for the customer.,Medium,1,ULTRA,1
q_9_eng_b_voice_0031,1,ENGLISH_B | Active and Passive Voice | Present Indefinite Tense,Grammar,active_passive,Present Indefinite Tense,Active,Does the electrician fix the wires in the building?,Medium,1,ULTRA,1
q_9_eng_b_voice_0032,1,ENGLISH_B | Active and Passive Voice | Present Indefinite Tense,Grammar,active_passive,Present Indefinite Tense,Active,Does the plumber install the pipes in the house?,Medium,1,ULTRA,1
q_9_eng_b_voice_0033,1,ENGLISH_B | Active and Passive Voice | Present Indefinite Tense,Grammar,active_passive,Present Indefinite Tense,Active,Does the driver wash the bus before the trip?,Medium,1,ULTRA,1
q_9_eng_b_voice_0034,1,ENGLISH_B | Active and Passive Voice | Present Indefinite Tense,Grammar,active_passive,Present Indefinite Tense,Active,Does the team win the trophy in the final?,Medium,1,ULTRA,1
q_9_eng_b_voice_0035,1,ENGLISH_B | Active and Passive Voice | Present Indefinite Tense,Grammar,active_passive,Present Indefinite Tense,Active,Does the clerk check the forms at the counter?,Medium,1,ULTRA,1
q_9_eng_b_voice_0036,1,ENGLISH_B | Active and Passive Voice | Present Indefinite Tense,Grammar,active_passive,Present Indefinite Tense,Active,Who teaches English in this class?,Hard,1,ELITE,1
q_9_eng_b_voice_0037,1,ENGLISH_B | Active and Passive Voice | Present Indefinite Tense,Grammar,active_passive,Present Indefinite Tense,Active,Who checks the attendance every morning?,Hard,1,ELITE,1
q_9_eng_b_voice_0038,1,ENGLISH_B | Active and Passive Voice | Present Indefinite Tense,Grammar,active_passive,Present Indefinite Tense,Active,Who writes these reports for the office?,Hard,1,ELITE,1
q_9_eng_b_voice_0039,1,ENGLISH_B | Active and Passive Voice | Present Indefinite Tense,Grammar,active_passive,Present Indefinite Tense,Active,Who cleans the laboratory after school?,Hard,1,ELITE,1
q_9_eng_b_voice_0040,1,ENGLISH_B | Active and Passive Voice | Present Indefinite Tense,Grammar,active_passive,Present Indefinite Tense,Active,Who delivers the letters in this area?,Hard,1,ELITE,1
q_9_eng_b_voice_0041,1,ENGLISH_B | Active and Passive Voice | Present Indefinite Tense,Grammar,active_passive,Present Indefinite Tense,Passive,The meeting is cancelled by the administration because of the rain.,Easy,1,PRO,1
q_9_eng_b_voice_0042,1,ENGLISH_B | Active and Passive Voice | Present Indefinite Tense,Grammar,active_passive,Present Indefinite Tense,Passive,The loan is offered by the bank to the farmer.,Easy,1,PRO,1
q_9_eng_b_voice_0043,1,ENGLISH_B | Active and Passive Voice | Present Indefinite Tense,Grammar,active_passive,Present Indefinite Tense,Passive,The food packets are distributed by the charity among the families.,Easy,1,PRO,1
q_9_eng_b_voice_0044,1,ENGLISH_B | Active and Passive Voice | Present Indefinite Tense,Grammar,active_passive,Present Indefinite Tense,Passive,The hospitals are built by the government in the district.,Easy,1,PRO,1
q_9_eng_b_voice_0045,1,ENGLISH_B | Active and Passive Voice | Present Indefinite Tense,Grammar,active_passive,Present Indefinite Tense,Passive,The workers are hired by the company for the project.,Easy,1,PRO,1
q_9_eng_b_voice_0046,1,ENGLISH_B | Active and Passive Voice | Present Indefinite Tense,Grammar,active_passive,Present Indefinite Tense,Passive,The scholarships are awarded by the school to deserving students.,Easy,1,PRO,1
q_9_eng_b_voice_0047,1,ENGLISH_B | Active and Passive Voice | Present Indefinite Tense,Grammar,active_passive,Present Indefinite Tense,Passive,The trees are planted by the council along the road.,Easy,1,PRO,1
q_9_eng_b_voice_0048,1,ENGLISH_B | Active and Passive Voice | Present Indefinite Tense,Grammar,active_passive,Present Indefinite Tense,Passive,The traffic is stopped by the police near the market.,Easy,1,PRO,1
q_9_eng_b_voice_0049,1,ENGLISH_B | Active and Passive Voice | Present Indefinite Tense,Grammar,active_passive,Present Indefinite Tense,Passive,The performer is applauded by the audience after the show.,Easy,1,PRO,1
q_9_eng_b_voice_0050,1,ENGLISH_B | Active and Passive Voice | Present Indefinite Tense,Grammar,active_passive,Present Indefinite Tense,Passive,The bill is paid by the customer online.,Easy,1,PRO,1
q_9_eng_b_voice_0051,1,ENGLISH_B | Active and Passive Voice | Present Indefinite Tense,Grammar,active_passive,Present Indefinite Tense,Passive,The problem is solved by the student without help.,Easy,1,PRO,1
q_9_eng_b_voice_0052,1,ENGLISH_B | Active and Passive Voice | Present Indefinite Tense,Grammar,active_passive,Present Indefinite Tense,Passive,The data is collected by the researcher from the villages.,Easy,1,PRO,1
q_9_eng_b_voice_0053,1,ENGLISH_B | Active and Passive Voice | Present Indefinite Tense,Grammar,active_passive,Present Indefinite Tense,Passive,The pictures are taken by the photographer at the event.,Easy,1,PRO,1
q_9_eng_b_voice_0054,1,ENGLISH_B | Active and Passive Voice | Present Indefinite Tense,Grammar,active_passive,Present Indefinite Tense,Passive,The bread is sold by the baker in the morning.,Easy,1,PRO,1
q_9_eng_b_voice_0055,1,ENGLISH_B | Active and Passive Voice | Present Indefinite Tense,Grammar,active_passive,Present Indefinite Tense,Passive,The cars are produced by the factory for the market.,Easy,1,PRO,1
q_9_eng_b_voice_0056,1,ENGLISH_B | Active and Passive Voice | Present Indefinite Tense,Grammar,active_passive,Present Indefinite Tense,Passive,The artifacts are displayed by the museum in the gallery.,Easy,1,PRO,1
q_9_eng_b_voice_0057,1,ENGLISH_B | Active and Passive Voice | Present Indefinite Tense,Grammar,active_passive,Present Indefinite Tense,Passive,The crops are harvested by the farmers in autumn.,Easy,1,PRO,1
q_9_eng_b_voice_0058,1,ENGLISH_B | Active and Passive Voice | Present Indefinite Tense,Grammar,active_passive,Present Indefinite Tense,Passive,The report is submitted by the team before the deadline.,Easy,1,PRO,1
q_9_eng_b_voice_0059,1,ENGLISH_B | Active and Passive Voice | Present Indefinite Tense,Grammar,active_passive,Present Indefinite Tense,Passive,The minutes are recorded by the secretary during the meeting.,Easy,1,PRO,1
q_9_eng_b_voice_0060,1,ENGLISH_B | Active and Passive Voice | Present Indefinite Tense,Grammar,active_passive,Present Indefinite Tense,Passive,The parcels are carried by the courier to the office.,Easy,1,PRO,1
q_9_eng_b_voice_0061,1,ENGLISH_B | Active and Passive Voice | Present Indefinite Tense,Grammar,active_passive,Present Indefinite Tense,Passive,The operation is not performed by the surgeon successfully.,Medium,1,ULTRA,1
q_9_eng_b_voice_0062,1,ENGLISH_B | Active and Passive Voice | Present Indefinite Tense,Grammar,active_passive,Present Indefinite Tense,Passive,The animals are not rescued by the volunteers from the flood.,Medium,1,ULTRA,1
q_9_eng_b_voice_0063,1,ENGLISH_B | Active and Passive Voice | Present Indefinite Tense,Grammar,active_passive,Present Indefinite Tense,Passive,The question is not asked by the teacher during the lesson.,Medium,1,ULTRA,1
q_9_eng_b_voice_0064,1,ENGLISH_B | Active and Passive Voice | Present Indefinite Tense,Grammar,active_passive,Present Indefinite Tense,Passive,The questions are not answered by the students confidently.,Medium,1,ULTRA,1
q_9_eng_b_voice_0065,1,ENGLISH_B | Active and Passive Voice | Present Indefinite Tense,Grammar,active_passive,Present Indefinite Tense,Passive,The law is not enforced by the government strictly.,Medium,1,ULTRA,1
q_9_eng_b_voice_0066,1,ENGLISH_B | Active and Passive Voice | Present Indefinite Tense,Grammar,active_passive,Present Indefinite Tense,Passive,Is the manuscript reviewed by the editor carefully?,Medium,1,ULTRA,1
q_9_eng_b_voice_0067,1,ENGLISH_B | Active and Passive Voice | Present Indefinite Tense,Grammar,active_passive,Present Indefinite Tense,Passive,Is the document translated by the translator into English?,Medium,1,ULTRA,1
q_9_eng_b_voice_0068,1,ENGLISH_B | Active and Passive Voice | Present Indefinite Tense,Grammar,active_passive,Present Indefinite Tense,Passive,Is the software updated by the technician on the computers?,Medium,1,ULTRA,1
q_9_eng_b_voice_0069,1,ENGLISH_B | Active and Passive Voice | Present Indefinite Tense,Grammar,active_passive,Present Indefinite Tense,Passive,Are the candidates selected by the committee for the interview?,Medium,1,ULTRA,1
q_9_eng_b_voice_0070,1,ENGLISH_B | Active and Passive Voice | Present Indefinite Tense,Grammar,active_passive,Present Indefinite Tense,Passive,Is the complaint investigated by the police quickly?,Medium,1,ULTRA,1
q_9_eng_b_voice_0071,1,ENGLISH_B | Active and Passive Voice | Present Indefinite Tense,Grammar,active_passive,Present Indefinite Tense,Passive,By whom is English taught in this class?,Hard,1,ELITE,1
q_9_eng_b_voice_0072,1,ENGLISH_B | Active and Passive Voice | Present Indefinite Tense,Grammar,active_passive,Present Indefinite Tense,Passive,By whom is the attendance checked every morning?,Hard,1,ELITE,1
q_9_eng_b_voice_0073,1,ENGLISH_B | Active and Passive Voice | Present Indefinite Tense,Grammar,active_passive,Present Indefinite Tense,Passive,By whom are these reports written for the office?,Hard,1,ELITE,1
q_9_eng_b_voice_0074,1,ENGLISH_B | Active and Passive Voice | Present Indefinite Tense,Grammar,active_passive,Present Indefinite Tense,Passive,By whom is the laboratory cleaned after school?,Hard,1,ELITE,1
q_9_eng_b_voice_0075,1,ENGLISH_B | Active and Passive Voice | Present Indefinite Tense,Grammar,active_passive,Present Indefinite Tense,Passive,By whom are the letters delivered in this area?,Hard,1,ELITE,1
sep_9_eng_b_voice_past_001,1,ENGLISH_B | Active and Passive Voice | Present Indefinite Tense | Past Paper,Topic,topic_separator,Present Indefinite Tense,,,,,,1
q_9_eng_b_voice_past_0001,1,ENGLISH_B | Active and Passive Voice | Present Indefinite Tense | Past Paper | 2021 Morning,Grammar,active_passive,Present Indefinite Tense,Active,All students like him.,Easy,1,PRO,1
q_9_eng_b_voice_past_0002,1,ENGLISH_B | Active and Passive Voice | Present Indefinite Tense | Past Paper | 2015 Morning,Grammar,active_passive,Present Indefinite Tense,Active,I wear new clothes.,Easy,1,PRO,1
q_9_eng_b_voice_past_0003,1,ENGLISH_B | Active and Passive Voice | Present Indefinite Tense | Past Paper | 2013 Morning; 2020 Evening,Grammar,active_passive,Present Indefinite Tense,Active,She likes apples.,Easy,1,ULTRA,1
q_9_eng_b_voice_past_0004,1,ENGLISH_B | Active and Passive Voice | Present Indefinite Tense | Past Paper | 2013 Evening,Grammar,active_passive,Present Indefinite Tense,Active,She loves her cat very much.,Easy,1,PRO,1
q_9_eng_b_voice_past_0005,1,ENGLISH_B | Active and Passive Voice | Present Indefinite Tense | Past Paper | 2024 Morning,Grammar,active_passive,Present Indefinite Tense,Active,The mother loves the children.,Easy,1,PRO,1
q_9_eng_b_voice_past_0006,1,ENGLISH_B | Active and Passive Voice | Present Indefinite Tense | Past Paper | 2021 Morning,Grammar,active_passive,Present Indefinite Tense,Active,We do not read the lesson.,Medium,1,PRO,1
q_9_eng_b_voice_past_0007,1,ENGLISH_B | Active and Passive Voice | Present Indefinite Tense | Past Paper | 2016 Evening,Grammar,active_passive,Present Indefinite Tense,Active,We do not run this factory.,Medium,1,PRO,1
q_9_eng_b_voice_0001,1,ENGLISH_B | Active and Passive Voice | Present Indefinite Tense | Past Paper | 2015 Evening; 2016 Morning,Grammar,active_passive,Present Indefinite Tense,Active,We use milk for making cheese.,Easy,1,ULTRA,1
q_9_eng_b_voice_past_0008,1,ENGLISH_B | Active and Passive Voice | Present Indefinite Tense | Past Paper | 2015 Morning,Grammar,active_passive,Present Indefinite Tense,Active,You take a bath daily.,Easy,1,PRO,1
q_9_eng_b_voice_past_0009,1,ENGLISH_B | Active and Passive Voice | Present Indefinite Tense | Past Paper | 2016 Evening,Grammar,active_passive,Present Indefinite Tense,Passive,Milk is given by the goat.,Medium,1,PRO,1
q_9_eng_b_voice_past_0010,1,ENGLISH_B | Active and Passive Voice | Present Indefinite Tense | Past Paper | 2020 Morning,Grammar,active_passive,Present Indefinite Tense,Passive,Naushaba is helped by Khurshid.,Medium,1,PRO,1
q_9_eng_b_voice_past_0011,1,ENGLISH_B | Active and Passive Voice | Present Indefinite Tense | Past Paper | 2017 Evening,Grammar,active_passive,Present Indefinite Tense,Passive,The children are loved by the mother.,Medium,1,PRO,1
q_9_eng_b_voice_past_0012,1,ENGLISH_B | Active and Passive Voice | Present Indefinite Tense | Past Paper | 2018 Evening; 2023 Morning,Grammar,active_passive,Present Indefinite Tense,Passive,The picture is made by the boy.,Medium,1,ULTRA,1
sep_9_eng_b_voice_updated_002,1,ENGLISH_B | Active and Passive Voice | Present Continuous Tense,Topic,topic_separator,Present Continuous Tense,,,,,,1
q_9_eng_b_voice_0076,1,ENGLISH_B | Active and Passive Voice | Present Continuous Tense,Grammar,active_passive,Present Continuous Tense,Active,The teacher is explaining the lesson in class.,Easy,1,PRO,1
q_9_eng_b_voice_0077,1,ENGLISH_B | Active and Passive Voice | Present Continuous Tense,Grammar,active_passive,Present Continuous Tense,Active,The students are completing the assignments on time.,Easy,1,PRO,1
q_9_eng_b_voice_0078,1,ENGLISH_B | Active and Passive Voice | Present Continuous Tense,Grammar,active_passive,Present Continuous Tense,Active,The mechanic is repairing the car in the workshop.,Easy,1,PRO,1
q_9_eng_b_voice_0079,1,ENGLISH_B | Active and Passive Voice | Present Continuous Tense,Grammar,active_passive,Present Continuous Tense,Active,The workers are building the bridge over the river.,Easy,1,PRO,1
q_9_eng_b_voice_0080,1,ENGLISH_B | Active and Passive Voice | Present Continuous Tense,Grammar,active_passive,Present Continuous Tense,Active,The chef is preparing the meal for the guests.,Easy,1,PRO,1
q_9_eng_b_voice_0081,1,ENGLISH_B | Active and Passive Voice | Present Continuous Tense,Grammar,active_passive,Present Continuous Tense,Active,The nurse is assisting the patient in the ward.,Easy,1,PRO,1
q_9_eng_b_voice_0082,1,ENGLISH_B | Active and Passive Voice | Present Continuous Tense,Grammar,active_passive,Present Continuous Tense,Active,The police are arresting the thief near the station.,Easy,1,PRO,1
q_9_eng_b_voice_0083,1,ENGLISH_B | Active and Passive Voice | Present Continuous Tense,Grammar,active_passive,Present Continuous Tense,Active,The committee is approving the proposal after discussion.,Easy,1,PRO,1
q_9_eng_b_voice_0084,1,ENGLISH_B | Active and Passive Voice | Present Continuous Tense,Grammar,active_passive,Present Continuous Tense,Active,The manager is signing the documents in the office.,Easy,1,PRO,1
q_9_eng_b_voice_0085,1,ENGLISH_B | Active and Passive Voice | Present Continuous Tense,Grammar,active_passive,Present Continuous Tense,Active,The farmers are growing wheat in the fields.,Easy,1,PRO,1
q_9_eng_b_voice_0086,1,ENGLISH_B | Active and Passive Voice | Present Continuous Tense,Grammar,active_passive,Present Continuous Tense,Active,The artist is painting the portrait in the studio.,Easy,1,PRO,1
q_9_eng_b_voice_0087,1,ENGLISH_B | Active and Passive Voice | Present Continuous Tense,Grammar,active_passive,Present Continuous Tense,Active,The carpenter is making the table from wood.,Easy,1,PRO,1
q_9_eng_b_voice_0088,1,ENGLISH_B | Active and Passive Voice | Present Continuous Tense,Grammar,active_passive,Present Continuous Tense,Active,The librarian is issuing the books to the students.,Easy,1,PRO,1
q_9_eng_b_voice_0089,1,ENGLISH_B | Active and Passive Voice | Present Continuous Tense,Grammar,active_passive,Present Continuous Tense,Active,The postman is delivering the letters in the morning.,Easy,1,PRO,1
q_9_eng_b_voice_0090,1,ENGLISH_B | Active and Passive Voice | Present Continuous Tense,Grammar,active_passive,Present Continuous Tense,Active,The volunteers are cleaning the park on Sunday.,Easy,1,PRO,1
q_9_eng_b_voice_0091,1,ENGLISH_B | Active and Passive Voice | Present Continuous Tense,Grammar,active_passive,Present Continuous Tense,Active,The engineers are designing the machine for the factory.,Easy,1,PRO,1
q_9_eng_b_voice_0092,1,ENGLISH_B | Active and Passive Voice | Present Continuous Tense,Grammar,active_passive,Present Continuous Tense,Active,The doctor is examining the patient carefully.,Easy,1,PRO,1
q_9_eng_b_voice_0093,1,ENGLISH_B | Active and Passive Voice | Present Continuous Tense,Grammar,active_passive,Present Continuous Tense,Active,The mother is baking the cake for the birthday.,Easy,1,PRO,1
q_9_eng_b_voice_0094,1,ENGLISH_B | Active and Passive Voice | Present Continuous Tense,Grammar,active_passive,Present Continuous Tense,Active,The principal is announcing the results at the assembly.,Easy,1,PRO,1
q_9_eng_b_voice_0095,1,ENGLISH_B | Active and Passive Voice | Present Continuous Tense,Grammar,active_passive,Present Continuous Tense,Active,The company is launching the product next month.,Easy,1,PRO,1
q_9_eng_b_voice_0096,1,ENGLISH_B | Active and Passive Voice | Present Continuous Tense,Grammar,active_passive,Present Continuous Tense,Active,The scientists are conducting the experiment in the laboratory.,Easy,1,PRO,1
q_9_eng_b_voice_0097,1,ENGLISH_B | Active and Passive Voice | Present Continuous Tense,Grammar,active_passive,Present Continuous Tense,Active,The gardener is watering the plants every morning.,Easy,1,PRO,1
q_9_eng_b_voice_0098,1,ENGLISH_B | Active and Passive Voice | Present Continuous Tense,Grammar,active_passive,Present Continuous Tense,Active,The tailor is not stitching the uniforms for the team.,Medium,1,ULTRA,1
q_9_eng_b_voice_0099,1,ENGLISH_B | Active and Passive Voice | Present Continuous Tense,Grammar,active_passive,Present Continuous Tense,Active,The mason is not constructing the wall around the garden.,Medium,1,ULTRA,1
q_9_eng_b_voice_0100,1,ENGLISH_B | Active and Passive Voice | Present Continuous Tense,Grammar,active_passive,Present Continuous Tense,Active,The reporter is not writing the article for the newspaper.,Medium,1,ULTRA,1
q_9_eng_b_voice_0101,1,ENGLISH_B | Active and Passive Voice | Present Continuous Tense,Grammar,active_passive,Present Continuous Tense,Active,The publisher is not printing the books for the schools.,Medium,1,ULTRA,1
q_9_eng_b_voice_0102,1,ENGLISH_B | Active and Passive Voice | Present Continuous Tense,Grammar,active_passive,Present Continuous Tense,Active,The school is not organizing the competition in the hall.,Medium,1,ULTRA,1
q_9_eng_b_voice_0103,1,ENGLISH_B | Active and Passive Voice | Present Continuous Tense,Grammar,active_passive,Present Continuous Tense,Active,The judge is not hearing the case in court.,Medium,1,ULTRA,1
q_9_eng_b_voice_0104,1,ENGLISH_B | Active and Passive Voice | Present Continuous Tense,Grammar,active_passive,Present Continuous Tense,Active,The coach is not training the players for the match.,Medium,1,ULTRA,1
q_9_eng_b_voice_0105,1,ENGLISH_B | Active and Passive Voice | Present Continuous Tense,Grammar,active_passive,Present Continuous Tense,Active,The shopkeeper is not packing the goods for the customer.,Medium,1,ULTRA,1
q_9_eng_b_voice_0106,1,ENGLISH_B | Active and Passive Voice | Present Continuous Tense,Grammar,active_passive,Present Continuous Tense,Active,Is the electrician fixing the wires in the building?,Medium,1,ULTRA,1
q_9_eng_b_voice_0107,1,ENGLISH_B | Active and Passive Voice | Present Continuous Tense,Grammar,active_passive,Present Continuous Tense,Active,Is the plumber installing the pipes in the house?,Medium,1,ULTRA,1
q_9_eng_b_voice_0108,1,ENGLISH_B | Active and Passive Voice | Present Continuous Tense,Grammar,active_passive,Present Continuous Tense,Active,Is the driver washing the bus before the trip?,Medium,1,ULTRA,1
q_9_eng_b_voice_0109,1,ENGLISH_B | Active and Passive Voice | Present Continuous Tense,Grammar,active_passive,Present Continuous Tense,Active,Is the team winning the trophy in the final?,Medium,1,ULTRA,1
q_9_eng_b_voice_0110,1,ENGLISH_B | Active and Passive Voice | Present Continuous Tense,Grammar,active_passive,Present Continuous Tense,Active,Is the clerk checking the forms at the counter?,Medium,1,ULTRA,1
q_9_eng_b_voice_0111,1,ENGLISH_B | Active and Passive Voice | Present Continuous Tense,Grammar,active_passive,Present Continuous Tense,Active,Who is repairing the computer now?,Hard,1,ELITE,1
q_9_eng_b_voice_0112,1,ENGLISH_B | Active and Passive Voice | Present Continuous Tense,Grammar,active_passive,Present Continuous Tense,Active,Who is preparing the annual report?,Hard,1,ELITE,1
q_9_eng_b_voice_0113,1,ENGLISH_B | Active and Passive Voice | Present Continuous Tense,Grammar,active_passive,Present Continuous Tense,Active,Who is decorating the hall today?,Hard,1,ELITE,1
q_9_eng_b_voice_0114,1,ENGLISH_B | Active and Passive Voice | Present Continuous Tense,Grammar,active_passive,Present Continuous Tense,Active,Who is checking the answer sheets?,Hard,1,ELITE,1
q_9_eng_b_voice_0115,1,ENGLISH_B | Active and Passive Voice | Present Continuous Tense,Grammar,active_passive,Present Continuous Tense,Active,Who is planting trees along the road?,Hard,1,ELITE,1
q_9_eng_b_voice_0116,1,ENGLISH_B | Active and Passive Voice | Present Continuous Tense,Grammar,active_passive,Present Continuous Tense,Passive,The meeting is being cancelled by the administration because of the rain.,Easy,1,PRO,1
q_9_eng_b_voice_0117,1,ENGLISH_B | Active and Passive Voice | Present Continuous Tense,Grammar,active_passive,Present Continuous Tense,Passive,The loan is being offered by the bank to the farmer.,Easy,1,PRO,1
q_9_eng_b_voice_0118,1,ENGLISH_B | Active and Passive Voice | Present Continuous Tense,Grammar,active_passive,Present Continuous Tense,Passive,The food packets are being distributed by the charity among the families.,Easy,1,PRO,1
q_9_eng_b_voice_0119,1,ENGLISH_B | Active and Passive Voice | Present Continuous Tense,Grammar,active_passive,Present Continuous Tense,Passive,The hospitals are being built by the government in the district.,Easy,1,PRO,1
q_9_eng_b_voice_0120,1,ENGLISH_B | Active and Passive Voice | Present Continuous Tense,Grammar,active_passive,Present Continuous Tense,Passive,The workers are being hired by the company for the project.,Easy,1,PRO,1
q_9_eng_b_voice_0121,1,ENGLISH_B | Active and Passive Voice | Present Continuous Tense,Grammar,active_passive,Present Continuous Tense,Passive,The scholarships are being awarded by the school to deserving students.,Easy,1,PRO,1
q_9_eng_b_voice_0122,1,ENGLISH_B | Active and Passive Voice | Present Continuous Tense,Grammar,active_passive,Present Continuous Tense,Passive,The trees are being planted by the council along the road.,Easy,1,PRO,1
q_9_eng_b_voice_0123,1,ENGLISH_B | Active and Passive Voice | Present Continuous Tense,Grammar,active_passive,Present Continuous Tense,Passive,The traffic is being stopped by the police near the market.,Easy,1,PRO,1
q_9_eng_b_voice_0124,1,ENGLISH_B | Active and Passive Voice | Present Continuous Tense,Grammar,active_passive,Present Continuous Tense,Passive,The performer is being applauded by the audience after the show.,Easy,1,PRO,1
q_9_eng_b_voice_0125,1,ENGLISH_B | Active and Passive Voice | Present Continuous Tense,Grammar,active_passive,Present Continuous Tense,Passive,The bill is being paid by the customer online.,Easy,1,PRO,1
q_9_eng_b_voice_0126,1,ENGLISH_B | Active and Passive Voice | Present Continuous Tense,Grammar,active_passive,Present Continuous Tense,Passive,The problem is being solved by the student without help.,Easy,1,PRO,1
q_9_eng_b_voice_0127,1,ENGLISH_B | Active and Passive Voice | Present Continuous Tense,Grammar,active_passive,Present Continuous Tense,Passive,The data is being collected by the researcher from the villages.,Easy,1,PRO,1
q_9_eng_b_voice_0128,1,ENGLISH_B | Active and Passive Voice | Present Continuous Tense,Grammar,active_passive,Present Continuous Tense,Passive,The pictures are being taken by the photographer at the event.,Easy,1,PRO,1
q_9_eng_b_voice_0129,1,ENGLISH_B | Active and Passive Voice | Present Continuous Tense,Grammar,active_passive,Present Continuous Tense,Passive,The bread is being sold by the baker in the morning.,Easy,1,PRO,1
q_9_eng_b_voice_0130,1,ENGLISH_B | Active and Passive Voice | Present Continuous Tense,Grammar,active_passive,Present Continuous Tense,Passive,The cars are being produced by the factory for the market.,Easy,1,PRO,1
q_9_eng_b_voice_0131,1,ENGLISH_B | Active and Passive Voice | Present Continuous Tense,Grammar,active_passive,Present Continuous Tense,Passive,The artifacts are being displayed by the museum in the gallery.,Easy,1,PRO,1
q_9_eng_b_voice_0132,1,ENGLISH_B | Active and Passive Voice | Present Continuous Tense,Grammar,active_passive,Present Continuous Tense,Passive,The crops are being harvested by the farmers in autumn.,Easy,1,PRO,1
q_9_eng_b_voice_0133,1,ENGLISH_B | Active and Passive Voice | Present Continuous Tense,Grammar,active_passive,Present Continuous Tense,Passive,The report is being submitted by the team before the deadline.,Easy,1,PRO,1
q_9_eng_b_voice_0134,1,ENGLISH_B | Active and Passive Voice | Present Continuous Tense,Grammar,active_passive,Present Continuous Tense,Passive,The minutes are being recorded by the secretary during the meeting.,Easy,1,PRO,1
q_9_eng_b_voice_0135,1,ENGLISH_B | Active and Passive Voice | Present Continuous Tense,Grammar,active_passive,Present Continuous Tense,Passive,The parcels are being carried by the courier to the office.,Easy,1,PRO,1
q_9_eng_b_voice_0136,1,ENGLISH_B | Active and Passive Voice | Present Continuous Tense,Grammar,active_passive,Present Continuous Tense,Passive,The operation is not being performed by the surgeon successfully.,Medium,1,ULTRA,1
q_9_eng_b_voice_0137,1,ENGLISH_B | Active and Passive Voice | Present Continuous Tense,Grammar,active_passive,Present Continuous Tense,Passive,The animals are not being rescued by the volunteers from the flood.,Medium,1,ULTRA,1
q_9_eng_b_voice_0138,1,ENGLISH_B | Active and Passive Voice | Present Continuous Tense,Grammar,active_passive,Present Continuous Tense,Passive,The question is not being asked by the teacher during the lesson.,Medium,1,ULTRA,1
q_9_eng_b_voice_0139,1,ENGLISH_B | Active and Passive Voice | Present Continuous Tense,Grammar,active_passive,Present Continuous Tense,Passive,The questions are not being answered by the students confidently.,Medium,1,ULTRA,1
q_9_eng_b_voice_0140,1,ENGLISH_B | Active and Passive Voice | Present Continuous Tense,Grammar,active_passive,Present Continuous Tense,Passive,The law is not being enforced by the government strictly.,Medium,1,ULTRA,1
q_9_eng_b_voice_0141,1,ENGLISH_B | Active and Passive Voice | Present Continuous Tense,Grammar,active_passive,Present Continuous Tense,Passive,Is the manuscript being reviewed by the editor carefully?,Medium,1,ULTRA,1
q_9_eng_b_voice_0142,1,ENGLISH_B | Active and Passive Voice | Present Continuous Tense,Grammar,active_passive,Present Continuous Tense,Passive,Is the document being translated by the translator into English?,Medium,1,ULTRA,1
q_9_eng_b_voice_0143,1,ENGLISH_B | Active and Passive Voice | Present Continuous Tense,Grammar,active_passive,Present Continuous Tense,Passive,Is the software being updated by the technician on the computers?,Medium,1,ULTRA,1
q_9_eng_b_voice_0144,1,ENGLISH_B | Active and Passive Voice | Present Continuous Tense,Grammar,active_passive,Present Continuous Tense,Passive,Are the candidates being selected by the committee for the interview?,Medium,1,ULTRA,1
q_9_eng_b_voice_0145,1,ENGLISH_B | Active and Passive Voice | Present Continuous Tense,Grammar,active_passive,Present Continuous Tense,Passive,Is the complaint being investigated by the police quickly?,Medium,1,ULTRA,1
q_9_eng_b_voice_0146,1,ENGLISH_B | Active and Passive Voice | Present Continuous Tense,Grammar,active_passive,Present Continuous Tense,Passive,By whom is the computer being repaired now?,Hard,1,ELITE,1
q_9_eng_b_voice_0147,1,ENGLISH_B | Active and Passive Voice | Present Continuous Tense,Grammar,active_passive,Present Continuous Tense,Passive,By whom is the annual report being prepared?,Hard,1,ELITE,1
q_9_eng_b_voice_0148,1,ENGLISH_B | Active and Passive Voice | Present Continuous Tense,Grammar,active_passive,Present Continuous Tense,Passive,By whom is the hall being decorated today?,Hard,1,ELITE,1
q_9_eng_b_voice_0149,1,ENGLISH_B | Active and Passive Voice | Present Continuous Tense,Grammar,active_passive,Present Continuous Tense,Passive,By whom are the answer sheets being checked?,Hard,1,ELITE,1
q_9_eng_b_voice_0150,1,ENGLISH_B | Active and Passive Voice | Present Continuous Tense,Grammar,active_passive,Present Continuous Tense,Passive,By whom are trees being planted along the road?,Hard,1,ELITE,1
sep_9_eng_b_voice_past_002,1,ENGLISH_B | Active and Passive Voice | Present Continuous Tense | Past Paper,Topic,topic_separator,Present Continuous Tense,,,,,,1
q_9_eng_b_voice_past_0013,1,ENGLISH_B | Active and Passive Voice | Present Continuous Tense | Past Paper | 2013 Evening,Grammar,active_passive,Present Continuous Tense,Active,He is abusing me for nothing.,Easy,1,PRO,1
q_9_eng_b_voice_past_0014,1,ENGLISH_B | Active and Passive Voice | Present Continuous Tense | Past Paper | 2016 Morning; 2022 Morning; 2023 Evening,Grammar,active_passive,Present Continuous Tense,Active,The boy is climbing the wall.,Easy,1,ULTRA,1
q_9_eng_b_voice_past_0015,1,ENGLISH_B | Active and Passive Voice | Present Continuous Tense | Past Paper | 2013 Morning; 2017 Evening; 2018 Morning; 2020 Morning; 2023 Morning,Grammar,active_passive,Present Continuous Tense,Active,They are buying this house.,Easy,1,ELITE,1
q_9_eng_b_voice_past_0016,1,ENGLISH_B | Active and Passive Voice | Present Continuous Tense | Past Paper | 2021 Morning,Grammar,active_passive,Present Continuous Tense,Active,We are doing our duty.,Easy,1,PRO,1
q_9_eng_b_voice_past_0017,1,ENGLISH_B | Active and Passive Voice | Present Continuous Tense | Past Paper | 2015 Morning,Grammar,active_passive,Present Continuous Tense,Active,We are printing a new book.,Easy,1,PRO,1
q_9_eng_b_voice_past_0018,1,ENGLISH_B | Active and Passive Voice | Present Continuous Tense | Past Paper | 2013 Morning,Grammar,active_passive,Present Continuous Tense,Active,Who is asking questions?,Hard,1,PRO,1
q_9_eng_b_voice_past_0019,1,ENGLISH_B | Active and Passive Voice | Present Continuous Tense | Past Paper | 2014 Evening; 2023 Morning,Grammar,active_passive,Present Continuous Tense,Active,Why is he mending the chair?,Hard,1,ULTRA,1
q_9_eng_b_voice_past_0020,1,ENGLISH_B | Active and Passive Voice | Present Continuous Tense | Past Paper | 2021 Morning,Grammar,active_passive,Present Continuous Tense,Active,You are cheating me.,Easy,1,PRO,1
q_9_eng_b_voice_past_0021,1,ENGLISH_B | Active and Passive Voice | Present Continuous Tense | Past Paper | 2022 Evening; 2023 Evening,Grammar,active_passive,Present Continuous Tense,Passive,The house is being bought by them.,Medium,1,ULTRA,1
sep_9_eng_b_voice_updated_003,1,ENGLISH_B | Active and Passive Voice | Present Perfect Tense,Topic,topic_separator,Present Perfect Tense,,,,,,1
q_9_eng_b_voice_0151,1,ENGLISH_B | Active and Passive Voice | Present Perfect Tense,Grammar,active_passive,Present Perfect Tense,Active,The teacher has explained the lesson in class.,Easy,1,PRO,1
q_9_eng_b_voice_0152,1,ENGLISH_B | Active and Passive Voice | Present Perfect Tense,Grammar,active_passive,Present Perfect Tense,Active,The students have completed the assignments on time.,Easy,1,PRO,1
q_9_eng_b_voice_0153,1,ENGLISH_B | Active and Passive Voice | Present Perfect Tense,Grammar,active_passive,Present Perfect Tense,Active,The mechanic has repaired the car in the workshop.,Easy,1,PRO,1
q_9_eng_b_voice_0154,1,ENGLISH_B | Active and Passive Voice | Present Perfect Tense,Grammar,active_passive,Present Perfect Tense,Active,The workers have built the bridge over the river.,Easy,1,PRO,1
q_9_eng_b_voice_0155,1,ENGLISH_B | Active and Passive Voice | Present Perfect Tense,Grammar,active_passive,Present Perfect Tense,Active,The chef has prepared the meal for the guests.,Easy,1,PRO,1
q_9_eng_b_voice_0156,1,ENGLISH_B | Active and Passive Voice | Present Perfect Tense,Grammar,active_passive,Present Perfect Tense,Active,The nurse has assisted the patient in the ward.,Easy,1,PRO,1
q_9_eng_b_voice_0157,1,ENGLISH_B | Active and Passive Voice | Present Perfect Tense,Grammar,active_passive,Present Perfect Tense,Active,The police have arrested the thief near the station.,Easy,1,PRO,1
q_9_eng_b_voice_0158,1,ENGLISH_B | Active and Passive Voice | Present Perfect Tense,Grammar,active_passive,Present Perfect Tense,Active,The committee has approved the proposal after discussion.,Easy,1,PRO,1
q_9_eng_b_voice_0159,1,ENGLISH_B | Active and Passive Voice | Present Perfect Tense,Grammar,active_passive,Present Perfect Tense,Active,The manager has signed the documents in the office.,Easy,1,PRO,1
q_9_eng_b_voice_0160,1,ENGLISH_B | Active and Passive Voice | Present Perfect Tense,Grammar,active_passive,Present Perfect Tense,Active,The farmers have grown wheat in the fields.,Easy,1,PRO,1
q_9_eng_b_voice_0161,1,ENGLISH_B | Active and Passive Voice | Present Perfect Tense,Grammar,active_passive,Present Perfect Tense,Active,The artist has painted the portrait in the studio.,Easy,1,PRO,1
q_9_eng_b_voice_0162,1,ENGLISH_B | Active and Passive Voice | Present Perfect Tense,Grammar,active_passive,Present Perfect Tense,Active,The carpenter has made the table from wood.,Easy,1,PRO,1
q_9_eng_b_voice_0163,1,ENGLISH_B | Active and Passive Voice | Present Perfect Tense,Grammar,active_passive,Present Perfect Tense,Active,The librarian has issued the books to the students.,Easy,1,PRO,1
q_9_eng_b_voice_0164,1,ENGLISH_B | Active and Passive Voice | Present Perfect Tense,Grammar,active_passive,Present Perfect Tense,Active,The postman has delivered the letters in the morning.,Easy,1,PRO,1
q_9_eng_b_voice_0165,1,ENGLISH_B | Active and Passive Voice | Present Perfect Tense,Grammar,active_passive,Present Perfect Tense,Active,The volunteers have cleaned the park on Sunday.,Easy,1,PRO,1
q_9_eng_b_voice_0166,1,ENGLISH_B | Active and Passive Voice | Present Perfect Tense,Grammar,active_passive,Present Perfect Tense,Active,The engineers have designed the machine for the factory.,Easy,1,PRO,1
q_9_eng_b_voice_0167,1,ENGLISH_B | Active and Passive Voice | Present Perfect Tense,Grammar,active_passive,Present Perfect Tense,Active,The doctor has examined the patient carefully.,Easy,1,PRO,1
q_9_eng_b_voice_0168,1,ENGLISH_B | Active and Passive Voice | Present Perfect Tense,Grammar,active_passive,Present Perfect Tense,Active,The mother has baked the cake for the birthday.,Easy,1,PRO,1
q_9_eng_b_voice_0169,1,ENGLISH_B | Active and Passive Voice | Present Perfect Tense,Grammar,active_passive,Present Perfect Tense,Active,The principal has announced the results at the assembly.,Easy,1,PRO,1
q_9_eng_b_voice_0170,1,ENGLISH_B | Active and Passive Voice | Present Perfect Tense,Grammar,active_passive,Present Perfect Tense,Active,The company has launched the product next month.,Easy,1,PRO,1
q_9_eng_b_voice_0171,1,ENGLISH_B | Active and Passive Voice | Present Perfect Tense,Grammar,active_passive,Present Perfect Tense,Active,The scientists have conducted the experiment in the laboratory.,Easy,1,PRO,1
q_9_eng_b_voice_0172,1,ENGLISH_B | Active and Passive Voice | Present Perfect Tense,Grammar,active_passive,Present Perfect Tense,Active,The gardener has watered the plants every morning.,Easy,1,PRO,1
q_9_eng_b_voice_0173,1,ENGLISH_B | Active and Passive Voice | Present Perfect Tense,Grammar,active_passive,Present Perfect Tense,Active,The tailor has not stitched the uniforms for the team.,Medium,1,ULTRA,1
q_9_eng_b_voice_0174,1,ENGLISH_B | Active and Passive Voice | Present Perfect Tense,Grammar,active_passive,Present Perfect Tense,Active,The mason has not constructed the wall around the garden.,Medium,1,ULTRA,1
q_9_eng_b_voice_0175,1,ENGLISH_B | Active and Passive Voice | Present Perfect Tense,Grammar,active_passive,Present Perfect Tense,Active,The reporter has not written the article for the newspaper.,Medium,1,ULTRA,1
q_9_eng_b_voice_0176,1,ENGLISH_B | Active and Passive Voice | Present Perfect Tense,Grammar,active_passive,Present Perfect Tense,Active,The publisher has not printed the books for the schools.,Medium,1,ULTRA,1
q_9_eng_b_voice_0177,1,ENGLISH_B | Active and Passive Voice | Present Perfect Tense,Grammar,active_passive,Present Perfect Tense,Active,The school has not organized the competition in the hall.,Medium,1,ULTRA,1
q_9_eng_b_voice_0178,1,ENGLISH_B | Active and Passive Voice | Present Perfect Tense,Grammar,active_passive,Present Perfect Tense,Active,The judge has not heard the case in court.,Medium,1,ULTRA,1
q_9_eng_b_voice_0179,1,ENGLISH_B | Active and Passive Voice | Present Perfect Tense,Grammar,active_passive,Present Perfect Tense,Active,The coach has not trained the players for the match.,Medium,1,ULTRA,1
q_9_eng_b_voice_0180,1,ENGLISH_B | Active and Passive Voice | Present Perfect Tense,Grammar,active_passive,Present Perfect Tense,Active,The shopkeeper has not packed the goods for the customer.,Medium,1,ULTRA,1
q_9_eng_b_voice_0181,1,ENGLISH_B | Active and Passive Voice | Present Perfect Tense,Grammar,active_passive,Present Perfect Tense,Active,Has the electrician fixed the wires in the building?,Medium,1,ULTRA,1
q_9_eng_b_voice_0182,1,ENGLISH_B | Active and Passive Voice | Present Perfect Tense,Grammar,active_passive,Present Perfect Tense,Active,Has the plumber installed the pipes in the house?,Medium,1,ULTRA,1
q_9_eng_b_voice_0183,1,ENGLISH_B | Active and Passive Voice | Present Perfect Tense,Grammar,active_passive,Present Perfect Tense,Active,Has the driver washed the bus before the trip?,Medium,1,ULTRA,1
q_9_eng_b_voice_0184,1,ENGLISH_B | Active and Passive Voice | Present Perfect Tense,Grammar,active_passive,Present Perfect Tense,Active,Has the team won the trophy in the final?,Medium,1,ULTRA,1
q_9_eng_b_voice_0185,1,ENGLISH_B | Active and Passive Voice | Present Perfect Tense,Grammar,active_passive,Present Perfect Tense,Active,Has the clerk checked the forms at the counter?,Medium,1,ULTRA,1
q_9_eng_b_voice_0186,1,ENGLISH_B | Active and Passive Voice | Present Perfect Tense,Grammar,active_passive,Present Perfect Tense,Active,Who has completed the project?,Hard,1,ELITE,1
q_9_eng_b_voice_0187,1,ENGLISH_B | Active and Passive Voice | Present Perfect Tense,Grammar,active_passive,Present Perfect Tense,Active,Who has written this application?,Hard,1,ELITE,1
q_9_eng_b_voice_0188,1,ENGLISH_B | Active and Passive Voice | Present Perfect Tense,Grammar,active_passive,Present Perfect Tense,Active,Who has cleaned the classroom?,Hard,1,ELITE,1
q_9_eng_b_voice_0189,1,ENGLISH_B | Active and Passive Voice | Present Perfect Tense,Grammar,active_passive,Present Perfect Tense,Active,Who has approved the proposal?,Hard,1,ELITE,1
q_9_eng_b_voice_0190,1,ENGLISH_B | Active and Passive Voice | Present Perfect Tense,Grammar,active_passive,Present Perfect Tense,Active,Who has invited the guests?,Hard,1,ELITE,1
q_9_eng_b_voice_0191,1,ENGLISH_B | Active and Passive Voice | Present Perfect Tense,Grammar,active_passive,Present Perfect Tense,Passive,The meeting has been cancelled by the administration because of the rain.,Easy,1,PRO,1
q_9_eng_b_voice_0192,1,ENGLISH_B | Active and Passive Voice | Present Perfect Tense,Grammar,active_passive,Present Perfect Tense,Passive,The loan has been offered by the bank to the farmer.,Easy,1,PRO,1
q_9_eng_b_voice_0193,1,ENGLISH_B | Active and Passive Voice | Present Perfect Tense,Grammar,active_passive,Present Perfect Tense,Passive,The food packets have been distributed by the charity among the families.,Easy,1,PRO,1
q_9_eng_b_voice_0194,1,ENGLISH_B | Active and Passive Voice | Present Perfect Tense,Grammar,active_passive,Present Perfect Tense,Passive,The hospitals have been built by the government in the district.,Easy,1,PRO,1
q_9_eng_b_voice_0195,1,ENGLISH_B | Active and Passive Voice | Present Perfect Tense,Grammar,active_passive,Present Perfect Tense,Passive,The workers have been hired by the company for the project.,Easy,1,PRO,1
q_9_eng_b_voice_0196,1,ENGLISH_B | Active and Passive Voice | Present Perfect Tense,Grammar,active_passive,Present Perfect Tense,Passive,The scholarships have been awarded by the school to deserving students.,Easy,1,PRO,1
q_9_eng_b_voice_0197,1,ENGLISH_B | Active and Passive Voice | Present Perfect Tense,Grammar,active_passive,Present Perfect Tense,Passive,The trees have been planted by the council along the road.,Easy,1,PRO,1
q_9_eng_b_voice_0198,1,ENGLISH_B | Active and Passive Voice | Present Perfect Tense,Grammar,active_passive,Present Perfect Tense,Passive,The traffic has been stopped by the police near the market.,Easy,1,PRO,1
q_9_eng_b_voice_0199,1,ENGLISH_B | Active and Passive Voice | Present Perfect Tense,Grammar,active_passive,Present Perfect Tense,Passive,The performer has been applauded by the audience after the show.,Easy,1,PRO,1
q_9_eng_b_voice_0200,1,ENGLISH_B | Active and Passive Voice | Present Perfect Tense,Grammar,active_passive,Present Perfect Tense,Passive,The bill has been paid by the customer online.,Easy,1,PRO,1
q_9_eng_b_voice_0201,1,ENGLISH_B | Active and Passive Voice | Present Perfect Tense,Grammar,active_passive,Present Perfect Tense,Passive,The problem has been solved by the student without help.,Easy,1,PRO,1
q_9_eng_b_voice_0202,1,ENGLISH_B | Active and Passive Voice | Present Perfect Tense,Grammar,active_passive,Present Perfect Tense,Passive,The data has been collected by the researcher from the villages.,Easy,1,PRO,1
q_9_eng_b_voice_0203,1,ENGLISH_B | Active and Passive Voice | Present Perfect Tense,Grammar,active_passive,Present Perfect Tense,Passive,The pictures have been taken by the photographer at the event.,Easy,1,PRO,1
q_9_eng_b_voice_0204,1,ENGLISH_B | Active and Passive Voice | Present Perfect Tense,Grammar,active_passive,Present Perfect Tense,Passive,The bread has been sold by the baker in the morning.,Easy,1,PRO,1
q_9_eng_b_voice_0205,1,ENGLISH_B | Active and Passive Voice | Present Perfect Tense,Grammar,active_passive,Present Perfect Tense,Passive,The cars have been produced by the factory for the market.,Easy,1,PRO,1
q_9_eng_b_voice_0206,1,ENGLISH_B | Active and Passive Voice | Present Perfect Tense,Grammar,active_passive,Present Perfect Tense,Passive,The artifacts have been displayed by the museum in the gallery.,Easy,1,PRO,1
q_9_eng_b_voice_0207,1,ENGLISH_B | Active and Passive Voice | Present Perfect Tense,Grammar,active_passive,Present Perfect Tense,Passive,The crops have been harvested by the farmers in autumn.,Easy,1,PRO,1
q_9_eng_b_voice_0208,1,ENGLISH_B | Active and Passive Voice | Present Perfect Tense,Grammar,active_passive,Present Perfect Tense,Passive,The report has been submitted by the team before the deadline.,Easy,1,PRO,1
q_9_eng_b_voice_0209,1,ENGLISH_B | Active and Passive Voice | Present Perfect Tense,Grammar,active_passive,Present Perfect Tense,Passive,The minutes have been recorded by the secretary during the meeting.,Easy,1,PRO,1
q_9_eng_b_voice_0210,1,ENGLISH_B | Active and Passive Voice | Present Perfect Tense,Grammar,active_passive,Present Perfect Tense,Passive,The parcels have been carried by the courier to the office.,Easy,1,PRO,1
q_9_eng_b_voice_0211,1,ENGLISH_B | Active and Passive Voice | Present Perfect Tense,Grammar,active_passive,Present Perfect Tense,Passive,The operation has not been performed by the surgeon successfully.,Medium,1,ULTRA,1
q_9_eng_b_voice_0212,1,ENGLISH_B | Active and Passive Voice | Present Perfect Tense,Grammar,active_passive,Present Perfect Tense,Passive,The animals have not been rescued by the volunteers from the flood.,Medium,1,ULTRA,1
q_9_eng_b_voice_0213,1,ENGLISH_B | Active and Passive Voice | Present Perfect Tense,Grammar,active_passive,Present Perfect Tense,Passive,The question has not been asked by the teacher during the lesson.,Medium,1,ULTRA,1
q_9_eng_b_voice_0214,1,ENGLISH_B | Active and Passive Voice | Present Perfect Tense,Grammar,active_passive,Present Perfect Tense,Passive,The questions have not been answered by the students confidently.,Medium,1,ULTRA,1
q_9_eng_b_voice_0215,1,ENGLISH_B | Active and Passive Voice | Present Perfect Tense,Grammar,active_passive,Present Perfect Tense,Passive,The law has not been enforced by the government strictly.,Medium,1,ULTRA,1
q_9_eng_b_voice_0216,1,ENGLISH_B | Active and Passive Voice | Present Perfect Tense,Grammar,active_passive,Present Perfect Tense,Passive,Has the manuscript been reviewed by the editor carefully?,Medium,1,ULTRA,1
q_9_eng_b_voice_0217,1,ENGLISH_B | Active and Passive Voice | Present Perfect Tense,Grammar,active_passive,Present Perfect Tense,Passive,Has the document been translated by the translator into English?,Medium,1,ULTRA,1
q_9_eng_b_voice_0218,1,ENGLISH_B | Active and Passive Voice | Present Perfect Tense,Grammar,active_passive,Present Perfect Tense,Passive,Has the software been updated by the technician on the computers?,Medium,1,ULTRA,1
q_9_eng_b_voice_0219,1,ENGLISH_B | Active and Passive Voice | Present Perfect Tense,Grammar,active_passive,Present Perfect Tense,Passive,Have the candidates been selected by the committee for the interview?,Medium,1,ULTRA,1
q_9_eng_b_voice_0220,1,ENGLISH_B | Active and Passive Voice | Present Perfect Tense,Grammar,active_passive,Present Perfect Tense,Passive,Has the complaint been investigated by the police quickly?,Medium,1,ULTRA,1
q_9_eng_b_voice_0221,1,ENGLISH_B | Active and Passive Voice | Present Perfect Tense,Grammar,active_passive,Present Perfect Tense,Passive,By whom has the project been completed?,Hard,1,ELITE,1
q_9_eng_b_voice_0222,1,ENGLISH_B | Active and Passive Voice | Present Perfect Tense,Grammar,active_passive,Present Perfect Tense,Passive,By whom has this application been written?,Hard,1,ELITE,1
q_9_eng_b_voice_0223,1,ENGLISH_B | Active and Passive Voice | Present Perfect Tense,Grammar,active_passive,Present Perfect Tense,Passive,By whom has the classroom been cleaned?,Hard,1,ELITE,1
q_9_eng_b_voice_0224,1,ENGLISH_B | Active and Passive Voice | Present Perfect Tense,Grammar,active_passive,Present Perfect Tense,Passive,By whom has the proposal been approved?,Hard,1,ELITE,1
q_9_eng_b_voice_0225,1,ENGLISH_B | Active and Passive Voice | Present Perfect Tense,Grammar,active_passive,Present Perfect Tense,Passive,By whom have the guests been invited?,Hard,1,ELITE,1
sep_9_eng_b_voice_past_003,1,ENGLISH_B | Active and Passive Voice | Present Perfect Tense | Past Paper,Topic,topic_separator,Present Perfect Tense,,,,,,1
q_9_eng_b_voice_past_0022,1,ENGLISH_B | Active and Passive Voice | Present Perfect Tense | Past Paper | 2016 Evening,Grammar,active_passive,Present Perfect Tense,Active,Have you finished your work?,Hard,1,PRO,1
q_9_eng_b_voice_past_0023,1,ENGLISH_B | Active and Passive Voice | Present Perfect Tense | Past Paper | 2018 Morning; 2022 Morning,Grammar,active_passive,Present Perfect Tense,Active,She has not beaten the dog.,Medium,1,ULTRA,1
q_9_eng_b_voice_past_0024,1,ENGLISH_B | Active and Passive Voice | Present Perfect Tense | Past Paper | 2018 Evening; 2020 Evening; 2022 Evening; 2023 Evening,Grammar,active_passive,Present Perfect Tense,Active,They have bought a horse.,Easy,1,ELITE,1
q_9_eng_b_voice_past_0025,1,ENGLISH_B | Active and Passive Voice | Present Perfect Tense | Past Paper | 2015 Morning,Grammar,active_passive,Present Perfect Tense,Active,They have taught the poem.,Easy,1,PRO,1
q_9_eng_b_voice_past_0026,1,ENGLISH_B | Active and Passive Voice | Present Perfect Tense | Past Paper | 2014 Evening,Grammar,active_passive,Present Perfect Tense,Active,They have won the match.,Easy,1,PRO,1
q_9_eng_b_voice_past_0027,1,ENGLISH_B | Active and Passive Voice | Present Perfect Tense | Past Paper | 2013 Evening,Grammar,active_passive,Present Perfect Tense,Active,We have done our homework.,Easy,1,PRO,1
q_9_eng_b_voice_past_0028,1,ENGLISH_B | Active and Passive Voice | Present Perfect Tense | Past Paper | 2015 Morning,Grammar,active_passive,Present Perfect Tense,Active,We have not taken tea.,Medium,1,PRO,1
q_9_eng_b_voice_past_0029,1,ENGLISH_B | Active and Passive Voice | Present Perfect Tense | Past Paper | 2023 Morning; 2024 Morning,Grammar,active_passive,Present Perfect Tense,Passive,The dog has not been beaten by her.,Medium,1,ULTRA,1
sep_9_eng_b_voice_updated_004,1,ENGLISH_B | Active and Passive Voice | Past Indefinite Tense,Topic,topic_separator,Past Indefinite Tense,,,,,,1
q_9_eng_b_voice_0226,1,ENGLISH_B | Active and Passive Voice | Past Indefinite Tense,Grammar,active_passive,Past Indefinite Tense,Active,The teacher explained the lesson in class.,Easy,1,PRO,1
q_9_eng_b_voice_0227,1,ENGLISH_B | Active and Passive Voice | Past Indefinite Tense,Grammar,active_passive,Past Indefinite Tense,Active,The students completed the assignments on time.,Easy,1,PRO,1
q_9_eng_b_voice_0228,1,ENGLISH_B | Active and Passive Voice | Past Indefinite Tense,Grammar,active_passive,Past Indefinite Tense,Active,The mechanic repaired the car in the workshop.,Easy,1,PRO,1
q_9_eng_b_voice_0229,1,ENGLISH_B | Active and Passive Voice | Past Indefinite Tense,Grammar,active_passive,Past Indefinite Tense,Active,The workers built the bridge over the river.,Easy,1,PRO,1
q_9_eng_b_voice_0230,1,ENGLISH_B | Active and Passive Voice | Past Indefinite Tense,Grammar,active_passive,Past Indefinite Tense,Active,The chef prepared the meal for the guests.,Easy,1,PRO,1
q_9_eng_b_voice_0231,1,ENGLISH_B | Active and Passive Voice | Past Indefinite Tense,Grammar,active_passive,Past Indefinite Tense,Active,The nurse assisted the patient in the ward.,Easy,1,PRO,1
q_9_eng_b_voice_0232,1,ENGLISH_B | Active and Passive Voice | Past Indefinite Tense,Grammar,active_passive,Past Indefinite Tense,Active,The police arrested the thief near the station.,Easy,1,PRO,1
q_9_eng_b_voice_0233,1,ENGLISH_B | Active and Passive Voice | Past Indefinite Tense,Grammar,active_passive,Past Indefinite Tense,Active,The committee approved the proposal after discussion.,Easy,1,PRO,1
q_9_eng_b_voice_0234,1,ENGLISH_B | Active and Passive Voice | Past Indefinite Tense,Grammar,active_passive,Past Indefinite Tense,Active,The manager signed the documents in the office.,Easy,1,PRO,1
q_9_eng_b_voice_0235,1,ENGLISH_B | Active and Passive Voice | Past Indefinite Tense,Grammar,active_passive,Past Indefinite Tense,Active,The farmers grew wheat in the fields.,Easy,1,PRO,1
q_9_eng_b_voice_0236,1,ENGLISH_B | Active and Passive Voice | Past Indefinite Tense,Grammar,active_passive,Past Indefinite Tense,Active,The artist painted the portrait in the studio.,Easy,1,PRO,1
q_9_eng_b_voice_0237,1,ENGLISH_B | Active and Passive Voice | Past Indefinite Tense,Grammar,active_passive,Past Indefinite Tense,Active,The carpenter made the table from wood.,Easy,1,PRO,1
q_9_eng_b_voice_0238,1,ENGLISH_B | Active and Passive Voice | Past Indefinite Tense,Grammar,active_passive,Past Indefinite Tense,Active,The librarian issued the books to the students.,Easy,1,PRO,1
q_9_eng_b_voice_0239,1,ENGLISH_B | Active and Passive Voice | Past Indefinite Tense,Grammar,active_passive,Past Indefinite Tense,Active,The postman delivered the letters in the morning.,Easy,1,PRO,1
q_9_eng_b_voice_0240,1,ENGLISH_B | Active and Passive Voice | Past Indefinite Tense,Grammar,active_passive,Past Indefinite Tense,Active,The volunteers cleaned the park on Sunday.,Easy,1,PRO,1
q_9_eng_b_voice_0241,1,ENGLISH_B | Active and Passive Voice | Past Indefinite Tense,Grammar,active_passive,Past Indefinite Tense,Active,The engineers designed the machine for the factory.,Easy,1,PRO,1
q_9_eng_b_voice_0242,1,ENGLISH_B | Active and Passive Voice | Past Indefinite Tense,Grammar,active_passive,Past Indefinite Tense,Active,The doctor examined the patient carefully.,Easy,1,PRO,1
q_9_eng_b_voice_0243,1,ENGLISH_B | Active and Passive Voice | Past Indefinite Tense,Grammar,active_passive,Past Indefinite Tense,Active,The mother baked the cake for the birthday.,Easy,1,PRO,1
q_9_eng_b_voice_0244,1,ENGLISH_B | Active and Passive Voice | Past Indefinite Tense,Grammar,active_passive,Past Indefinite Tense,Active,The principal announced the results at the assembly.,Easy,1,PRO,1
q_9_eng_b_voice_0245,1,ENGLISH_B | Active and Passive Voice | Past Indefinite Tense,Grammar,active_passive,Past Indefinite Tense,Active,The company launched the product next month.,Easy,1,PRO,1
q_9_eng_b_voice_0246,1,ENGLISH_B | Active and Passive Voice | Past Indefinite Tense,Grammar,active_passive,Past Indefinite Tense,Active,The scientists conducted the experiment in the laboratory.,Easy,1,PRO,1
q_9_eng_b_voice_0247,1,ENGLISH_B | Active and Passive Voice | Past Indefinite Tense,Grammar,active_passive,Past Indefinite Tense,Active,The gardener watered the plants every morning.,Easy,1,PRO,1
q_9_eng_b_voice_0249,1,ENGLISH_B | Active and Passive Voice | Past Indefinite Tense,Grammar,active_passive,Past Indefinite Tense,Active,The mason did not construct the wall around the garden.,Medium,1,ULTRA,1
q_9_eng_b_voice_0250,1,ENGLISH_B | Active and Passive Voice | Past Indefinite Tense,Grammar,active_passive,Past Indefinite Tense,Active,The reporter did not write the article for the newspaper.,Medium,1,ULTRA,1
q_9_eng_b_voice_0251,1,ENGLISH_B | Active and Passive Voice | Past Indefinite Tense,Grammar,active_passive,Past Indefinite Tense,Active,The publisher did not print the books for the schools.,Medium,1,ULTRA,1
q_9_eng_b_voice_0252,1,ENGLISH_B | Active and Passive Voice | Past Indefinite Tense,Grammar,active_passive,Past Indefinite Tense,Active,The school did not organize the competition in the hall.,Medium,1,ULTRA,1
q_9_eng_b_voice_0253,1,ENGLISH_B | Active and Passive Voice | Past Indefinite Tense,Grammar,active_passive,Past Indefinite Tense,Active,The judge did not hear the case in court.,Medium,1,ULTRA,1
q_9_eng_b_voice_0254,1,ENGLISH_B | Active and Passive Voice | Past Indefinite Tense,Grammar,active_passive,Past Indefinite Tense,Active,The coach did not train the players for the match.,Medium,1,ULTRA,1
q_9_eng_b_voice_0255,1,ENGLISH_B | Active and Passive Voice | Past Indefinite Tense,Grammar,active_passive,Past Indefinite Tense,Active,The shopkeeper did not pack the goods for the customer.,Medium,1,ULTRA,1
q_9_eng_b_voice_0256,1,ENGLISH_B | Active and Passive Voice | Past Indefinite Tense,Grammar,active_passive,Past Indefinite Tense,Active,Did the electrician fix the wires in the building?,Medium,1,ULTRA,1
q_9_eng_b_voice_0257,1,ENGLISH_B | Active and Passive Voice | Past Indefinite Tense,Grammar,active_passive,Past Indefinite Tense,Active,Did the plumber install the pipes in the house?,Medium,1,ULTRA,1
q_9_eng_b_voice_0258,1,ENGLISH_B | Active and Passive Voice | Past Indefinite Tense,Grammar,active_passive,Past Indefinite Tense,Active,Did the driver wash the bus before the trip?,Medium,1,ULTRA,1
q_9_eng_b_voice_0259,1,ENGLISH_B | Active and Passive Voice | Past Indefinite Tense,Grammar,active_passive,Past Indefinite Tense,Active,Did the team win the trophy in the final?,Medium,1,ULTRA,1
q_9_eng_b_voice_0260,1,ENGLISH_B | Active and Passive Voice | Past Indefinite Tense,Grammar,active_passive,Past Indefinite Tense,Active,Did the clerk check the forms at the counter?,Medium,1,ULTRA,1
q_9_eng_b_voice_0261,1,ENGLISH_B | Active and Passive Voice | Past Indefinite Tense,Grammar,active_passive,Past Indefinite Tense,Active,Who wrote this letter?,Hard,1,ELITE,1
q_9_eng_b_voice_0262,1,ENGLISH_B | Active and Passive Voice | Past Indefinite Tense,Grammar,active_passive,Past Indefinite Tense,Active,Who repaired the machine yesterday?,Hard,1,ELITE,1
q_9_eng_b_voice_0263,1,ENGLISH_B | Active and Passive Voice | Past Indefinite Tense,Grammar,active_passive,Past Indefinite Tense,Active,Who opened the gate?,Hard,1,ELITE,1
q_9_eng_b_voice_0264,1,ENGLISH_B | Active and Passive Voice | Past Indefinite Tense,Grammar,active_passive,Past Indefinite Tense,Active,Who announced the result?,Hard,1,ELITE,1
q_9_eng_b_voice_0265,1,ENGLISH_B | Active and Passive Voice | Past Indefinite Tense,Grammar,active_passive,Past Indefinite Tense,Active,Who planted these trees?,Hard,1,ELITE,1
q_9_eng_b_voice_0266,1,ENGLISH_B | Active and Passive Voice | Past Indefinite Tense,Grammar,active_passive,Past Indefinite Tense,Passive,The meeting was cancelled by the administration because of the rain.,Easy,1,PRO,1
q_9_eng_b_voice_0267,1,ENGLISH_B | Active and Passive Voice | Past Indefinite Tense,Grammar,active_passive,Past Indefinite Tense,Passive,The loan was offered by the bank to the farmer.,Easy,1,PRO,1
q_9_eng_b_voice_0268,1,ENGLISH_B | Active and Passive Voice | Past Indefinite Tense,Grammar,active_passive,Past Indefinite Tense,Passive,The food packets were distributed by the charity among the families.,Easy,1,PRO,1
q_9_eng_b_voice_0269,1,ENGLISH_B | Active and Passive Voice | Past Indefinite Tense,Grammar,active_passive,Past Indefinite Tense,Passive,The hospitals were built by the government in the district.,Easy,1,PRO,1
q_9_eng_b_voice_0270,1,ENGLISH_B | Active and Passive Voice | Past Indefinite Tense,Grammar,active_passive,Past Indefinite Tense,Passive,The workers were hired by the company for the project.,Easy,1,PRO,1
q_9_eng_b_voice_0271,1,ENGLISH_B | Active and Passive Voice | Past Indefinite Tense,Grammar,active_passive,Past Indefinite Tense,Passive,The scholarships were awarded by the school to deserving students.,Easy,1,PRO,1
q_9_eng_b_voice_0272,1,ENGLISH_B | Active and Passive Voice | Past Indefinite Tense,Grammar,active_passive,Past Indefinite Tense,Passive,The trees were planted by the council along the road.,Easy,1,PRO,1
q_9_eng_b_voice_0273,1,ENGLISH_B | Active and Passive Voice | Past Indefinite Tense,Grammar,active_passive,Past Indefinite Tense,Passive,The traffic was stopped by the police near the market.,Easy,1,PRO,1
q_9_eng_b_voice_0274,1,ENGLISH_B | Active and Passive Voice | Past Indefinite Tense,Grammar,active_passive,Past Indefinite Tense,Passive,The performer was applauded by the audience after the show.,Easy,1,PRO,1
q_9_eng_b_voice_0275,1,ENGLISH_B | Active and Passive Voice | Past Indefinite Tense,Grammar,active_passive,Past Indefinite Tense,Passive,The bill was paid by the customer online.,Easy,1,PRO,1
q_9_eng_b_voice_0276,1,ENGLISH_B | Active and Passive Voice | Past Indefinite Tense,Grammar,active_passive,Past Indefinite Tense,Passive,The problem was solved by the student without help.,Easy,1,PRO,1
q_9_eng_b_voice_0277,1,ENGLISH_B | Active and Passive Voice | Past Indefinite Tense,Grammar,active_passive,Past Indefinite Tense,Passive,The data was collected by the researcher from the villages.,Easy,1,PRO,1
q_9_eng_b_voice_0278,1,ENGLISH_B | Active and Passive Voice | Past Indefinite Tense,Grammar,active_passive,Past Indefinite Tense,Passive,The pictures were taken by the photographer at the event.,Easy,1,PRO,1
q_9_eng_b_voice_0279,1,ENGLISH_B | Active and Passive Voice | Past Indefinite Tense,Grammar,active_passive,Past Indefinite Tense,Passive,The bread was sold by the baker in the morning.,Easy,1,PRO,1
q_9_eng_b_voice_0280,1,ENGLISH_B | Active and Passive Voice | Past Indefinite Tense,Grammar,active_passive,Past Indefinite Tense,Passive,The cars were produced by the factory for the market.,Easy,1,PRO,1
q_9_eng_b_voice_0281,1,ENGLISH_B | Active and Passive Voice | Past Indefinite Tense,Grammar,active_passive,Past Indefinite Tense,Passive,The artifacts were displayed by the museum in the gallery.,Easy,1,PRO,1
q_9_eng_b_voice_0282,1,ENGLISH_B | Active and Passive Voice | Past Indefinite Tense,Grammar,active_passive,Past Indefinite Tense,Passive,The crops were harvested by the farmers in autumn.,Easy,1,PRO,1
q_9_eng_b_voice_0283,1,ENGLISH_B | Active and Passive Voice | Past Indefinite Tense,Grammar,active_passive,Past Indefinite Tense,Passive,The report was submitted by the team before the deadline.,Easy,1,PRO,1
q_9_eng_b_voice_0284,1,ENGLISH_B | Active and Passive Voice | Past Indefinite Tense,Grammar,active_passive,Past Indefinite Tense,Passive,The minutes were recorded by the secretary during the meeting.,Easy,1,PRO,1
q_9_eng_b_voice_0285,1,ENGLISH_B | Active and Passive Voice | Past Indefinite Tense,Grammar,active_passive,Past Indefinite Tense,Passive,The parcels were carried by the courier to the office.,Easy,1,PRO,1
q_9_eng_b_voice_0286,1,ENGLISH_B | Active and Passive Voice | Past Indefinite Tense,Grammar,active_passive,Past Indefinite Tense,Passive,The operation was not performed by the surgeon successfully.,Medium,1,ULTRA,1
q_9_eng_b_voice_0287,1,ENGLISH_B | Active and Passive Voice | Past Indefinite Tense,Grammar,active_passive,Past Indefinite Tense,Passive,The animals were not rescued by the volunteers from the flood.,Medium,1,ULTRA,1
q_9_eng_b_voice_0288,1,ENGLISH_B | Active and Passive Voice | Past Indefinite Tense,Grammar,active_passive,Past Indefinite Tense,Passive,The question was not asked by the teacher during the lesson.,Medium,1,ULTRA,1
q_9_eng_b_voice_0289,1,ENGLISH_B | Active and Passive Voice | Past Indefinite Tense,Grammar,active_passive,Past Indefinite Tense,Passive,The questions were not answered by the students confidently.,Medium,1,ULTRA,1
q_9_eng_b_voice_0290,1,ENGLISH_B | Active and Passive Voice | Past Indefinite Tense,Grammar,active_passive,Past Indefinite Tense,Passive,The law was not enforced by the government strictly.,Medium,1,ULTRA,1
q_9_eng_b_voice_0291,1,ENGLISH_B | Active and Passive Voice | Past Indefinite Tense,Grammar,active_passive,Past Indefinite Tense,Passive,Was the manuscript reviewed by the editor carefully?,Medium,1,ULTRA,1
q_9_eng_b_voice_0292,1,ENGLISH_B | Active and Passive Voice | Past Indefinite Tense,Grammar,active_passive,Past Indefinite Tense,Passive,Was the document translated by the translator into English?,Medium,1,ULTRA,1
q_9_eng_b_voice_0293,1,ENGLISH_B | Active and Passive Voice | Past Indefinite Tense,Grammar,active_passive,Past Indefinite Tense,Passive,Was the software updated by the technician on the computers?,Medium,1,ULTRA,1
q_9_eng_b_voice_0294,1,ENGLISH_B | Active and Passive Voice | Past Indefinite Tense,Grammar,active_passive,Past Indefinite Tense,Passive,Were the candidates selected by the committee for the interview?,Medium,1,ULTRA,1
q_9_eng_b_voice_0295,1,ENGLISH_B | Active and Passive Voice | Past Indefinite Tense,Grammar,active_passive,Past Indefinite Tense,Passive,Was the complaint investigated by the police quickly?,Medium,1,ULTRA,1
q_9_eng_b_voice_0296,1,ENGLISH_B | Active and Passive Voice | Past Indefinite Tense,Grammar,active_passive,Past Indefinite Tense,Passive,By whom was this letter written?,Hard,1,ELITE,1
q_9_eng_b_voice_0297,1,ENGLISH_B | Active and Passive Voice | Past Indefinite Tense,Grammar,active_passive,Past Indefinite Tense,Passive,By whom was the machine repaired yesterday?,Hard,1,ELITE,1
q_9_eng_b_voice_0298,1,ENGLISH_B | Active and Passive Voice | Past Indefinite Tense,Grammar,active_passive,Past Indefinite Tense,Passive,By whom was the gate opened?,Hard,1,ELITE,1
q_9_eng_b_voice_0299,1,ENGLISH_B | Active and Passive Voice | Past Indefinite Tense,Grammar,active_passive,Past Indefinite Tense,Passive,By whom was the result announced?,Hard,1,ELITE,1
q_9_eng_b_voice_0300,1,ENGLISH_B | Active and Passive Voice | Past Indefinite Tense,Grammar,active_passive,Past Indefinite Tense,Passive,By whom were these trees planted?,Hard,1,ELITE,1
sep_9_eng_b_voice_past_004,1,ENGLISH_B | Active and Passive Voice | Past Indefinite Tense | Past Paper,Topic,topic_separator,Past Indefinite Tense,,,,,,1
q_9_eng_b_voice_past_0030,1,ENGLISH_B | Active and Passive Voice | Past Indefinite Tense | Past Paper | 2024 Morning,Grammar,active_passive,Past Indefinite Tense,Active,A car ran over an old man.,Easy,1,PRO,1
q_9_eng_b_voice_past_0031,1,ENGLISH_B | Active and Passive Voice | Past Indefinite Tense | Past Paper | 2020 Evening; 2022 Evening,Grammar,active_passive,Past Indefinite Tense,Active,He took away my books.,Easy,1,ULTRA,1
q_9_eng_b_voice_past_0032,1,ENGLISH_B | Active and Passive Voice | Past Indefinite Tense | Past Paper | 2013 Evening,Grammar,active_passive,Past Indefinite Tense,Active,I did not paint the wall.,Medium,1,PRO,1
q_9_eng_b_voice_past_0033,1,ENGLISH_B | Active and Passive Voice | Past Indefinite Tense | Past Paper | 2021 Evening,Grammar,active_passive,Past Indefinite Tense,Active,I punished him.,Easy,1,PRO,1
q_9_eng_b_voice_past_0034,1,ENGLISH_B | Active and Passive Voice | Past Indefinite Tense | Past Paper | 2021 Evening,Grammar,active_passive,Past Indefinite Tense,Active,She bought a book.,Easy,1,PRO,1
q_9_eng_b_voice_past_0035,1,ENGLISH_B | Active and Passive Voice | Past Indefinite Tense | Past Paper | 2015 Evening; 2024 Morning,Grammar,active_passive,Past Indefinite Tense,Active,She gave me five films.,Easy,1,ULTRA,1
q_9_eng_b_voice_past_0036,1,ENGLISH_B | Active and Passive Voice | Past Indefinite Tense | Past Paper | 2016 Morning,Grammar,active_passive,Past Indefinite Tense,Active,The driver opened the door of the car.,Easy,1,PRO,1
q_9_eng_b_voice_past_0037,1,ENGLISH_B | Active and Passive Voice | Past Indefinite Tense | Past Paper | 2020 Morning; 2022 Morning,Grammar,active_passive,Past Indefinite Tense,Active,The sudden noise frightened the child.,Easy,1,ULTRA,1
q_9_eng_b_voice_past_0038,1,ENGLISH_B | Active and Passive Voice | Past Indefinite Tense | Past Paper | 2014 Evening; 2018 Evening,Grammar,active_passive,Past Indefinite Tense,Active,They caught the thief.,Easy,1,ULTRA,1
q_9_eng_b_voice_0248,1,ENGLISH_B | Active and Passive Voice | Past Indefinite Tense | Past Paper | 2015 Evening,Grammar,active_passive,Past Indefinite Tense,Active,We did not hear a sound.,Medium,1,PRO,1
q_9_eng_b_voice_past_0039,1,ENGLISH_B | Active and Passive Voice | Past Indefinite Tense | Past Paper | 2016 Morning; 2022 Morning; 2023 Evening,Grammar,active_passive,Past Indefinite Tense,Active,Why did she write such a letter?,Hard,1,ULTRA,1
q_9_eng_b_voice_past_0040,1,ENGLISH_B | Active and Passive Voice | Past Indefinite Tense | Past Paper | 2021 Evening,Grammar,active_passive,Past Indefinite Tense,Active,Why did you help him?,Hard,1,PRO,1
q_9_eng_b_voice_past_0041,1,ENGLISH_B | Active and Passive Voice | Past Indefinite Tense | Past Paper | 2018 Morning,Grammar,active_passive,Past Indefinite Tense,Passive,I was given five films by her.,Medium,1,PRO,1
q_9_eng_b_voice_past_0042,1,ENGLISH_B | Active and Passive Voice | Past Indefinite Tense | Past Paper | 2020 Evening,Grammar,active_passive,Past Indefinite Tense,Passive,Why was such a letter written by her?,Hard,1,PRO,1
sep_9_eng_b_voice_updated_005,1,ENGLISH_B | Active and Passive Voice | Past Continuous Tense,Topic,topic_separator,Past Continuous Tense,,,,,,1
q_9_eng_b_voice_0301,1,ENGLISH_B | Active and Passive Voice | Past Continuous Tense,Grammar,active_passive,Past Continuous Tense,Active,The teacher was explaining the lesson in class.,Easy,1,PRO,1
q_9_eng_b_voice_0302,1,ENGLISH_B | Active and Passive Voice | Past Continuous Tense,Grammar,active_passive,Past Continuous Tense,Active,The students were completing the assignments on time.,Easy,1,PRO,1
q_9_eng_b_voice_0303,1,ENGLISH_B | Active and Passive Voice | Past Continuous Tense,Grammar,active_passive,Past Continuous Tense,Active,The mechanic was repairing the car in the workshop.,Easy,1,PRO,1
q_9_eng_b_voice_0304,1,ENGLISH_B | Active and Passive Voice | Past Continuous Tense,Grammar,active_passive,Past Continuous Tense,Active,The workers were building the bridge over the river.,Easy,1,PRO,1
q_9_eng_b_voice_0305,1,ENGLISH_B | Active and Passive Voice | Past Continuous Tense,Grammar,active_passive,Past Continuous Tense,Active,The chef was preparing the meal for the guests.,Easy,1,PRO,1
q_9_eng_b_voice_0306,1,ENGLISH_B | Active and Passive Voice | Past Continuous Tense,Grammar,active_passive,Past Continuous Tense,Active,The nurse was assisting the patient in the ward.,Easy,1,PRO,1
q_9_eng_b_voice_0307,1,ENGLISH_B | Active and Passive Voice | Past Continuous Tense,Grammar,active_passive,Past Continuous Tense,Active,The police were arresting the thief near the station.,Easy,1,PRO,1
q_9_eng_b_voice_0308,1,ENGLISH_B | Active and Passive Voice | Past Continuous Tense,Grammar,active_passive,Past Continuous Tense,Active,The committee was approving the proposal after discussion.,Easy,1,PRO,1
q_9_eng_b_voice_0309,1,ENGLISH_B | Active and Passive Voice | Past Continuous Tense,Grammar,active_passive,Past Continuous Tense,Active,The manager was signing the documents in the office.,Easy,1,PRO,1
q_9_eng_b_voice_0310,1,ENGLISH_B | Active and Passive Voice | Past Continuous Tense,Grammar,active_passive,Past Continuous Tense,Active,The farmers were growing wheat in the fields.,Easy,1,PRO,1
q_9_eng_b_voice_0311,1,ENGLISH_B | Active and Passive Voice | Past Continuous Tense,Grammar,active_passive,Past Continuous Tense,Active,The artist was painting the portrait in the studio.,Easy,1,PRO,1
q_9_eng_b_voice_0312,1,ENGLISH_B | Active and Passive Voice | Past Continuous Tense,Grammar,active_passive,Past Continuous Tense,Active,The carpenter was making the table from wood.,Easy,1,PRO,1
q_9_eng_b_voice_0313,1,ENGLISH_B | Active and Passive Voice | Past Continuous Tense,Grammar,active_passive,Past Continuous Tense,Active,The librarian was issuing the books to the students.,Easy,1,PRO,1
q_9_eng_b_voice_0314,1,ENGLISH_B | Active and Passive Voice | Past Continuous Tense,Grammar,active_passive,Past Continuous Tense,Active,The postman was delivering the letters in the morning.,Easy,1,PRO,1
q_9_eng_b_voice_0315,1,ENGLISH_B | Active and Passive Voice | Past Continuous Tense,Grammar,active_passive,Past Continuous Tense,Active,The volunteers were cleaning the park on Sunday.,Easy,1,PRO,1
q_9_eng_b_voice_0316,1,ENGLISH_B | Active and Passive Voice | Past Continuous Tense,Grammar,active_passive,Past Continuous Tense,Active,The engineers were designing the machine for the factory.,Easy,1,PRO,1
q_9_eng_b_voice_0317,1,ENGLISH_B | Active and Passive Voice | Past Continuous Tense,Grammar,active_passive,Past Continuous Tense,Active,The doctor was examining the patient carefully.,Easy,1,PRO,1
q_9_eng_b_voice_0318,1,ENGLISH_B | Active and Passive Voice | Past Continuous Tense,Grammar,active_passive,Past Continuous Tense,Active,The mother was baking the cake for the birthday.,Easy,1,PRO,1
q_9_eng_b_voice_0319,1,ENGLISH_B | Active and Passive Voice | Past Continuous Tense,Grammar,active_passive,Past Continuous Tense,Active,The principal was announcing the results at the assembly.,Easy,1,PRO,1
q_9_eng_b_voice_0320,1,ENGLISH_B | Active and Passive Voice | Past Continuous Tense,Grammar,active_passive,Past Continuous Tense,Active,The company was launching the product next month.,Easy,1,PRO,1
q_9_eng_b_voice_0321,1,ENGLISH_B | Active and Passive Voice | Past Continuous Tense,Grammar,active_passive,Past Continuous Tense,Active,The scientists were conducting the experiment in the laboratory.,Easy,1,PRO,1
q_9_eng_b_voice_0322,1,ENGLISH_B | Active and Passive Voice | Past Continuous Tense,Grammar,active_passive,Past Continuous Tense,Active,The gardener was watering the plants every morning.,Easy,1,PRO,1
q_9_eng_b_voice_0323,1,ENGLISH_B | Active and Passive Voice | Past Continuous Tense,Grammar,active_passive,Past Continuous Tense,Active,The tailor was not stitching the uniforms for the team.,Medium,1,ULTRA,1
q_9_eng_b_voice_0324,1,ENGLISH_B | Active and Passive Voice | Past Continuous Tense,Grammar,active_passive,Past Continuous Tense,Active,The mason was not constructing the wall around the garden.,Medium,1,ULTRA,1
q_9_eng_b_voice_0325,1,ENGLISH_B | Active and Passive Voice | Past Continuous Tense,Grammar,active_passive,Past Continuous Tense,Active,The reporter was not writing the article for the newspaper.,Medium,1,ULTRA,1
q_9_eng_b_voice_0326,1,ENGLISH_B | Active and Passive Voice | Past Continuous Tense,Grammar,active_passive,Past Continuous Tense,Active,The publisher was not printing the books for the schools.,Medium,1,ULTRA,1
q_9_eng_b_voice_0327,1,ENGLISH_B | Active and Passive Voice | Past Continuous Tense,Grammar,active_passive,Past Continuous Tense,Active,The school was not organizing the competition in the hall.,Medium,1,ULTRA,1
q_9_eng_b_voice_0328,1,ENGLISH_B | Active and Passive Voice | Past Continuous Tense,Grammar,active_passive,Past Continuous Tense,Active,The judge was not hearing the case in court.,Medium,1,ULTRA,1
q_9_eng_b_voice_0329,1,ENGLISH_B | Active and Passive Voice | Past Continuous Tense,Grammar,active_passive,Past Continuous Tense,Active,The coach was not training the players for the match.,Medium,1,ULTRA,1
q_9_eng_b_voice_0330,1,ENGLISH_B | Active and Passive Voice | Past Continuous Tense,Grammar,active_passive,Past Continuous Tense,Active,The shopkeeper was not packing the goods for the customer.,Medium,1,ULTRA,1
q_9_eng_b_voice_0331,1,ENGLISH_B | Active and Passive Voice | Past Continuous Tense,Grammar,active_passive,Past Continuous Tense,Active,Was the electrician fixing the wires in the building?,Medium,1,ULTRA,1
q_9_eng_b_voice_0332,1,ENGLISH_B | Active and Passive Voice | Past Continuous Tense,Grammar,active_passive,Past Continuous Tense,Active,Was the plumber installing the pipes in the house?,Medium,1,ULTRA,1
q_9_eng_b_voice_0333,1,ENGLISH_B | Active and Passive Voice | Past Continuous Tense,Grammar,active_passive,Past Continuous Tense,Active,Was the driver washing the bus before the trip?,Medium,1,ULTRA,1
q_9_eng_b_voice_0334,1,ENGLISH_B | Active and Passive Voice | Past Continuous Tense,Grammar,active_passive,Past Continuous Tense,Active,Was the team winning the trophy in the final?,Medium,1,ULTRA,1
q_9_eng_b_voice_0335,1,ENGLISH_B | Active and Passive Voice | Past Continuous Tense,Grammar,active_passive,Past Continuous Tense,Active,Was the clerk checking the forms at the counter?,Medium,1,ULTRA,1
q_9_eng_b_voice_0336,1,ENGLISH_B | Active and Passive Voice | Past Continuous Tense,Grammar,active_passive,Past Continuous Tense,Active,Who was checking the papers?,Hard,1,ELITE,1
q_9_eng_b_voice_0337,1,ENGLISH_B | Active and Passive Voice | Past Continuous Tense,Grammar,active_passive,Past Continuous Tense,Active,Who was repairing the road?,Hard,1,ELITE,1
q_9_eng_b_voice_0338,1,ENGLISH_B | Active and Passive Voice | Past Continuous Tense,Grammar,active_passive,Past Continuous Tense,Active,Who was preparing the meal?,Hard,1,ELITE,1
q_9_eng_b_voice_0339,1,ENGLISH_B | Active and Passive Voice | Past Continuous Tense,Grammar,active_passive,Past Continuous Tense,Active,Who was painting the wall?,Hard,1,ELITE,1
q_9_eng_b_voice_0340,1,ENGLISH_B | Active and Passive Voice | Past Continuous Tense,Grammar,active_passive,Past Continuous Tense,Active,Who was interviewing the candidates?,Hard,1,ELITE,1
q_9_eng_b_voice_0341,1,ENGLISH_B | Active and Passive Voice | Past Continuous Tense,Grammar,active_passive,Past Continuous Tense,Passive,The meeting was being cancelled by the administration because of the rain.,Easy,1,PRO,1
q_9_eng_b_voice_0342,1,ENGLISH_B | Active and Passive Voice | Past Continuous Tense,Grammar,active_passive,Past Continuous Tense,Passive,The loan was being offered by the bank to the farmer.,Easy,1,PRO,1
q_9_eng_b_voice_0343,1,ENGLISH_B | Active and Passive Voice | Past Continuous Tense,Grammar,active_passive,Past Continuous Tense,Passive,The food packets were being distributed by the charity among the families.,Easy,1,PRO,1
q_9_eng_b_voice_0344,1,ENGLISH_B | Active and Passive Voice | Past Continuous Tense,Grammar,active_passive,Past Continuous Tense,Passive,The hospitals were being built by the government in the district.,Easy,1,PRO,1
q_9_eng_b_voice_0345,1,ENGLISH_B | Active and Passive Voice | Past Continuous Tense,Grammar,active_passive,Past Continuous Tense,Passive,The workers were being hired by the company for the project.,Easy,1,PRO,1
q_9_eng_b_voice_0346,1,ENGLISH_B | Active and Passive Voice | Past Continuous Tense,Grammar,active_passive,Past Continuous Tense,Passive,The scholarships were being awarded by the school to deserving students.,Easy,1,PRO,1
q_9_eng_b_voice_0347,1,ENGLISH_B | Active and Passive Voice | Past Continuous Tense,Grammar,active_passive,Past Continuous Tense,Passive,The trees were being planted by the council along the road.,Easy,1,PRO,1
q_9_eng_b_voice_0348,1,ENGLISH_B | Active and Passive Voice | Past Continuous Tense,Grammar,active_passive,Past Continuous Tense,Passive,The traffic was being stopped by the police near the market.,Easy,1,PRO,1
q_9_eng_b_voice_0349,1,ENGLISH_B | Active and Passive Voice | Past Continuous Tense,Grammar,active_passive,Past Continuous Tense,Passive,The performer was being applauded by the audience after the show.,Easy,1,PRO,1
q_9_eng_b_voice_0350,1,ENGLISH_B | Active and Passive Voice | Past Continuous Tense,Grammar,active_passive,Past Continuous Tense,Passive,The bill was being paid by the customer online.,Easy,1,PRO,1
q_9_eng_b_voice_0351,1,ENGLISH_B | Active and Passive Voice | Past Continuous Tense,Grammar,active_passive,Past Continuous Tense,Passive,The problem was being solved by the student without help.,Easy,1,PRO,1
q_9_eng_b_voice_0352,1,ENGLISH_B | Active and Passive Voice | Past Continuous Tense,Grammar,active_passive,Past Continuous Tense,Passive,The data was being collected by the researcher from the villages.,Easy,1,PRO,1
q_9_eng_b_voice_0353,1,ENGLISH_B | Active and Passive Voice | Past Continuous Tense,Grammar,active_passive,Past Continuous Tense,Passive,The pictures were being taken by the photographer at the event.,Easy,1,PRO,1
q_9_eng_b_voice_0354,1,ENGLISH_B | Active and Passive Voice | Past Continuous Tense,Grammar,active_passive,Past Continuous Tense,Passive,The bread was being sold by the baker in the morning.,Easy,1,PRO,1
q_9_eng_b_voice_0355,1,ENGLISH_B | Active and Passive Voice | Past Continuous Tense,Grammar,active_passive,Past Continuous Tense,Passive,The cars were being produced by the factory for the market.,Easy,1,PRO,1
q_9_eng_b_voice_0356,1,ENGLISH_B | Active and Passive Voice | Past Continuous Tense,Grammar,active_passive,Past Continuous Tense,Passive,The artifacts were being displayed by the museum in the gallery.,Easy,1,PRO,1
q_9_eng_b_voice_0357,1,ENGLISH_B | Active and Passive Voice | Past Continuous Tense,Grammar,active_passive,Past Continuous Tense,Passive,The crops were being harvested by the farmers in autumn.,Easy,1,PRO,1
q_9_eng_b_voice_0358,1,ENGLISH_B | Active and Passive Voice | Past Continuous Tense,Grammar,active_passive,Past Continuous Tense,Passive,The report was being submitted by the team before the deadline.,Easy,1,PRO,1
q_9_eng_b_voice_0359,1,ENGLISH_B | Active and Passive Voice | Past Continuous Tense,Grammar,active_passive,Past Continuous Tense,Passive,The minutes were being recorded by the secretary during the meeting.,Easy,1,PRO,1
q_9_eng_b_voice_0360,1,ENGLISH_B | Active and Passive Voice | Past Continuous Tense,Grammar,active_passive,Past Continuous Tense,Passive,The parcels were being carried by the courier to the office.,Easy,1,PRO,1
q_9_eng_b_voice_0361,1,ENGLISH_B | Active and Passive Voice | Past Continuous Tense,Grammar,active_passive,Past Continuous Tense,Passive,The operation was not being performed by the surgeon successfully.,Medium,1,ULTRA,1
q_9_eng_b_voice_0362,1,ENGLISH_B | Active and Passive Voice | Past Continuous Tense,Grammar,active_passive,Past Continuous Tense,Passive,The animals were not being rescued by the volunteers from the flood.,Medium,1,ULTRA,1
q_9_eng_b_voice_0363,1,ENGLISH_B | Active and Passive Voice | Past Continuous Tense,Grammar,active_passive,Past Continuous Tense,Passive,The question was not being asked by the teacher during the lesson.,Medium,1,ULTRA,1
q_9_eng_b_voice_0364,1,ENGLISH_B | Active and Passive Voice | Past Continuous Tense,Grammar,active_passive,Past Continuous Tense,Passive,The questions were not being answered by the students confidently.,Medium,1,ULTRA,1
q_9_eng_b_voice_0365,1,ENGLISH_B | Active and Passive Voice | Past Continuous Tense,Grammar,active_passive,Past Continuous Tense,Passive,The law was not being enforced by the government strictly.,Medium,1,ULTRA,1
q_9_eng_b_voice_0366,1,ENGLISH_B | Active and Passive Voice | Past Continuous Tense,Grammar,active_passive,Past Continuous Tense,Passive,Was the manuscript being reviewed by the editor carefully?,Medium,1,ULTRA,1
q_9_eng_b_voice_0367,1,ENGLISH_B | Active and Passive Voice | Past Continuous Tense,Grammar,active_passive,Past Continuous Tense,Passive,Was the document being translated by the translator into English?,Medium,1,ULTRA,1
q_9_eng_b_voice_0368,1,ENGLISH_B | Active and Passive Voice | Past Continuous Tense,Grammar,active_passive,Past Continuous Tense,Passive,Was the software being updated by the technician on the computers?,Medium,1,ULTRA,1
q_9_eng_b_voice_0369,1,ENGLISH_B | Active and Passive Voice | Past Continuous Tense,Grammar,active_passive,Past Continuous Tense,Passive,Were the candidates being selected by the committee for the interview?,Medium,1,ULTRA,1
q_9_eng_b_voice_0370,1,ENGLISH_B | Active and Passive Voice | Past Continuous Tense,Grammar,active_passive,Past Continuous Tense,Passive,Was the complaint being investigated by the police quickly?,Medium,1,ULTRA,1
q_9_eng_b_voice_0371,1,ENGLISH_B | Active and Passive Voice | Past Continuous Tense,Grammar,active_passive,Past Continuous Tense,Passive,By whom were the papers being checked?,Hard,1,ELITE,1
q_9_eng_b_voice_0372,1,ENGLISH_B | Active and Passive Voice | Past Continuous Tense,Grammar,active_passive,Past Continuous Tense,Passive,By whom was the road being repaired?,Hard,1,ELITE,1
q_9_eng_b_voice_0373,1,ENGLISH_B | Active and Passive Voice | Past Continuous Tense,Grammar,active_passive,Past Continuous Tense,Passive,By whom was the meal being prepared?,Hard,1,ELITE,1
q_9_eng_b_voice_0374,1,ENGLISH_B | Active and Passive Voice | Past Continuous Tense,Grammar,active_passive,Past Continuous Tense,Passive,By whom was the wall being painted?,Hard,1,ELITE,1
q_9_eng_b_voice_0375,1,ENGLISH_B | Active and Passive Voice | Past Continuous Tense,Grammar,active_passive,Past Continuous Tense,Passive,By whom were the candidates being interviewed?,Hard,1,ELITE,1
sep_9_eng_b_voice_past_005,1,ENGLISH_B | Active and Passive Voice | Past Continuous Tense | Past Paper,Topic,topic_separator,Past Continuous Tense,,,,,,1
q_9_eng_b_voice_past_0043,1,ENGLISH_B | Active and Passive Voice | Past Continuous Tense | Past Paper | 2018 Morning; 2018 Evening,Grammar,active_passive,Past Continuous Tense,Active,She was teaching the students.,Easy,1,ULTRA,1
q_9_eng_b_voice_past_0044,1,ENGLISH_B | Active and Passive Voice | Past Continuous Tense | Past Paper | 2017 Evening,Grammar,active_passive,Past Continuous Tense,Active,The teacher was helping the students.,Easy,1,PRO,1
q_9_eng_b_voice_past_0045,1,ENGLISH_B | Active and Passive Voice | Past Continuous Tense | Past Paper | 2020 Morning,Grammar,active_passive,Past Continuous Tense,Active,Why were they beating the boy?,Hard,1,PRO,1
q_9_eng_b_voice_past_0046,1,ENGLISH_B | Active and Passive Voice | Past Continuous Tense | Past Paper | 2016 Evening,Grammar,active_passive,Past Continuous Tense,Active,You were telling a story.,Easy,1,PRO,1
q_9_eng_b_voice_past_0047,1,ENGLISH_B | Active and Passive Voice | Past Continuous Tense | Past Paper | 2020 Morning,Grammar,active_passive,Past Continuous Tense,Passive,The students were being taught by her.,Medium,1,PRO,1
sep_9_eng_b_voice_updated_006,1,ENGLISH_B | Active and Passive Voice | Past Perfect Tense,Topic,topic_separator,Past Perfect Tense,,,,,,1
q_9_eng_b_voice_0376,1,ENGLISH_B | Active and Passive Voice | Past Perfect Tense,Grammar,active_passive,Past Perfect Tense,Active,The teacher had explained the lesson in class.,Easy,1,PRO,1
q_9_eng_b_voice_0377,1,ENGLISH_B | Active and Passive Voice | Past Perfect Tense,Grammar,active_passive,Past Perfect Tense,Active,The students had completed the assignments on time.,Easy,1,PRO,1
q_9_eng_b_voice_0378,1,ENGLISH_B | Active and Passive Voice | Past Perfect Tense,Grammar,active_passive,Past Perfect Tense,Active,The mechanic had repaired the car in the workshop.,Easy,1,PRO,1
q_9_eng_b_voice_0379,1,ENGLISH_B | Active and Passive Voice | Past Perfect Tense,Grammar,active_passive,Past Perfect Tense,Active,The workers had built the bridge over the river.,Easy,1,PRO,1
q_9_eng_b_voice_0380,1,ENGLISH_B | Active and Passive Voice | Past Perfect Tense,Grammar,active_passive,Past Perfect Tense,Active,The chef had prepared the meal for the guests.,Easy,1,PRO,1
q_9_eng_b_voice_0381,1,ENGLISH_B | Active and Passive Voice | Past Perfect Tense,Grammar,active_passive,Past Perfect Tense,Active,The nurse had assisted the patient in the ward.,Easy,1,PRO,1
q_9_eng_b_voice_0382,1,ENGLISH_B | Active and Passive Voice | Past Perfect Tense,Grammar,active_passive,Past Perfect Tense,Active,The police had arrested the thief near the station.,Easy,1,PRO,1
q_9_eng_b_voice_0383,1,ENGLISH_B | Active and Passive Voice | Past Perfect Tense,Grammar,active_passive,Past Perfect Tense,Active,The committee had approved the proposal after discussion.,Easy,1,PRO,1
q_9_eng_b_voice_0384,1,ENGLISH_B | Active and Passive Voice | Past Perfect Tense,Grammar,active_passive,Past Perfect Tense,Active,The manager had signed the documents in the office.,Easy,1,PRO,1
q_9_eng_b_voice_0385,1,ENGLISH_B | Active and Passive Voice | Past Perfect Tense,Grammar,active_passive,Past Perfect Tense,Active,The farmers had grown wheat in the fields.,Easy,1,PRO,1
q_9_eng_b_voice_0386,1,ENGLISH_B | Active and Passive Voice | Past Perfect Tense,Grammar,active_passive,Past Perfect Tense,Active,The artist had painted the portrait in the studio.,Easy,1,PRO,1
q_9_eng_b_voice_0387,1,ENGLISH_B | Active and Passive Voice | Past Perfect Tense,Grammar,active_passive,Past Perfect Tense,Active,The carpenter had made the table from wood.,Easy,1,PRO,1
q_9_eng_b_voice_0388,1,ENGLISH_B | Active and Passive Voice | Past Perfect Tense,Grammar,active_passive,Past Perfect Tense,Active,The librarian had issued the books to the students.,Easy,1,PRO,1
q_9_eng_b_voice_0389,1,ENGLISH_B | Active and Passive Voice | Past Perfect Tense,Grammar,active_passive,Past Perfect Tense,Active,The postman had delivered the letters in the morning.,Easy,1,PRO,1
q_9_eng_b_voice_0390,1,ENGLISH_B | Active and Passive Voice | Past Perfect Tense,Grammar,active_passive,Past Perfect Tense,Active,The volunteers had cleaned the park on Sunday.,Easy,1,PRO,1
q_9_eng_b_voice_0391,1,ENGLISH_B | Active and Passive Voice | Past Perfect Tense,Grammar,active_passive,Past Perfect Tense,Active,The engineers had designed the machine for the factory.,Easy,1,PRO,1
q_9_eng_b_voice_0392,1,ENGLISH_B | Active and Passive Voice | Past Perfect Tense,Grammar,active_passive,Past Perfect Tense,Active,The doctor had examined the patient carefully.,Easy,1,PRO,1
q_9_eng_b_voice_0393,1,ENGLISH_B | Active and Passive Voice | Past Perfect Tense,Grammar,active_passive,Past Perfect Tense,Active,The mother had baked the cake for the birthday.,Easy,1,PRO,1
q_9_eng_b_voice_0394,1,ENGLISH_B | Active and Passive Voice | Past Perfect Tense,Grammar,active_passive,Past Perfect Tense,Active,The principal had announced the results at the assembly.,Easy,1,PRO,1
q_9_eng_b_voice_0395,1,ENGLISH_B | Active and Passive Voice | Past Perfect Tense,Grammar,active_passive,Past Perfect Tense,Active,The company had launched the product next month.,Easy,1,PRO,1
q_9_eng_b_voice_0396,1,ENGLISH_B | Active and Passive Voice | Past Perfect Tense,Grammar,active_passive,Past Perfect Tense,Active,The scientists had conducted the experiment in the laboratory.,Easy,1,PRO,1
q_9_eng_b_voice_0397,1,ENGLISH_B | Active and Passive Voice | Past Perfect Tense,Grammar,active_passive,Past Perfect Tense,Active,The gardener had watered the plants every morning.,Easy,1,PRO,1
q_9_eng_b_voice_0398,1,ENGLISH_B | Active and Passive Voice | Past Perfect Tense,Grammar,active_passive,Past Perfect Tense,Active,The tailor had not stitched the uniforms for the team.,Medium,1,ULTRA,1
q_9_eng_b_voice_0399,1,ENGLISH_B | Active and Passive Voice | Past Perfect Tense,Grammar,active_passive,Past Perfect Tense,Active,The mason had not constructed the wall around the garden.,Medium,1,ULTRA,1
q_9_eng_b_voice_0400,1,ENGLISH_B | Active and Passive Voice | Past Perfect Tense,Grammar,active_passive,Past Perfect Tense,Active,The reporter had not written the article for the newspaper.,Medium,1,ULTRA,1
q_9_eng_b_voice_0401,1,ENGLISH_B | Active and Passive Voice | Past Perfect Tense,Grammar,active_passive,Past Perfect Tense,Active,The publisher had not printed the books for the schools.,Medium,1,ULTRA,1
q_9_eng_b_voice_0402,1,ENGLISH_B | Active and Passive Voice | Past Perfect Tense,Grammar,active_passive,Past Perfect Tense,Active,The school had not organized the competition in the hall.,Medium,1,ULTRA,1
q_9_eng_b_voice_0403,1,ENGLISH_B | Active and Passive Voice | Past Perfect Tense,Grammar,active_passive,Past Perfect Tense,Active,The judge had not heard the case in court.,Medium,1,ULTRA,1
q_9_eng_b_voice_0404,1,ENGLISH_B | Active and Passive Voice | Past Perfect Tense,Grammar,active_passive,Past Perfect Tense,Active,The coach had not trained the players for the match.,Medium,1,ULTRA,1
q_9_eng_b_voice_0405,1,ENGLISH_B | Active and Passive Voice | Past Perfect Tense,Grammar,active_passive,Past Perfect Tense,Active,The shopkeeper had not packed the goods for the customer.,Medium,1,ULTRA,1
q_9_eng_b_voice_0406,1,ENGLISH_B | Active and Passive Voice | Past Perfect Tense,Grammar,active_passive,Past Perfect Tense,Active,Had the electrician fixed the wires in the building?,Medium,1,ULTRA,1
q_9_eng_b_voice_0407,1,ENGLISH_B | Active and Passive Voice | Past Perfect Tense,Grammar,active_passive,Past Perfect Tense,Active,Had the plumber installed the pipes in the house?,Medium,1,ULTRA,1
q_9_eng_b_voice_0408,1,ENGLISH_B | Active and Passive Voice | Past Perfect Tense,Grammar,active_passive,Past Perfect Tense,Active,Had the driver washed the bus before the trip?,Medium,1,ULTRA,1
q_9_eng_b_voice_0409,1,ENGLISH_B | Active and Passive Voice | Past Perfect Tense,Grammar,active_passive,Past Perfect Tense,Active,Had the team won the trophy in the final?,Medium,1,ULTRA,1
q_9_eng_b_voice_0410,1,ENGLISH_B | Active and Passive Voice | Past Perfect Tense,Grammar,active_passive,Past Perfect Tense,Active,Had the clerk checked the forms at the counter?,Medium,1,ULTRA,1
q_9_eng_b_voice_0411,1,ENGLISH_B | Active and Passive Voice | Past Perfect Tense,Grammar,active_passive,Past Perfect Tense,Active,Who had completed the work before noon?,Hard,1,ELITE,1
q_9_eng_b_voice_0412,1,ENGLISH_B | Active and Passive Voice | Past Perfect Tense,Grammar,active_passive,Past Perfect Tense,Active,Who had prepared the report?,Hard,1,ELITE,1
q_9_eng_b_voice_0413,1,ENGLISH_B | Active and Passive Voice | Past Perfect Tense,Grammar,active_passive,Past Perfect Tense,Active,Who had closed the office?,Hard,1,ELITE,1
q_9_eng_b_voice_0414,1,ENGLISH_B | Active and Passive Voice | Past Perfect Tense,Grammar,active_passive,Past Perfect Tense,Active,Who had solved the problem?,Hard,1,ELITE,1
q_9_eng_b_voice_0415,1,ENGLISH_B | Active and Passive Voice | Past Perfect Tense,Grammar,active_passive,Past Perfect Tense,Active,Who had informed the principal?,Hard,1,ELITE,1
q_9_eng_b_voice_0416,1,ENGLISH_B | Active and Passive Voice | Past Perfect Tense,Grammar,active_passive,Past Perfect Tense,Passive,The meeting had been cancelled by the administration because of the rain.,Easy,1,PRO,1
q_9_eng_b_voice_0417,1,ENGLISH_B | Active and Passive Voice | Past Perfect Tense,Grammar,active_passive,Past Perfect Tense,Passive,The loan had been offered by the bank to the farmer.,Easy,1,PRO,1
q_9_eng_b_voice_0418,1,ENGLISH_B | Active and Passive Voice | Past Perfect Tense,Grammar,active_passive,Past Perfect Tense,Passive,The food packets had been distributed by the charity among the families.,Easy,1,PRO,1
q_9_eng_b_voice_0419,1,ENGLISH_B | Active and Passive Voice | Past Perfect Tense,Grammar,active_passive,Past Perfect Tense,Passive,The hospitals had been built by the government in the district.,Easy,1,PRO,1
q_9_eng_b_voice_0420,1,ENGLISH_B | Active and Passive Voice | Past Perfect Tense,Grammar,active_passive,Past Perfect Tense,Passive,The workers had been hired by the company for the project.,Easy,1,PRO,1
q_9_eng_b_voice_0421,1,ENGLISH_B | Active and Passive Voice | Past Perfect Tense,Grammar,active_passive,Past Perfect Tense,Passive,The scholarships had been awarded by the school to deserving students.,Easy,1,PRO,1
q_9_eng_b_voice_0422,1,ENGLISH_B | Active and Passive Voice | Past Perfect Tense,Grammar,active_passive,Past Perfect Tense,Passive,The trees had been planted by the council along the road.,Easy,1,PRO,1
q_9_eng_b_voice_0423,1,ENGLISH_B | Active and Passive Voice | Past Perfect Tense,Grammar,active_passive,Past Perfect Tense,Passive,The traffic had been stopped by the police near the market.,Easy,1,PRO,1
q_9_eng_b_voice_0424,1,ENGLISH_B | Active and Passive Voice | Past Perfect Tense,Grammar,active_passive,Past Perfect Tense,Passive,The performer had been applauded by the audience after the show.,Easy,1,PRO,1
q_9_eng_b_voice_0425,1,ENGLISH_B | Active and Passive Voice | Past Perfect Tense,Grammar,active_passive,Past Perfect Tense,Passive,The bill had been paid by the customer online.,Easy,1,PRO,1
q_9_eng_b_voice_0426,1,ENGLISH_B | Active and Passive Voice | Past Perfect Tense,Grammar,active_passive,Past Perfect Tense,Passive,The problem had been solved by the student without help.,Easy,1,PRO,1
q_9_eng_b_voice_0427,1,ENGLISH_B | Active and Passive Voice | Past Perfect Tense,Grammar,active_passive,Past Perfect Tense,Passive,The data had been collected by the researcher from the villages.,Easy,1,PRO,1
q_9_eng_b_voice_0428,1,ENGLISH_B | Active and Passive Voice | Past Perfect Tense,Grammar,active_passive,Past Perfect Tense,Passive,The pictures had been taken by the photographer at the event.,Easy,1,PRO,1
q_9_eng_b_voice_0429,1,ENGLISH_B | Active and Passive Voice | Past Perfect Tense,Grammar,active_passive,Past Perfect Tense,Passive,The bread had been sold by the baker in the morning.,Easy,1,PRO,1
q_9_eng_b_voice_0430,1,ENGLISH_B | Active and Passive Voice | Past Perfect Tense,Grammar,active_passive,Past Perfect Tense,Passive,The cars had been produced by the factory for the market.,Easy,1,PRO,1
q_9_eng_b_voice_0431,1,ENGLISH_B | Active and Passive Voice | Past Perfect Tense,Grammar,active_passive,Past Perfect Tense,Passive,The artifacts had been displayed by the museum in the gallery.,Easy,1,PRO,1
q_9_eng_b_voice_0432,1,ENGLISH_B | Active and Passive Voice | Past Perfect Tense,Grammar,active_passive,Past Perfect Tense,Passive,The crops had been harvested by the farmers in autumn.,Easy,1,PRO,1
q_9_eng_b_voice_0433,1,ENGLISH_B | Active and Passive Voice | Past Perfect Tense,Grammar,active_passive,Past Perfect Tense,Passive,The report had been submitted by the team before the deadline.,Easy,1,PRO,1
q_9_eng_b_voice_0434,1,ENGLISH_B | Active and Passive Voice | Past Perfect Tense,Grammar,active_passive,Past Perfect Tense,Passive,The minutes had been recorded by the secretary during the meeting.,Easy,1,PRO,1
q_9_eng_b_voice_0435,1,ENGLISH_B | Active and Passive Voice | Past Perfect Tense,Grammar,active_passive,Past Perfect Tense,Passive,The parcels had been carried by the courier to the office.,Easy,1,PRO,1
q_9_eng_b_voice_0436,1,ENGLISH_B | Active and Passive Voice | Past Perfect Tense,Grammar,active_passive,Past Perfect Tense,Passive,The operation had not been performed by the surgeon successfully.,Medium,1,ULTRA,1
q_9_eng_b_voice_0437,1,ENGLISH_B | Active and Passive Voice | Past Perfect Tense,Grammar,active_passive,Past Perfect Tense,Passive,The animals had not been rescued by the volunteers from the flood.,Medium,1,ULTRA,1
q_9_eng_b_voice_0438,1,ENGLISH_B | Active and Passive Voice | Past Perfect Tense,Grammar,active_passive,Past Perfect Tense,Passive,The question had not been asked by the teacher during the lesson.,Medium,1,ULTRA,1
q_9_eng_b_voice_0439,1,ENGLISH_B | Active and Passive Voice | Past Perfect Tense,Grammar,active_passive,Past Perfect Tense,Passive,The questions had not been answered by the students confidently.,Medium,1,ULTRA,1
q_9_eng_b_voice_0440,1,ENGLISH_B | Active and Passive Voice | Past Perfect Tense,Grammar,active_passive,Past Perfect Tense,Passive,The law had not been enforced by the government strictly.,Medium,1,ULTRA,1
q_9_eng_b_voice_0441,1,ENGLISH_B | Active and Passive Voice | Past Perfect Tense,Grammar,active_passive,Past Perfect Tense,Passive,Had the manuscript been reviewed by the editor carefully?,Medium,1,ULTRA,1
q_9_eng_b_voice_0442,1,ENGLISH_B | Active and Passive Voice | Past Perfect Tense,Grammar,active_passive,Past Perfect Tense,Passive,Had the document been translated by the translator into English?,Medium,1,ULTRA,1
q_9_eng_b_voice_0443,1,ENGLISH_B | Active and Passive Voice | Past Perfect Tense,Grammar,active_passive,Past Perfect Tense,Passive,Had the software been updated by the technician on the computers?,Medium,1,ULTRA,1
q_9_eng_b_voice_0444,1,ENGLISH_B | Active and Passive Voice | Past Perfect Tense,Grammar,active_passive,Past Perfect Tense,Passive,Had the candidates been selected by the committee for the interview?,Medium,1,ULTRA,1
q_9_eng_b_voice_0445,1,ENGLISH_B | Active and Passive Voice | Past Perfect Tense,Grammar,active_passive,Past Perfect Tense,Passive,Had the complaint been investigated by the police quickly?,Medium,1,ULTRA,1
q_9_eng_b_voice_0446,1,ENGLISH_B | Active and Passive Voice | Past Perfect Tense,Grammar,active_passive,Past Perfect Tense,Passive,By whom had the work been completed before noon?,Hard,1,ELITE,1
q_9_eng_b_voice_0447,1,ENGLISH_B | Active and Passive Voice | Past Perfect Tense,Grammar,active_passive,Past Perfect Tense,Passive,By whom had the report been prepared?,Hard,1,ELITE,1
q_9_eng_b_voice_0448,1,ENGLISH_B | Active and Passive Voice | Past Perfect Tense,Grammar,active_passive,Past Perfect Tense,Passive,By whom had the office been closed?,Hard,1,ELITE,1
q_9_eng_b_voice_0449,1,ENGLISH_B | Active and Passive Voice | Past Perfect Tense,Grammar,active_passive,Past Perfect Tense,Passive,By whom had the problem been solved?,Hard,1,ELITE,1
q_9_eng_b_voice_0450,1,ENGLISH_B | Active and Passive Voice | Past Perfect Tense,Grammar,active_passive,Past Perfect Tense,Passive,By whom had the principal been informed?,Hard,1,ELITE,1
sep_9_eng_b_voice_past_006,1,ENGLISH_B | Active and Passive Voice | Past Perfect Tense | Past Paper,Topic,topic_separator,Past Perfect Tense,,,,,,1
q_9_eng_b_voice_past_0048,1,ENGLISH_B | Active and Passive Voice | Past Perfect Tense | Past Paper | 2021 Evening,Grammar,active_passive,Past Perfect Tense,Active,He had already made tea.,Easy,1,PRO,1
q_9_eng_b_voice_past_0049,1,ENGLISH_B | Active and Passive Voice | Past Perfect Tense | Past Paper | 2017 Evening,Grammar,active_passive,Past Perfect Tense,Active,He had told me to do it.,Easy,1,PRO,1
q_9_eng_b_voice_past_0050,1,ENGLISH_B | Active and Passive Voice | Past Perfect Tense | Past Paper | 2015 Evening,Grammar,active_passive,Past Perfect Tense,Active,They had gained nothing.,Easy,1,PRO,1
q_9_eng_b_voice_past_0051,1,ENGLISH_B | Active and Passive Voice | Past Perfect Tense | Past Paper | 2018 Morning,Grammar,active_passive,Past Perfect Tense,Passive,Nothing had been gained by them.,Medium,1,PRO,1
sep_9_eng_b_voice_updated_007,1,ENGLISH_B | Active and Passive Voice | Future Indefinite Tense,Topic,topic_separator,Future Indefinite Tense,,,,,,1
q_9_eng_b_voice_0452,1,ENGLISH_B | Active and Passive Voice | Future Indefinite Tense,Grammar,active_passive,Future Indefinite Tense,Active,The students will complete the assignments on time.,Easy,1,PRO,1
q_9_eng_b_voice_0453,1,ENGLISH_B | Active and Passive Voice | Future Indefinite Tense,Grammar,active_passive,Future Indefinite Tense,Active,The mechanic will repair the car in the workshop.,Easy,1,PRO,1
q_9_eng_b_voice_0454,1,ENGLISH_B | Active and Passive Voice | Future Indefinite Tense,Grammar,active_passive,Future Indefinite Tense,Active,The workers will build the bridge over the river.,Easy,1,PRO,1
q_9_eng_b_voice_0455,1,ENGLISH_B | Active and Passive Voice | Future Indefinite Tense,Grammar,active_passive,Future Indefinite Tense,Active,The chef will prepare the meal for the guests.,Easy,1,PRO,1
q_9_eng_b_voice_0456,1,ENGLISH_B | Active and Passive Voice | Future Indefinite Tense,Grammar,active_passive,Future Indefinite Tense,Active,The nurse will assist the patient in the ward.,Easy,1,PRO,1
q_9_eng_b_voice_0457,1,ENGLISH_B | Active and Passive Voice | Future Indefinite Tense,Grammar,active_passive,Future Indefinite Tense,Active,The police will arrest the thief near the station.,Easy,1,PRO,1
q_9_eng_b_voice_0458,1,ENGLISH_B | Active and Passive Voice | Future Indefinite Tense,Grammar,active_passive,Future Indefinite Tense,Active,The committee will approve the proposal after discussion.,Easy,1,PRO,1
q_9_eng_b_voice_0459,1,ENGLISH_B | Active and Passive Voice | Future Indefinite Tense,Grammar,active_passive,Future Indefinite Tense,Active,The manager will sign the documents in the office.,Easy,1,PRO,1
q_9_eng_b_voice_0460,1,ENGLISH_B | Active and Passive Voice | Future Indefinite Tense,Grammar,active_passive,Future Indefinite Tense,Active,The farmers will grow wheat in the fields.,Easy,1,PRO,1
q_9_eng_b_voice_0461,1,ENGLISH_B | Active and Passive Voice | Future Indefinite Tense,Grammar,active_passive,Future Indefinite Tense,Active,The artist will paint the portrait in the studio.,Easy,1,PRO,1
q_9_eng_b_voice_0462,1,ENGLISH_B | Active and Passive Voice | Future Indefinite Tense,Grammar,active_passive,Future Indefinite Tense,Active,The carpenter will make the table from wood.,Easy,1,PRO,1
q_9_eng_b_voice_0463,1,ENGLISH_B | Active and Passive Voice | Future Indefinite Tense,Grammar,active_passive,Future Indefinite Tense,Active,The librarian will issue the books to the students.,Easy,1,PRO,1
q_9_eng_b_voice_0464,1,ENGLISH_B | Active and Passive Voice | Future Indefinite Tense,Grammar,active_passive,Future Indefinite Tense,Active,The postman will deliver the letters in the morning.,Easy,1,PRO,1
q_9_eng_b_voice_0465,1,ENGLISH_B | Active and Passive Voice | Future Indefinite Tense,Grammar,active_passive,Future Indefinite Tense,Active,The volunteers will clean the park on Sunday.,Easy,1,PRO,1
q_9_eng_b_voice_0466,1,ENGLISH_B | Active and Passive Voice | Future Indefinite Tense,Grammar,active_passive,Future Indefinite Tense,Active,The engineers will design the machine for the factory.,Easy,1,PRO,1
q_9_eng_b_voice_0467,1,ENGLISH_B | Active and Passive Voice | Future Indefinite Tense,Grammar,active_passive,Future Indefinite Tense,Active,The doctor will examine the patient carefully.,Easy,1,PRO,1
q_9_eng_b_voice_0468,1,ENGLISH_B | Active and Passive Voice | Future Indefinite Tense,Grammar,active_passive,Future Indefinite Tense,Active,The mother will bake the cake for the birthday.,Easy,1,PRO,1
q_9_eng_b_voice_0469,1,ENGLISH_B | Active and Passive Voice | Future Indefinite Tense,Grammar,active_passive,Future Indefinite Tense,Active,The principal will announce the results at the assembly.,Easy,1,PRO,1
q_9_eng_b_voice_0470,1,ENGLISH_B | Active and Passive Voice | Future Indefinite Tense,Grammar,active_passive,Future Indefinite Tense,Active,The company will launch the product next month.,Easy,1,PRO,1
q_9_eng_b_voice_0471,1,ENGLISH_B | Active and Passive Voice | Future Indefinite Tense,Grammar,active_passive,Future Indefinite Tense,Active,The scientists will conduct the experiment in the laboratory.,Easy,1,PRO,1
q_9_eng_b_voice_0472,1,ENGLISH_B | Active and Passive Voice | Future Indefinite Tense,Grammar,active_passive,Future Indefinite Tense,Active,The gardener will water the plants every morning.,Easy,1,PRO,1
q_9_eng_b_voice_0473,1,ENGLISH_B | Active and Passive Voice | Future Indefinite Tense,Grammar,active_passive,Future Indefinite Tense,Active,The tailor will not stitch the uniforms for the team.,Medium,1,ULTRA,1
q_9_eng_b_voice_0474,1,ENGLISH_B | Active and Passive Voice | Future Indefinite Tense,Grammar,active_passive,Future Indefinite Tense,Active,The mason will not construct the wall around the garden.,Medium,1,ULTRA,1
q_9_eng_b_voice_0475,1,ENGLISH_B | Active and Passive Voice | Future Indefinite Tense,Grammar,active_passive,Future Indefinite Tense,Active,The reporter will not write the article for the newspaper.,Medium,1,ULTRA,1
q_9_eng_b_voice_0476,1,ENGLISH_B | Active and Passive Voice | Future Indefinite Tense,Grammar,active_passive,Future Indefinite Tense,Active,The publisher will not print the books for the schools.,Medium,1,ULTRA,1
q_9_eng_b_voice_0477,1,ENGLISH_B | Active and Passive Voice | Future Indefinite Tense,Grammar,active_passive,Future Indefinite Tense,Active,The school will not organize the competition in the hall.,Medium,1,ULTRA,1
q_9_eng_b_voice_0478,1,ENGLISH_B | Active and Passive Voice | Future Indefinite Tense,Grammar,active_passive,Future Indefinite Tense,Active,The judge will not hear the case in court.,Medium,1,ULTRA,1
q_9_eng_b_voice_0479,1,ENGLISH_B | Active and Passive Voice | Future Indefinite Tense,Grammar,active_passive,Future Indefinite Tense,Active,The coach will not train the players for the match.,Medium,1,ULTRA,1
q_9_eng_b_voice_0480,1,ENGLISH_B | Active and Passive Voice | Future Indefinite Tense,Grammar,active_passive,Future Indefinite Tense,Active,The shopkeeper will not pack the goods for the customer.,Medium,1,ULTRA,1
q_9_eng_b_voice_0481,1,ENGLISH_B | Active and Passive Voice | Future Indefinite Tense,Grammar,active_passive,Future Indefinite Tense,Active,Will the electrician fix the wires in the building?,Medium,1,ULTRA,1
q_9_eng_b_voice_0482,1,ENGLISH_B | Active and Passive Voice | Future Indefinite Tense,Grammar,active_passive,Future Indefinite Tense,Active,Will the plumber install the pipes in the house?,Medium,1,ULTRA,1
q_9_eng_b_voice_0483,1,ENGLISH_B | Active and Passive Voice | Future Indefinite Tense,Grammar,active_passive,Future Indefinite Tense,Active,Will the driver wash the bus before the trip?,Medium,1,ULTRA,1
q_9_eng_b_voice_0484,1,ENGLISH_B | Active and Passive Voice | Future Indefinite Tense,Grammar,active_passive,Future Indefinite Tense,Active,Will the team win the trophy in the final?,Medium,1,ULTRA,1
q_9_eng_b_voice_0485,1,ENGLISH_B | Active and Passive Voice | Future Indefinite Tense,Grammar,active_passive,Future Indefinite Tense,Active,Will the clerk check the forms at the counter?,Medium,1,ULTRA,1
q_9_eng_b_voice_0486,1,ENGLISH_B | Active and Passive Voice | Future Indefinite Tense,Grammar,active_passive,Future Indefinite Tense,Active,Who will announce the result?,Hard,1,ELITE,1
q_9_eng_b_voice_0487,1,ENGLISH_B | Active and Passive Voice | Future Indefinite Tense,Grammar,active_passive,Future Indefinite Tense,Active,Who will lead the team?,Hard,1,ELITE,1
q_9_eng_b_voice_0488,1,ENGLISH_B | Active and Passive Voice | Future Indefinite Tense,Grammar,active_passive,Future Indefinite Tense,Active,Who will prepare the documents?,Hard,1,ELITE,1
q_9_eng_b_voice_0489,1,ENGLISH_B | Active and Passive Voice | Future Indefinite Tense,Grammar,active_passive,Future Indefinite Tense,Active,Who will organize the event?,Hard,1,ELITE,1
q_9_eng_b_voice_0490,1,ENGLISH_B | Active and Passive Voice | Future Indefinite Tense,Grammar,active_passive,Future Indefinite Tense,Active,Who will inspect the building?,Hard,1,ELITE,1
q_9_eng_b_voice_0491,1,ENGLISH_B | Active and Passive Voice | Future Indefinite Tense,Grammar,active_passive,Future Indefinite Tense,Passive,The meeting will be cancelled by the administration because of the rain.,Easy,1,PRO,1
q_9_eng_b_voice_0492,1,ENGLISH_B | Active and Passive Voice | Future Indefinite Tense,Grammar,active_passive,Future Indefinite Tense,Passive,The loan will be offered by the bank to the farmer.,Easy,1,PRO,1
q_9_eng_b_voice_0493,1,ENGLISH_B | Active and Passive Voice | Future Indefinite Tense,Grammar,active_passive,Future Indefinite Tense,Passive,The food packets will be distributed by the charity among the families.,Easy,1,PRO,1
q_9_eng_b_voice_0494,1,ENGLISH_B | Active and Passive Voice | Future Indefinite Tense,Grammar,active_passive,Future Indefinite Tense,Passive,The hospitals will be built by the government in the district.,Easy,1,PRO,1
q_9_eng_b_voice_0495,1,ENGLISH_B | Active and Passive Voice | Future Indefinite Tense,Grammar,active_passive,Future Indefinite Tense,Passive,The workers will be hired by the company for the project.,Easy,1,PRO,1
q_9_eng_b_voice_0496,1,ENGLISH_B | Active and Passive Voice | Future Indefinite Tense,Grammar,active_passive,Future Indefinite Tense,Passive,The scholarships will be awarded by the school to deserving students.,Easy,1,PRO,1
q_9_eng_b_voice_0497,1,ENGLISH_B | Active and Passive Voice | Future Indefinite Tense,Grammar,active_passive,Future Indefinite Tense,Passive,The trees will be planted by the council along the road.,Easy,1,PRO,1
q_9_eng_b_voice_0498,1,ENGLISH_B | Active and Passive Voice | Future Indefinite Tense,Grammar,active_passive,Future Indefinite Tense,Passive,The traffic will be stopped by the police near the market.,Easy,1,PRO,1
q_9_eng_b_voice_0499,1,ENGLISH_B | Active and Passive Voice | Future Indefinite Tense,Grammar,active_passive,Future Indefinite Tense,Passive,The performer will be applauded by the audience after the show.,Easy,1,PRO,1
q_9_eng_b_voice_0500,1,ENGLISH_B | Active and Passive Voice | Future Indefinite Tense,Grammar,active_passive,Future Indefinite Tense,Passive,The bill will be paid by the customer online.,Easy,1,PRO,1
q_9_eng_b_voice_0501,1,ENGLISH_B | Active and Passive Voice | Future Indefinite Tense,Grammar,active_passive,Future Indefinite Tense,Passive,The problem will be solved by the student without help.,Easy,1,PRO,1
q_9_eng_b_voice_0502,1,ENGLISH_B | Active and Passive Voice | Future Indefinite Tense,Grammar,active_passive,Future Indefinite Tense,Passive,The data will be collected by the researcher from the villages.,Easy,1,PRO,1
q_9_eng_b_voice_0503,1,ENGLISH_B | Active and Passive Voice | Future Indefinite Tense,Grammar,active_passive,Future Indefinite Tense,Passive,The pictures will be taken by the photographer at the event.,Easy,1,PRO,1
q_9_eng_b_voice_0504,1,ENGLISH_B | Active and Passive Voice | Future Indefinite Tense,Grammar,active_passive,Future Indefinite Tense,Passive,The bread will be sold by the baker in the morning.,Easy,1,PRO,1
q_9_eng_b_voice_0505,1,ENGLISH_B | Active and Passive Voice | Future Indefinite Tense,Grammar,active_passive,Future Indefinite Tense,Passive,The cars will be produced by the factory for the market.,Easy,1,PRO,1
q_9_eng_b_voice_0506,1,ENGLISH_B | Active and Passive Voice | Future Indefinite Tense,Grammar,active_passive,Future Indefinite Tense,Passive,The artifacts will be displayed by the museum in the gallery.,Easy,1,PRO,1
q_9_eng_b_voice_0507,1,ENGLISH_B | Active and Passive Voice | Future Indefinite Tense,Grammar,active_passive,Future Indefinite Tense,Passive,The crops will be harvested by the farmers in autumn.,Easy,1,PRO,1
q_9_eng_b_voice_0508,1,ENGLISH_B | Active and Passive Voice | Future Indefinite Tense,Grammar,active_passive,Future Indefinite Tense,Passive,The report will be submitted by the team before the deadline.,Easy,1,PRO,1
q_9_eng_b_voice_0509,1,ENGLISH_B | Active and Passive Voice | Future Indefinite Tense,Grammar,active_passive,Future Indefinite Tense,Passive,The minutes will be recorded by the secretary during the meeting.,Easy,1,PRO,1
q_9_eng_b_voice_0510,1,ENGLISH_B | Active and Passive Voice | Future Indefinite Tense,Grammar,active_passive,Future Indefinite Tense,Passive,The parcels will be carried by the courier to the office.,Easy,1,PRO,1
q_9_eng_b_voice_0511,1,ENGLISH_B | Active and Passive Voice | Future Indefinite Tense,Grammar,active_passive,Future Indefinite Tense,Passive,The operation will not be performed by the surgeon successfully.,Medium,1,ULTRA,1
q_9_eng_b_voice_0512,1,ENGLISH_B | Active and Passive Voice | Future Indefinite Tense,Grammar,active_passive,Future Indefinite Tense,Passive,The animals will not be rescued by the volunteers from the flood.,Medium,1,ULTRA,1
q_9_eng_b_voice_0513,1,ENGLISH_B | Active and Passive Voice | Future Indefinite Tense,Grammar,active_passive,Future Indefinite Tense,Passive,The question will not be asked by the teacher during the lesson.,Medium,1,ULTRA,1
q_9_eng_b_voice_0514,1,ENGLISH_B | Active and Passive Voice | Future Indefinite Tense,Grammar,active_passive,Future Indefinite Tense,Passive,The questions will not be answered by the students confidently.,Medium,1,ULTRA,1
q_9_eng_b_voice_0515,1,ENGLISH_B | Active and Passive Voice | Future Indefinite Tense,Grammar,active_passive,Future Indefinite Tense,Passive,The law will not be enforced by the government strictly.,Medium,1,ULTRA,1
q_9_eng_b_voice_0516,1,ENGLISH_B | Active and Passive Voice | Future Indefinite Tense,Grammar,active_passive,Future Indefinite Tense,Passive,Will the manuscript be reviewed by the editor carefully?,Medium,1,ULTRA,1
q_9_eng_b_voice_0517,1,ENGLISH_B | Active and Passive Voice | Future Indefinite Tense,Grammar,active_passive,Future Indefinite Tense,Passive,Will the document be translated by the translator into English?,Medium,1,ULTRA,1
q_9_eng_b_voice_0518,1,ENGLISH_B | Active and Passive Voice | Future Indefinite Tense,Grammar,active_passive,Future Indefinite Tense,Passive,Will the software be updated by the technician on the computers?,Medium,1,ULTRA,1
q_9_eng_b_voice_0519,1,ENGLISH_B | Active and Passive Voice | Future Indefinite Tense,Grammar,active_passive,Future Indefinite Tense,Passive,Will the candidates be selected by the committee for the interview?,Medium,1,ULTRA,1
q_9_eng_b_voice_0520,1,ENGLISH_B | Active and Passive Voice | Future Indefinite Tense,Grammar,active_passive,Future Indefinite Tense,Passive,Will the complaint be investigated by the police quickly?,Medium,1,ULTRA,1
q_9_eng_b_voice_0521,1,ENGLISH_B | Active and Passive Voice | Future Indefinite Tense,Grammar,active_passive,Future Indefinite Tense,Passive,By whom will the result be announced?,Hard,1,ELITE,1
q_9_eng_b_voice_0522,1,ENGLISH_B | Active and Passive Voice | Future Indefinite Tense,Grammar,active_passive,Future Indefinite Tense,Passive,By whom will the team be led?,Hard,1,ELITE,1
q_9_eng_b_voice_0523,1,ENGLISH_B | Active and Passive Voice | Future Indefinite Tense,Grammar,active_passive,Future Indefinite Tense,Passive,By whom will the documents be prepared?,Hard,1,ELITE,1
q_9_eng_b_voice_0524,1,ENGLISH_B | Active and Passive Voice | Future Indefinite Tense,Grammar,active_passive,Future Indefinite Tense,Passive,By whom will the event be organized?,Hard,1,ELITE,1
q_9_eng_b_voice_0525,1,ENGLISH_B | Active and Passive Voice | Future Indefinite Tense,Grammar,active_passive,Future Indefinite Tense,Passive,By whom will the building be inspected?,Hard,1,ELITE,1
sep_9_eng_b_voice_past_007,1,ENGLISH_B | Active and Passive Voice | Future Indefinite Tense | Past Paper,Topic,topic_separator,Future Indefinite Tense,,,,,,1
q_9_eng_b_voice_past_0052,1,ENGLISH_B | Active and Passive Voice | Future Indefinite Tense | Past Paper | 2016 Evening,Grammar,active_passive,Future Indefinite Tense,Active,Girls will sing songs.,Easy,1,PRO,1
q_9_eng_b_voice_past_0053,1,ENGLISH_B | Active and Passive Voice | Future Indefinite Tense | Past Paper | 2014 Evening; 2022 Evening; 2023 Morning,Grammar,active_passive,Future Indefinite Tense,Active,He will give you a box of chocolates.,Easy,1,ULTRA,1
q_9_eng_b_voice_past_0054,1,ENGLISH_B | Active and Passive Voice | Future Indefinite Tense | Past Paper | 2021 Evening,Grammar,active_passive,Future Indefinite Tense,Active,He will sell a house.,Easy,1,PRO,1
q_9_eng_b_voice_0451,1,ENGLISH_B | Active and Passive Voice | Future Indefinite Tense | Past Paper | 2013 Morning; 2017 Evening; 2018 Evening,Grammar,active_passive,Future Indefinite Tense,Active,He will write a letter.,Easy,1,ULTRA,1
q_9_eng_b_voice_past_0055,1,ENGLISH_B | Active and Passive Voice | Future Indefinite Tense | Past Paper | 2013 Evening,Grammar,active_passive,Future Indefinite Tense,Active,My teacher will help me in my studies.,Easy,1,PRO,1
q_9_eng_b_voice_past_0056,1,ENGLISH_B | Active and Passive Voice | Future Indefinite Tense | Past Paper | 2021 Morning,Grammar,active_passive,Future Indefinite Tense,Active,Shall we sing songs?,Hard,1,PRO,1
q_9_eng_b_voice_past_0057,1,ENGLISH_B | Active and Passive Voice | Future Indefinite Tense | Past Paper | 2020 Evening; 2022 Morning; 2023 Evening,Grammar,active_passive,Future Indefinite Tense,Passive,A letter will be written by him.,Medium,1,ULTRA,1
sep_9_eng_b_voice_updated_008,1,ENGLISH_B | Active and Passive Voice | Future Perfect Tense,Topic,topic_separator,Future Perfect Tense,,,,,,1
q_9_eng_b_voice_0527,1,ENGLISH_B | Active and Passive Voice | Future Perfect Tense,Grammar,active_passive,Future Perfect Tense,Active,The students will have completed the assignments on time.,Easy,1,PRO,1
q_9_eng_b_voice_0528,1,ENGLISH_B | Active and Passive Voice | Future Perfect Tense,Grammar,active_passive,Future Perfect Tense,Active,The mechanic will have repaired the car in the workshop.,Easy,1,PRO,1
q_9_eng_b_voice_0529,1,ENGLISH_B | Active and Passive Voice | Future Perfect Tense,Grammar,active_passive,Future Perfect Tense,Active,The workers will have built the bridge over the river.,Easy,1,PRO,1
q_9_eng_b_voice_0530,1,ENGLISH_B | Active and Passive Voice | Future Perfect Tense,Grammar,active_passive,Future Perfect Tense,Active,The chef will have prepared the meal for the guests.,Easy,1,PRO,1
q_9_eng_b_voice_0531,1,ENGLISH_B | Active and Passive Voice | Future Perfect Tense,Grammar,active_passive,Future Perfect Tense,Active,The nurse will have assisted the patient in the ward.,Easy,1,PRO,1
q_9_eng_b_voice_0532,1,ENGLISH_B | Active and Passive Voice | Future Perfect Tense,Grammar,active_passive,Future Perfect Tense,Active,The police will have arrested the thief near the station.,Easy,1,PRO,1
q_9_eng_b_voice_0533,1,ENGLISH_B | Active and Passive Voice | Future Perfect Tense,Grammar,active_passive,Future Perfect Tense,Active,The committee will have approved the proposal after discussion.,Easy,1,PRO,1
q_9_eng_b_voice_0534,1,ENGLISH_B | Active and Passive Voice | Future Perfect Tense,Grammar,active_passive,Future Perfect Tense,Active,The manager will have signed the documents in the office.,Easy,1,PRO,1
q_9_eng_b_voice_0535,1,ENGLISH_B | Active and Passive Voice | Future Perfect Tense,Grammar,active_passive,Future Perfect Tense,Active,The farmers will have grown wheat in the fields.,Easy,1,PRO,1
q_9_eng_b_voice_0536,1,ENGLISH_B | Active and Passive Voice | Future Perfect Tense,Grammar,active_passive,Future Perfect Tense,Active,The artist will have painted the portrait in the studio.,Easy,1,PRO,1
q_9_eng_b_voice_0537,1,ENGLISH_B | Active and Passive Voice | Future Perfect Tense,Grammar,active_passive,Future Perfect Tense,Active,The carpenter will have made the table from wood.,Easy,1,PRO,1
q_9_eng_b_voice_0538,1,ENGLISH_B | Active and Passive Voice | Future Perfect Tense,Grammar,active_passive,Future Perfect Tense,Active,The librarian will have issued the books to the students.,Easy,1,PRO,1
q_9_eng_b_voice_0539,1,ENGLISH_B | Active and Passive Voice | Future Perfect Tense,Grammar,active_passive,Future Perfect Tense,Active,The postman will have delivered the letters in the morning.,Easy,1,PRO,1
q_9_eng_b_voice_0540,1,ENGLISH_B | Active and Passive Voice | Future Perfect Tense,Grammar,active_passive,Future Perfect Tense,Active,The volunteers will have cleaned the park on Sunday.,Easy,1,PRO,1
q_9_eng_b_voice_0541,1,ENGLISH_B | Active and Passive Voice | Future Perfect Tense,Grammar,active_passive,Future Perfect Tense,Active,The engineers will have designed the machine for the factory.,Easy,1,PRO,1
q_9_eng_b_voice_0542,1,ENGLISH_B | Active and Passive Voice | Future Perfect Tense,Grammar,active_passive,Future Perfect Tense,Active,The doctor will have examined the patient carefully.,Easy,1,PRO,1
q_9_eng_b_voice_0543,1,ENGLISH_B | Active and Passive Voice | Future Perfect Tense,Grammar,active_passive,Future Perfect Tense,Active,The mother will have baked the cake for the birthday.,Easy,1,PRO,1
q_9_eng_b_voice_0544,1,ENGLISH_B | Active and Passive Voice | Future Perfect Tense,Grammar,active_passive,Future Perfect Tense,Active,The principal will have announced the results at the assembly.,Easy,1,PRO,1
q_9_eng_b_voice_0545,1,ENGLISH_B | Active and Passive Voice | Future Perfect Tense,Grammar,active_passive,Future Perfect Tense,Active,The company will have launched the product next month.,Easy,1,PRO,1
q_9_eng_b_voice_0546,1,ENGLISH_B | Active and Passive Voice | Future Perfect Tense,Grammar,active_passive,Future Perfect Tense,Active,The scientists will have conducted the experiment in the laboratory.,Easy,1,PRO,1
q_9_eng_b_voice_0547,1,ENGLISH_B | Active and Passive Voice | Future Perfect Tense,Grammar,active_passive,Future Perfect Tense,Active,The gardener will have watered the plants every morning.,Easy,1,PRO,1
q_9_eng_b_voice_0548,1,ENGLISH_B | Active and Passive Voice | Future Perfect Tense,Grammar,active_passive,Future Perfect Tense,Active,The tailor will not have stitched the uniforms for the team.,Medium,1,ULTRA,1
q_9_eng_b_voice_0549,1,ENGLISH_B | Active and Passive Voice | Future Perfect Tense,Grammar,active_passive,Future Perfect Tense,Active,The mason will not have constructed the wall around the garden.,Medium,1,ULTRA,1
q_9_eng_b_voice_0550,1,ENGLISH_B | Active and Passive Voice | Future Perfect Tense,Grammar,active_passive,Future Perfect Tense,Active,The reporter will not have written the article for the newspaper.,Medium,1,ULTRA,1
q_9_eng_b_voice_0551,1,ENGLISH_B | Active and Passive Voice | Future Perfect Tense,Grammar,active_passive,Future Perfect Tense,Active,The publisher will not have printed the books for the schools.,Medium,1,ULTRA,1
q_9_eng_b_voice_0552,1,ENGLISH_B | Active and Passive Voice | Future Perfect Tense,Grammar,active_passive,Future Perfect Tense,Active,The school will not have organized the competition in the hall.,Medium,1,ULTRA,1
q_9_eng_b_voice_0553,1,ENGLISH_B | Active and Passive Voice | Future Perfect Tense,Grammar,active_passive,Future Perfect Tense,Active,The judge will not have heard the case in court.,Medium,1,ULTRA,1
q_9_eng_b_voice_0554,1,ENGLISH_B | Active and Passive Voice | Future Perfect Tense,Grammar,active_passive,Future Perfect Tense,Active,The coach will not have trained the players for the match.,Medium,1,ULTRA,1
q_9_eng_b_voice_0555,1,ENGLISH_B | Active and Passive Voice | Future Perfect Tense,Grammar,active_passive,Future Perfect Tense,Active,The shopkeeper will not have packed the goods for the customer.,Medium,1,ULTRA,1
q_9_eng_b_voice_0556,1,ENGLISH_B | Active and Passive Voice | Future Perfect Tense,Grammar,active_passive,Future Perfect Tense,Active,Will the electrician have fixed the wires in the building?,Medium,1,ULTRA,1
q_9_eng_b_voice_0557,1,ENGLISH_B | Active and Passive Voice | Future Perfect Tense,Grammar,active_passive,Future Perfect Tense,Active,Will the plumber have installed the pipes in the house?,Medium,1,ULTRA,1
q_9_eng_b_voice_0558,1,ENGLISH_B | Active and Passive Voice | Future Perfect Tense,Grammar,active_passive,Future Perfect Tense,Active,Will the driver have washed the bus before the trip?,Medium,1,ULTRA,1
q_9_eng_b_voice_0559,1,ENGLISH_B | Active and Passive Voice | Future Perfect Tense,Grammar,active_passive,Future Perfect Tense,Active,Will the team have won the trophy in the final?,Medium,1,ULTRA,1
q_9_eng_b_voice_0560,1,ENGLISH_B | Active and Passive Voice | Future Perfect Tense,Grammar,active_passive,Future Perfect Tense,Active,Will the clerk have checked the forms at the counter?,Medium,1,ULTRA,1
q_9_eng_b_voice_0561,1,ENGLISH_B | Active and Passive Voice | Future Perfect Tense,Grammar,active_passive,Future Perfect Tense,Active,Who will have completed the task before Monday?,Hard,1,ELITE,1
q_9_eng_b_voice_0562,1,ENGLISH_B | Active and Passive Voice | Future Perfect Tense,Grammar,active_passive,Future Perfect Tense,Active,Who will have submitted the report before noon?,Hard,1,ELITE,1
q_9_eng_b_voice_0563,1,ENGLISH_B | Active and Passive Voice | Future Perfect Tense,Grammar,active_passive,Future Perfect Tense,Active,Who will have built the bridge before next year?,Hard,1,ELITE,1
q_9_eng_b_voice_0564,1,ENGLISH_B | Active and Passive Voice | Future Perfect Tense,Grammar,active_passive,Future Perfect Tense,Active,Who will have checked the papers before the meeting?,Hard,1,ELITE,1
q_9_eng_b_voice_0565,1,ENGLISH_B | Active and Passive Voice | Future Perfect Tense,Grammar,active_passive,Future Perfect Tense,Active,Who will have delivered the parcels before evening?,Hard,1,ELITE,1
q_9_eng_b_voice_0566,1,ENGLISH_B | Active and Passive Voice | Future Perfect Tense,Grammar,active_passive,Future Perfect Tense,Passive,The meeting will have been cancelled by the administration because of the rain.,Easy,1,PRO,1
q_9_eng_b_voice_0567,1,ENGLISH_B | Active and Passive Voice | Future Perfect Tense,Grammar,active_passive,Future Perfect Tense,Passive,The loan will have been offered by the bank to the farmer.,Easy,1,PRO,1
q_9_eng_b_voice_0568,1,ENGLISH_B | Active and Passive Voice | Future Perfect Tense,Grammar,active_passive,Future Perfect Tense,Passive,The food packets will have been distributed by the charity among the families.,Easy,1,PRO,1
q_9_eng_b_voice_0569,1,ENGLISH_B | Active and Passive Voice | Future Perfect Tense,Grammar,active_passive,Future Perfect Tense,Passive,The hospitals will have been built by the government in the district.,Easy,1,PRO,1
q_9_eng_b_voice_0570,1,ENGLISH_B | Active and Passive Voice | Future Perfect Tense,Grammar,active_passive,Future Perfect Tense,Passive,The workers will have been hired by the company for the project.,Easy,1,PRO,1
q_9_eng_b_voice_0571,1,ENGLISH_B | Active and Passive Voice | Future Perfect Tense,Grammar,active_passive,Future Perfect Tense,Passive,The scholarships will have been awarded by the school to deserving students.,Easy,1,PRO,1
q_9_eng_b_voice_0572,1,ENGLISH_B | Active and Passive Voice | Future Perfect Tense,Grammar,active_passive,Future Perfect Tense,Passive,The trees will have been planted by the council along the road.,Easy,1,PRO,1
q_9_eng_b_voice_0573,1,ENGLISH_B | Active and Passive Voice | Future Perfect Tense,Grammar,active_passive,Future Perfect Tense,Passive,The traffic will have been stopped by the police near the market.,Easy,1,PRO,1
q_9_eng_b_voice_0574,1,ENGLISH_B | Active and Passive Voice | Future Perfect Tense,Grammar,active_passive,Future Perfect Tense,Passive,The performer will have been applauded by the audience after the show.,Easy,1,PRO,1
q_9_eng_b_voice_0575,1,ENGLISH_B | Active and Passive Voice | Future Perfect Tense,Grammar,active_passive,Future Perfect Tense,Passive,The bill will have been paid by the customer online.,Easy,1,PRO,1
q_9_eng_b_voice_0576,1,ENGLISH_B | Active and Passive Voice | Future Perfect Tense,Grammar,active_passive,Future Perfect Tense,Passive,The problem will have been solved by the student without help.,Easy,1,PRO,1
q_9_eng_b_voice_0577,1,ENGLISH_B | Active and Passive Voice | Future Perfect Tense,Grammar,active_passive,Future Perfect Tense,Passive,The data will have been collected by the researcher from the villages.,Easy,1,PRO,1
q_9_eng_b_voice_0578,1,ENGLISH_B | Active and Passive Voice | Future Perfect Tense,Grammar,active_passive,Future Perfect Tense,Passive,The pictures will have been taken by the photographer at the event.,Easy,1,PRO,1
q_9_eng_b_voice_0579,1,ENGLISH_B | Active and Passive Voice | Future Perfect Tense,Grammar,active_passive,Future Perfect Tense,Passive,The bread will have been sold by the baker in the morning.,Easy,1,PRO,1
q_9_eng_b_voice_0580,1,ENGLISH_B | Active and Passive Voice | Future Perfect Tense,Grammar,active_passive,Future Perfect Tense,Passive,The cars will have been produced by the factory for the market.,Easy,1,PRO,1
q_9_eng_b_voice_0581,1,ENGLISH_B | Active and Passive Voice | Future Perfect Tense,Grammar,active_passive,Future Perfect Tense,Passive,The artifacts will have been displayed by the museum in the gallery.,Easy,1,PRO,1
q_9_eng_b_voice_0582,1,ENGLISH_B | Active and Passive Voice | Future Perfect Tense,Grammar,active_passive,Future Perfect Tense,Passive,The crops will have been harvested by the farmers in autumn.,Easy,1,PRO,1
q_9_eng_b_voice_0583,1,ENGLISH_B | Active and Passive Voice | Future Perfect Tense,Grammar,active_passive,Future Perfect Tense,Passive,The report will have been submitted by the team before the deadline.,Easy,1,PRO,1
q_9_eng_b_voice_0584,1,ENGLISH_B | Active and Passive Voice | Future Perfect Tense,Grammar,active_passive,Future Perfect Tense,Passive,The minutes will have been recorded by the secretary during the meeting.,Easy,1,PRO,1
q_9_eng_b_voice_0585,1,ENGLISH_B | Active and Passive Voice | Future Perfect Tense,Grammar,active_passive,Future Perfect Tense,Passive,The parcels will have been carried by the courier to the office.,Easy,1,PRO,1
q_9_eng_b_voice_0586,1,ENGLISH_B | Active and Passive Voice | Future Perfect Tense,Grammar,active_passive,Future Perfect Tense,Passive,The operation will not have been performed by the surgeon successfully.,Medium,1,ULTRA,1
q_9_eng_b_voice_0587,1,ENGLISH_B | Active and Passive Voice | Future Perfect Tense,Grammar,active_passive,Future Perfect Tense,Passive,The animals will not have been rescued by the volunteers from the flood.,Medium,1,ULTRA,1
q_9_eng_b_voice_0588,1,ENGLISH_B | Active and Passive Voice | Future Perfect Tense,Grammar,active_passive,Future Perfect Tense,Passive,The question will not have been asked by the teacher during the lesson.,Medium,1,ULTRA,1
q_9_eng_b_voice_0589,1,ENGLISH_B | Active and Passive Voice | Future Perfect Tense,Grammar,active_passive,Future Perfect Tense,Passive,The questions will not have been answered by the students confidently.,Medium,1,ULTRA,1
q_9_eng_b_voice_0590,1,ENGLISH_B | Active and Passive Voice | Future Perfect Tense,Grammar,active_passive,Future Perfect Tense,Passive,The law will not have been enforced by the government strictly.,Medium,1,ULTRA,1
q_9_eng_b_voice_0591,1,ENGLISH_B | Active and Passive Voice | Future Perfect Tense,Grammar,active_passive,Future Perfect Tense,Passive,Will the manuscript have been reviewed by the editor carefully?,Medium,1,ULTRA,1
q_9_eng_b_voice_0592,1,ENGLISH_B | Active and Passive Voice | Future Perfect Tense,Grammar,active_passive,Future Perfect Tense,Passive,Will the document have been translated by the translator into English?,Medium,1,ULTRA,1
q_9_eng_b_voice_0593,1,ENGLISH_B | Active and Passive Voice | Future Perfect Tense,Grammar,active_passive,Future Perfect Tense,Passive,Will the software have been updated by the technician on the computers?,Medium,1,ULTRA,1
q_9_eng_b_voice_0594,1,ENGLISH_B | Active and Passive Voice | Future Perfect Tense,Grammar,active_passive,Future Perfect Tense,Passive,Will the candidates have been selected by the committee for the interview?,Medium,1,ULTRA,1
q_9_eng_b_voice_0595,1,ENGLISH_B | Active and Passive Voice | Future Perfect Tense,Grammar,active_passive,Future Perfect Tense,Passive,Will the complaint have been investigated by the police quickly?,Medium,1,ULTRA,1
q_9_eng_b_voice_0596,1,ENGLISH_B | Active and Passive Voice | Future Perfect Tense,Grammar,active_passive,Future Perfect Tense,Passive,By whom will the task have been completed before Monday?,Hard,1,ELITE,1
q_9_eng_b_voice_0597,1,ENGLISH_B | Active and Passive Voice | Future Perfect Tense,Grammar,active_passive,Future Perfect Tense,Passive,By whom will the report have been submitted before noon?,Hard,1,ELITE,1
q_9_eng_b_voice_0598,1,ENGLISH_B | Active and Passive Voice | Future Perfect Tense,Grammar,active_passive,Future Perfect Tense,Passive,By whom will the bridge have been built before next year?,Hard,1,ELITE,1
q_9_eng_b_voice_0599,1,ENGLISH_B | Active and Passive Voice | Future Perfect Tense,Grammar,active_passive,Future Perfect Tense,Passive,By whom will the papers have been checked before the meeting?,Hard,1,ELITE,1
q_9_eng_b_voice_0600,1,ENGLISH_B | Active and Passive Voice | Future Perfect Tense,Grammar,active_passive,Future Perfect Tense,Passive,By whom will the parcels have been delivered before evening?,Hard,1,ELITE,1
sep_9_eng_b_voice_past_008,1,ENGLISH_B | Active and Passive Voice | Future Perfect Tense | Past Paper,Topic,topic_separator,Future Perfect Tense,,,,,,1
q_9_eng_b_voice_past_0058,1,ENGLISH_B | Active and Passive Voice | Future Perfect Tense | Past Paper | 2015 Evening; 2022 Evening,Grammar,active_passive,Future Perfect Tense,Active,We shall have finished our work by March next.,Easy,1,ULTRA,1
q_9_eng_b_voice_0526,1,ENGLISH_B | Active and Passive Voice | Future Perfect Tense | Past Paper | 2016 Morning,Grammar,active_passive,Future Perfect Tense,Active,We shall have killed the snake.,Easy,1,PRO,1
q_9_eng_b_voice_past_0059,1,ENGLISH_B | Active and Passive Voice | Future Perfect Tense | Past Paper | 2024 Morning,Grammar,active_passive,Future Perfect Tense,Passive,The snake will have been killed by us.,Medium,1,PRO,1
sep_9_eng_b_voice_updated_009,1,ENGLISH_B | Active and Passive Voice | Modal Verbs,Topic,topic_separator,Modal Verbs,,,,,,1
q_9_eng_b_voice_0601,1,ENGLISH_B | Active and Passive Voice | Modal Verbs,Grammar,active_passive,Modal Verbs,Active,The teacher can explain the lesson in class.,Easy,1,PRO,1
q_9_eng_b_voice_0602,1,ENGLISH_B | Active and Passive Voice | Modal Verbs,Grammar,active_passive,Modal Verbs,Active,The students could complete the assignments on time.,Easy,1,PRO,1
q_9_eng_b_voice_0603,1,ENGLISH_B | Active and Passive Voice | Modal Verbs,Grammar,active_passive,Modal Verbs,Active,The mechanic may repair the car in the workshop.,Easy,1,PRO,1
q_9_eng_b_voice_0604,1,ENGLISH_B | Active and Passive Voice | Modal Verbs,Grammar,active_passive,Modal Verbs,Active,The workers might build the bridge over the river.,Easy,1,PRO,1
q_9_eng_b_voice_0605,1,ENGLISH_B | Active and Passive Voice | Modal Verbs,Grammar,active_passive,Modal Verbs,Active,The chef must prepare the meal for the guests.,Easy,1,PRO,1
q_9_eng_b_voice_0606,1,ENGLISH_B | Active and Passive Voice | Modal Verbs,Grammar,active_passive,Modal Verbs,Active,The nurse should assist the patient in the ward.,Easy,1,PRO,1
q_9_eng_b_voice_0607,1,ENGLISH_B | Active and Passive Voice | Modal Verbs,Grammar,active_passive,Modal Verbs,Active,The police would arrest the thief near the station.,Easy,1,PRO,1
q_9_eng_b_voice_0608,1,ENGLISH_B | Active and Passive Voice | Modal Verbs,Grammar,active_passive,Modal Verbs,Active,The committee can approve the proposal after discussion.,Easy,1,PRO,1
q_9_eng_b_voice_0609,1,ENGLISH_B | Active and Passive Voice | Modal Verbs,Grammar,active_passive,Modal Verbs,Active,The manager could sign the documents in the office.,Easy,1,PRO,1
q_9_eng_b_voice_0610,1,ENGLISH_B | Active and Passive Voice | Modal Verbs,Grammar,active_passive,Modal Verbs,Active,The farmers may grow wheat in the fields.,Easy,1,PRO,1
q_9_eng_b_voice_0611,1,ENGLISH_B | Active and Passive Voice | Modal Verbs,Grammar,active_passive,Modal Verbs,Active,The artist might paint the portrait in the studio.,Easy,1,PRO,1
q_9_eng_b_voice_0612,1,ENGLISH_B | Active and Passive Voice | Modal Verbs,Grammar,active_passive,Modal Verbs,Active,The carpenter must make the table from wood.,Easy,1,PRO,1
q_9_eng_b_voice_0613,1,ENGLISH_B | Active and Passive Voice | Modal Verbs,Grammar,active_passive,Modal Verbs,Active,The librarian should issue the books to the students.,Easy,1,PRO,1
q_9_eng_b_voice_0614,1,ENGLISH_B | Active and Passive Voice | Modal Verbs,Grammar,active_passive,Modal Verbs,Active,The postman would deliver the letters in the morning.,Easy,1,PRO,1
q_9_eng_b_voice_0615,1,ENGLISH_B | Active and Passive Voice | Modal Verbs,Grammar,active_passive,Modal Verbs,Active,The volunteers can clean the park on Sunday.,Easy,1,PRO,1
q_9_eng_b_voice_0616,1,ENGLISH_B | Active and Passive Voice | Modal Verbs,Grammar,active_passive,Modal Verbs,Active,The engineers could design the machine for the factory.,Easy,1,PRO,1
q_9_eng_b_voice_0617,1,ENGLISH_B | Active and Passive Voice | Modal Verbs,Grammar,active_passive,Modal Verbs,Active,The doctor may examine the patient carefully.,Easy,1,PRO,1
q_9_eng_b_voice_0618,1,ENGLISH_B | Active and Passive Voice | Modal Verbs,Grammar,active_passive,Modal Verbs,Active,The mother might bake the cake for the birthday.,Easy,1,PRO,1
q_9_eng_b_voice_0619,1,ENGLISH_B | Active and Passive Voice | Modal Verbs,Grammar,active_passive,Modal Verbs,Active,The principal must announce the results at the assembly.,Easy,1,PRO,1
q_9_eng_b_voice_0620,1,ENGLISH_B | Active and Passive Voice | Modal Verbs,Grammar,active_passive,Modal Verbs,Active,The company should launch the product next month.,Easy,1,PRO,1
q_9_eng_b_voice_0621,1,ENGLISH_B | Active and Passive Voice | Modal Verbs,Grammar,active_passive,Modal Verbs,Active,The scientists would conduct the experiment in the laboratory.,Easy,1,PRO,1
q_9_eng_b_voice_0622,1,ENGLISH_B | Active and Passive Voice | Modal Verbs,Grammar,active_passive,Modal Verbs,Active,The gardener can water the plants every morning.,Easy,1,PRO,1
q_9_eng_b_voice_0623,1,ENGLISH_B | Active and Passive Voice | Modal Verbs,Grammar,active_passive,Modal Verbs,Active,The tailor could not stitch the uniforms for the team.,Medium,1,ULTRA,1
q_9_eng_b_voice_0624,1,ENGLISH_B | Active and Passive Voice | Modal Verbs,Grammar,active_passive,Modal Verbs,Active,The mason may not construct the wall around the garden.,Medium,1,ULTRA,1
q_9_eng_b_voice_0625,1,ENGLISH_B | Active and Passive Voice | Modal Verbs,Grammar,active_passive,Modal Verbs,Active,The reporter might not write the article for the newspaper.,Medium,1,ULTRA,1
q_9_eng_b_voice_0626,1,ENGLISH_B | Active and Passive Voice | Modal Verbs,Grammar,active_passive,Modal Verbs,Active,The publisher must not print the books for the schools.,Medium,1,ULTRA,1
q_9_eng_b_voice_0627,1,ENGLISH_B | Active and Passive Voice | Modal Verbs,Grammar,active_passive,Modal Verbs,Active,The school should not organize the competition in the hall.,Medium,1,ULTRA,1
q_9_eng_b_voice_0628,1,ENGLISH_B | Active and Passive Voice | Modal Verbs,Grammar,active_passive,Modal Verbs,Active,The judge would not hear the case in court.,Medium,1,ULTRA,1
q_9_eng_b_voice_0629,1,ENGLISH_B | Active and Passive Voice | Modal Verbs,Grammar,active_passive,Modal Verbs,Active,The coach can not train the players for the match.,Medium,1,ULTRA,1
q_9_eng_b_voice_0630,1,ENGLISH_B | Active and Passive Voice | Modal Verbs,Grammar,active_passive,Modal Verbs,Active,The shopkeeper could not pack the goods for the customer.,Medium,1,ULTRA,1
q_9_eng_b_voice_0631,1,ENGLISH_B | Active and Passive Voice | Modal Verbs,Grammar,active_passive,Modal Verbs,Active,Can the electrician fix the wires in the building?,Medium,1,ULTRA,1
q_9_eng_b_voice_0632,1,ENGLISH_B | Active and Passive Voice | Modal Verbs,Grammar,active_passive,Modal Verbs,Active,Could the plumber install the pipes in the house?,Medium,1,ULTRA,1
q_9_eng_b_voice_0633,1,ENGLISH_B | Active and Passive Voice | Modal Verbs,Grammar,active_passive,Modal Verbs,Active,Should the driver wash the bus before the trip?,Medium,1,ULTRA,1
q_9_eng_b_voice_0634,1,ENGLISH_B | Active and Passive Voice | Modal Verbs,Grammar,active_passive,Modal Verbs,Active,Must the team win the trophy in the final?,Medium,1,ULTRA,1
q_9_eng_b_voice_0635,1,ENGLISH_B | Active and Passive Voice | Modal Verbs,Grammar,active_passive,Modal Verbs,Active,May the clerk check the forms at the counter?,Medium,1,ULTRA,1
q_9_eng_b_voice_0636,1,ENGLISH_B | Active and Passive Voice | Modal Verbs,Grammar,active_passive,Modal Verbs,Active,Who can solve this problem?,Hard,1,ELITE,1
q_9_eng_b_voice_0637,1,ENGLISH_B | Active and Passive Voice | Modal Verbs,Grammar,active_passive,Modal Verbs,Active,Who should complete this form?,Hard,1,ELITE,1
q_9_eng_b_voice_0638,1,ENGLISH_B | Active and Passive Voice | Modal Verbs,Grammar,active_passive,Modal Verbs,Active,Who must obey these rules?,Hard,1,ELITE,1
q_9_eng_b_voice_0639,1,ENGLISH_B | Active and Passive Voice | Modal Verbs,Grammar,active_passive,Modal Verbs,Active,Who may approve the request?,Hard,1,ELITE,1
q_9_eng_b_voice_0640,1,ENGLISH_B | Active and Passive Voice | Modal Verbs,Grammar,active_passive,Modal Verbs,Active,Who could repair the machine?,Hard,1,ELITE,1
q_9_eng_b_voice_0641,1,ENGLISH_B | Active and Passive Voice | Modal Verbs,Grammar,active_passive,Modal Verbs,Passive,The meeting should be cancelled by the administration because of the rain.,Easy,1,PRO,1
q_9_eng_b_voice_0642,1,ENGLISH_B | Active and Passive Voice | Modal Verbs,Grammar,active_passive,Modal Verbs,Passive,The loan would be offered by the bank to the farmer.,Easy,1,PRO,1
q_9_eng_b_voice_0643,1,ENGLISH_B | Active and Passive Voice | Modal Verbs,Grammar,active_passive,Modal Verbs,Passive,The food packets can be distributed by the charity among the families.,Easy,1,PRO,1
q_9_eng_b_voice_0644,1,ENGLISH_B | Active and Passive Voice | Modal Verbs,Grammar,active_passive,Modal Verbs,Passive,The hospitals could be built by the government in the district.,Easy,1,PRO,1
q_9_eng_b_voice_0645,1,ENGLISH_B | Active and Passive Voice | Modal Verbs,Grammar,active_passive,Modal Verbs,Passive,The workers may be hired by the company for the project.,Easy,1,PRO,1
q_9_eng_b_voice_0646,1,ENGLISH_B | Active and Passive Voice | Modal Verbs,Grammar,active_passive,Modal Verbs,Passive,The scholarships might be awarded by the school to deserving students.,Easy,1,PRO,1
q_9_eng_b_voice_0647,1,ENGLISH_B | Active and Passive Voice | Modal Verbs,Grammar,active_passive,Modal Verbs,Passive,The trees must be planted by the council along the road.,Easy,1,PRO,1
q_9_eng_b_voice_0648,1,ENGLISH_B | Active and Passive Voice | Modal Verbs,Grammar,active_passive,Modal Verbs,Passive,The traffic should be stopped by the police near the market.,Easy,1,PRO,1
q_9_eng_b_voice_0649,1,ENGLISH_B | Active and Passive Voice | Modal Verbs,Grammar,active_passive,Modal Verbs,Passive,The performer would be applauded by the audience after the show.,Easy,1,PRO,1
q_9_eng_b_voice_0650,1,ENGLISH_B | Active and Passive Voice | Modal Verbs,Grammar,active_passive,Modal Verbs,Passive,The bill can be paid by the customer online.,Easy,1,PRO,1
q_9_eng_b_voice_0651,1,ENGLISH_B | Active and Passive Voice | Modal Verbs,Grammar,active_passive,Modal Verbs,Passive,The problem could be solved by the student without help.,Easy,1,PRO,1
q_9_eng_b_voice_0652,1,ENGLISH_B | Active and Passive Voice | Modal Verbs,Grammar,active_passive,Modal Verbs,Passive,The data may be collected by the researcher from the villages.,Easy,1,PRO,1
q_9_eng_b_voice_0653,1,ENGLISH_B | Active and Passive Voice | Modal Verbs,Grammar,active_passive,Modal Verbs,Passive,The pictures might be taken by the photographer at the event.,Easy,1,PRO,1
q_9_eng_b_voice_0654,1,ENGLISH_B | Active and Passive Voice | Modal Verbs,Grammar,active_passive,Modal Verbs,Passive,The bread must be sold by the baker in the morning.,Easy,1,PRO,1
q_9_eng_b_voice_0655,1,ENGLISH_B | Active and Passive Voice | Modal Verbs,Grammar,active_passive,Modal Verbs,Passive,The cars should be produced by the factory for the market.,Easy,1,PRO,1
q_9_eng_b_voice_0656,1,ENGLISH_B | Active and Passive Voice | Modal Verbs,Grammar,active_passive,Modal Verbs,Passive,The artifacts would be displayed by the museum in the gallery.,Easy,1,PRO,1
q_9_eng_b_voice_0657,1,ENGLISH_B | Active and Passive Voice | Modal Verbs,Grammar,active_passive,Modal Verbs,Passive,The crops can be harvested by the farmers in autumn.,Easy,1,PRO,1
q_9_eng_b_voice_0658,1,ENGLISH_B | Active and Passive Voice | Modal Verbs,Grammar,active_passive,Modal Verbs,Passive,The report could be submitted by the team before the deadline.,Easy,1,PRO,1
q_9_eng_b_voice_0659,1,ENGLISH_B | Active and Passive Voice | Modal Verbs,Grammar,active_passive,Modal Verbs,Passive,The minutes may be recorded by the secretary during the meeting.,Easy,1,PRO,1
q_9_eng_b_voice_0660,1,ENGLISH_B | Active and Passive Voice | Modal Verbs,Grammar,active_passive,Modal Verbs,Passive,The parcels might be carried by the courier to the office.,Easy,1,PRO,1
q_9_eng_b_voice_0661,1,ENGLISH_B | Active and Passive Voice | Modal Verbs,Grammar,active_passive,Modal Verbs,Passive,The operation must not be performed by the surgeon successfully.,Medium,1,ULTRA,1
q_9_eng_b_voice_0662,1,ENGLISH_B | Active and Passive Voice | Modal Verbs,Grammar,active_passive,Modal Verbs,Passive,The animals should not be rescued by the volunteers from the flood.,Medium,1,ULTRA,1
q_9_eng_b_voice_0663,1,ENGLISH_B | Active and Passive Voice | Modal Verbs,Grammar,active_passive,Modal Verbs,Passive,The question would not be asked by the teacher during the lesson.,Medium,1,ULTRA,1
q_9_eng_b_voice_0664,1,ENGLISH_B | Active and Passive Voice | Modal Verbs,Grammar,active_passive,Modal Verbs,Passive,The questions can not be answered by the students confidently.,Medium,1,ULTRA,1
q_9_eng_b_voice_0665,1,ENGLISH_B | Active and Passive Voice | Modal Verbs,Grammar,active_passive,Modal Verbs,Passive,The law could not be enforced by the government strictly.,Medium,1,ULTRA,1
q_9_eng_b_voice_0666,1,ENGLISH_B | Active and Passive Voice | Modal Verbs,Grammar,active_passive,Modal Verbs,Passive,Can the manuscript be reviewed by the editor carefully?,Medium,1,ULTRA,1
q_9_eng_b_voice_0667,1,ENGLISH_B | Active and Passive Voice | Modal Verbs,Grammar,active_passive,Modal Verbs,Passive,Could the document be translated by the translator into English?,Medium,1,ULTRA,1
q_9_eng_b_voice_0668,1,ENGLISH_B | Active and Passive Voice | Modal Verbs,Grammar,active_passive,Modal Verbs,Passive,Should the software be updated by the technician on the computers?,Medium,1,ULTRA,1
q_9_eng_b_voice_0669,1,ENGLISH_B | Active and Passive Voice | Modal Verbs,Grammar,active_passive,Modal Verbs,Passive,Must the candidates be selected by the committee for the interview?,Medium,1,ULTRA,1
q_9_eng_b_voice_0670,1,ENGLISH_B | Active and Passive Voice | Modal Verbs,Grammar,active_passive,Modal Verbs,Passive,May the complaint be investigated by the police quickly?,Medium,1,ULTRA,1
q_9_eng_b_voice_0671,1,ENGLISH_B | Active and Passive Voice | Modal Verbs,Grammar,active_passive,Modal Verbs,Passive,By whom can this problem be solved?,Hard,1,ELITE,1
q_9_eng_b_voice_0672,1,ENGLISH_B | Active and Passive Voice | Modal Verbs,Grammar,active_passive,Modal Verbs,Passive,By whom should this form be completed?,Hard,1,ELITE,1
q_9_eng_b_voice_0673,1,ENGLISH_B | Active and Passive Voice | Modal Verbs,Grammar,active_passive,Modal Verbs,Passive,By whom must these rules be obeyed?,Hard,1,ELITE,1
q_9_eng_b_voice_0674,1,ENGLISH_B | Active and Passive Voice | Modal Verbs,Grammar,active_passive,Modal Verbs,Passive,By whom may the request be approved?,Hard,1,ELITE,1
q_9_eng_b_voice_0675,1,ENGLISH_B | Active and Passive Voice | Modal Verbs,Grammar,active_passive,Modal Verbs,Passive,By whom could the machine be repaired?,Hard,1,ELITE,1
sep_9_eng_b_voice_past_009,1,ENGLISH_B | Active and Passive Voice | Modal Verbs | Past Paper,Topic,topic_separator,Modal Verbs,,,,,,1
sep_9_eng_b_voice_updated_010,1,ENGLISH_B | Active and Passive Voice | Imperatives and Let Structures,Topic,topic_separator,Imperatives and Let Structures,,,,,,1
q_9_eng_b_voice_0677,1,ENGLISH_B | Active and Passive Voice | Imperatives and Let Structures,Grammar,active_passive,Imperatives and Let Structures,Active,Close the window.,Easy,1,PRO,1
q_9_eng_b_voice_0678,1,ENGLISH_B | Active and Passive Voice | Imperatives and Let Structures,Grammar,active_passive,Imperatives and Let Structures,Active,Complete the assignment.,Easy,1,PRO,1
q_9_eng_b_voice_0679,1,ENGLISH_B | Active and Passive Voice | Imperatives and Let Structures,Grammar,active_passive,Imperatives and Let Structures,Active,Follow the instructions.,Easy,1,PRO,1
q_9_eng_b_voice_0680,1,ENGLISH_B | Active and Passive Voice | Imperatives and Let Structures,Grammar,active_passive,Imperatives and Let Structures,Active,Keep the room clean.,Easy,1,PRO,1
q_9_eng_b_voice_0681,1,ENGLISH_B | Active and Passive Voice | Imperatives and Let Structures,Grammar,active_passive,Imperatives and Let Structures,Active,Write the answer clearly.,Easy,1,PRO,1
q_9_eng_b_voice_0682,1,ENGLISH_B | Active and Passive Voice | Imperatives and Let Structures,Grammar,active_passive,Imperatives and Let Structures,Active,Send the email today.,Easy,1,PRO,1
q_9_eng_b_voice_0683,1,ENGLISH_B | Active and Passive Voice | Imperatives and Let Structures,Grammar,active_passive,Imperatives and Let Structures,Active,Help the injured man.,Easy,1,PRO,1
q_9_eng_b_voice_0684,1,ENGLISH_B | Active and Passive Voice | Imperatives and Let Structures,Grammar,active_passive,Imperatives and Let Structures,Active,Call the doctor immediately.,Easy,1,PRO,1
q_9_eng_b_voice_0685,1,ENGLISH_B | Active and Passive Voice | Imperatives and Let Structures,Grammar,active_passive,Imperatives and Let Structures,Active,Respect your teachers.,Easy,1,PRO,1
q_9_eng_b_voice_0686,1,ENGLISH_B | Active and Passive Voice | Imperatives and Let Structures,Grammar,active_passive,Imperatives and Let Structures,Active,Obey the traffic rules.,Easy,1,PRO,1
q_9_eng_b_voice_0687,1,ENGLISH_B | Active and Passive Voice | Imperatives and Let Structures,Grammar,active_passive,Imperatives and Let Structures,Active,Plant more trees.,Easy,1,PRO,1
q_9_eng_b_voice_0688,1,ENGLISH_B | Active and Passive Voice | Imperatives and Let Structures,Grammar,active_passive,Imperatives and Let Structures,Active,Save electricity.,Easy,1,PRO,1
q_9_eng_b_voice_0689,1,ENGLISH_B | Active and Passive Voice | Imperatives and Let Structures,Grammar,active_passive,Imperatives and Let Structures,Active,Protect the environment.,Easy,1,PRO,1
q_9_eng_b_voice_0690,1,ENGLISH_B | Active and Passive Voice | Imperatives and Let Structures,Grammar,active_passive,Imperatives and Let Structures,Active,Finish the work before noon.,Easy,1,PRO,1
q_9_eng_b_voice_0691,1,ENGLISH_B | Active and Passive Voice | Imperatives and Let Structures,Grammar,active_passive,Imperatives and Let Structures,Active,Check the documents carefully.,Easy,1,PRO,1
q_9_eng_b_voice_0692,1,ENGLISH_B | Active and Passive Voice | Imperatives and Let Structures,Grammar,active_passive,Imperatives and Let Structures,Active,Deliver the parcel today.,Easy,1,PRO,1
q_9_eng_b_voice_0693,1,ENGLISH_B | Active and Passive Voice | Imperatives and Let Structures,Grammar,active_passive,Imperatives and Let Structures,Active,Clean the classroom after school.,Easy,1,PRO,1
q_9_eng_b_voice_0694,1,ENGLISH_B | Active and Passive Voice | Imperatives and Let Structures,Grammar,active_passive,Imperatives and Let Structures,Active,Arrange the chairs in the hall.,Easy,1,PRO,1
q_9_eng_b_voice_0695,1,ENGLISH_B | Active and Passive Voice | Imperatives and Let Structures,Grammar,active_passive,Imperatives and Let Structures,Active,Inform the principal about the matter.,Easy,1,PRO,1
q_9_eng_b_voice_0696,1,ENGLISH_B | Active and Passive Voice | Imperatives and Let Structures,Grammar,active_passive,Imperatives and Let Structures,Active,Do not waste water.,Medium,1,ULTRA,1
q_9_eng_b_voice_0697,1,ENGLISH_B | Active and Passive Voice | Imperatives and Let Structures,Grammar,active_passive,Imperatives and Let Structures,Active,Do not open the box.,Medium,1,ULTRA,1
q_9_eng_b_voice_0698,1,ENGLISH_B | Active and Passive Voice | Imperatives and Let Structures,Grammar,active_passive,Imperatives and Let Structures,Active,Do not disturb the patient.,Medium,1,ULTRA,1
q_9_eng_b_voice_0699,1,ENGLISH_B | Active and Passive Voice | Imperatives and Let Structures,Grammar,active_passive,Imperatives and Let Structures,Active,Do not break the rules.,Medium,1,ULTRA,1
q_9_eng_b_voice_0700,1,ENGLISH_B | Active and Passive Voice | Imperatives and Let Structures,Grammar,active_passive,Imperatives and Let Structures,Active,Do not delay the meeting.,Medium,1,ULTRA,1
q_9_eng_b_voice_0701,1,ENGLISH_B | Active and Passive Voice | Imperatives and Let Structures,Grammar,active_passive,Imperatives and Let Structures,Active,Do not ignore the warning.,Medium,1,ULTRA,1
q_9_eng_b_voice_0702,1,ENGLISH_B | Active and Passive Voice | Imperatives and Let Structures,Grammar,active_passive,Imperatives and Let Structures,Active,Do not damage the plants.,Medium,1,ULTRA,1
q_9_eng_b_voice_0703,1,ENGLISH_B | Active and Passive Voice | Imperatives and Let Structures,Grammar,active_passive,Imperatives and Let Structures,Active,Do not reveal the secret.,Medium,1,ULTRA,1
q_9_eng_b_voice_0704,1,ENGLISH_B | Active and Passive Voice | Imperatives and Let Structures,Grammar,active_passive,Imperatives and Let Structures,Active,Please lend me your pen.,Easy,1,PRO,1
q_9_eng_b_voice_0705,1,ENGLISH_B | Active and Passive Voice | Imperatives and Let Structures,Grammar,active_passive,Imperatives and Let Structures,Active,Please wait outside.,Easy,1,PRO,1
q_9_eng_b_voice_0706,1,ENGLISH_B | Active and Passive Voice | Imperatives and Let Structures,Grammar,active_passive,Imperatives and Let Structures,Active,Kindly submit the form today.,Easy,1,PRO,1
q_9_eng_b_voice_0707,1,ENGLISH_B | Active and Passive Voice | Imperatives and Let Structures,Grammar,active_passive,Imperatives and Let Structures,Active,Please help the poor.,Easy,1,PRO,1
q_9_eng_b_voice_0708,1,ENGLISH_B | Active and Passive Voice | Imperatives and Let Structures,Grammar,active_passive,Imperatives and Let Structures,Active,Kindly keep silence.,Easy,1,PRO,1
q_9_eng_b_voice_0709,1,ENGLISH_B | Active and Passive Voice | Imperatives and Let Structures,Grammar,active_passive,Imperatives and Let Structures,Active,Always speak the truth.,Easy,1,PRO,1
q_9_eng_b_voice_0710,1,ENGLISH_B | Active and Passive Voice | Imperatives and Let Structures,Grammar,active_passive,Imperatives and Let Structures,Active,Never tell a lie.,Medium,1,ULTRA,1
q_9_eng_b_voice_0711,1,ENGLISH_B | Active and Passive Voice | Imperatives and Let Structures,Grammar,active_passive,Imperatives and Let Structures,Active,Who should open the gate?,Hard,1,ELITE,1
q_9_eng_b_voice_0712,1,ENGLISH_B | Active and Passive Voice | Imperatives and Let Structures,Grammar,active_passive,Imperatives and Let Structures,Active,Whom should we invite to the meeting?,Hard,1,ELITE,1
q_9_eng_b_voice_0713,1,ENGLISH_B | Active and Passive Voice | Imperatives and Let Structures,Grammar,active_passive,Imperatives and Let Structures,Active,Who can complete this task?,Hard,1,ELITE,1
q_9_eng_b_voice_0714,1,ENGLISH_B | Active and Passive Voice | Imperatives and Let Structures,Grammar,active_passive,Imperatives and Let Structures,Active,Who must follow these instructions?,Hard,1,ELITE,1
q_9_eng_b_voice_0715,1,ENGLISH_B | Active and Passive Voice | Imperatives and Let Structures,Grammar,active_passive,Imperatives and Let Structures,Active,Whom should the teacher praise?,Hard,1,ELITE,1
q_9_eng_b_voice_0716,1,ENGLISH_B | Active and Passive Voice | Imperatives and Let Structures,Grammar,active_passive,Imperatives and Let Structures,Passive,Let the door be opened.,Easy,1,PRO,1
q_9_eng_b_voice_0717,1,ENGLISH_B | Active and Passive Voice | Imperatives and Let Structures,Grammar,active_passive,Imperatives and Let Structures,Passive,Let the window be closed.,Easy,1,PRO,1
q_9_eng_b_voice_0718,1,ENGLISH_B | Active and Passive Voice | Imperatives and Let Structures,Grammar,active_passive,Imperatives and Let Structures,Passive,Let the assignment be completed.,Easy,1,PRO,1
q_9_eng_b_voice_0719,1,ENGLISH_B | Active and Passive Voice | Imperatives and Let Structures,Grammar,active_passive,Imperatives and Let Structures,Passive,Let the instructions be followed.,Easy,1,PRO,1
q_9_eng_b_voice_0720,1,ENGLISH_B | Active and Passive Voice | Imperatives and Let Structures,Grammar,active_passive,Imperatives and Let Structures,Passive,Let the room be kept clean.,Easy,1,PRO,1
q_9_eng_b_voice_0721,1,ENGLISH_B | Active and Passive Voice | Imperatives and Let Structures,Grammar,active_passive,Imperatives and Let Structures,Passive,Let the answer be written clearly.,Easy,1,PRO,1
q_9_eng_b_voice_0722,1,ENGLISH_B | Active and Passive Voice | Imperatives and Let Structures,Grammar,active_passive,Imperatives and Let Structures,Passive,Let the email be sent today.,Easy,1,PRO,1
q_9_eng_b_voice_0723,1,ENGLISH_B | Active and Passive Voice | Imperatives and Let Structures,Grammar,active_passive,Imperatives and Let Structures,Passive,Let the injured man be helped.,Easy,1,PRO,1
q_9_eng_b_voice_0724,1,ENGLISH_B | Active and Passive Voice | Imperatives and Let Structures,Grammar,active_passive,Imperatives and Let Structures,Passive,Let the doctor be called immediately.,Easy,1,PRO,1
q_9_eng_b_voice_0725,1,ENGLISH_B | Active and Passive Voice | Imperatives and Let Structures,Grammar,active_passive,Imperatives and Let Structures,Passive,Let your teachers be respected.,Easy,1,PRO,1
q_9_eng_b_voice_0726,1,ENGLISH_B | Active and Passive Voice | Imperatives and Let Structures,Grammar,active_passive,Imperatives and Let Structures,Passive,Let the traffic rules be obeyed.,Easy,1,PRO,1
q_9_eng_b_voice_0727,1,ENGLISH_B | Active and Passive Voice | Imperatives and Let Structures,Grammar,active_passive,Imperatives and Let Structures,Passive,Let more trees be planted.,Easy,1,PRO,1
q_9_eng_b_voice_0728,1,ENGLISH_B | Active and Passive Voice | Imperatives and Let Structures,Grammar,active_passive,Imperatives and Let Structures,Passive,Let electricity be saved.,Easy,1,PRO,1
q_9_eng_b_voice_0729,1,ENGLISH_B | Active and Passive Voice | Imperatives and Let Structures,Grammar,active_passive,Imperatives and Let Structures,Passive,Let the environment be protected.,Easy,1,PRO,1
q_9_eng_b_voice_0730,1,ENGLISH_B | Active and Passive Voice | Imperatives and Let Structures,Grammar,active_passive,Imperatives and Let Structures,Passive,Let the work be finished before noon.,Easy,1,PRO,1
q_9_eng_b_voice_0731,1,ENGLISH_B | Active and Passive Voice | Imperatives and Let Structures,Grammar,active_passive,Imperatives and Let Structures,Passive,Let the documents be checked carefully.,Easy,1,PRO,1
q_9_eng_b_voice_0732,1,ENGLISH_B | Active and Passive Voice | Imperatives and Let Structures,Grammar,active_passive,Imperatives and Let Structures,Passive,Let the parcel be delivered today.,Easy,1,PRO,1
q_9_eng_b_voice_0733,1,ENGLISH_B | Active and Passive Voice | Imperatives and Let Structures,Grammar,active_passive,Imperatives and Let Structures,Passive,Let the classroom be cleaned after school.,Easy,1,PRO,1
q_9_eng_b_voice_0734,1,ENGLISH_B | Active and Passive Voice | Imperatives and Let Structures,Grammar,active_passive,Imperatives and Let Structures,Passive,Let the chairs be arranged in the hall.,Easy,1,PRO,1
q_9_eng_b_voice_0735,1,ENGLISH_B | Active and Passive Voice | Imperatives and Let Structures,Grammar,active_passive,Imperatives and Let Structures,Passive,Let the principal be informed about the matter.,Easy,1,PRO,1
q_9_eng_b_voice_0736,1,ENGLISH_B | Active and Passive Voice | Imperatives and Let Structures,Grammar,active_passive,Imperatives and Let Structures,Passive,Let water not be wasted.,Medium,1,ULTRA,1
q_9_eng_b_voice_0737,1,ENGLISH_B | Active and Passive Voice | Imperatives and Let Structures,Grammar,active_passive,Imperatives and Let Structures,Passive,Let the box not be opened.,Medium,1,ULTRA,1
q_9_eng_b_voice_0738,1,ENGLISH_B | Active and Passive Voice | Imperatives and Let Structures,Grammar,active_passive,Imperatives and Let Structures,Passive,Let the patient not be disturbed.,Medium,1,ULTRA,1
q_9_eng_b_voice_0739,1,ENGLISH_B | Active and Passive Voice | Imperatives and Let Structures,Grammar,active_passive,Imperatives and Let Structures,Passive,Let the rules not be broken.,Medium,1,ULTRA,1
q_9_eng_b_voice_0740,1,ENGLISH_B | Active and Passive Voice | Imperatives and Let Structures,Grammar,active_passive,Imperatives and Let Structures,Passive,Let the meeting not be delayed.,Medium,1,ULTRA,1
q_9_eng_b_voice_0741,1,ENGLISH_B | Active and Passive Voice | Imperatives and Let Structures,Grammar,active_passive,Imperatives and Let Structures,Passive,Let the warning not be ignored.,Medium,1,ULTRA,1
q_9_eng_b_voice_0742,1,ENGLISH_B | Active and Passive Voice | Imperatives and Let Structures,Grammar,active_passive,Imperatives and Let Structures,Passive,Let the plants not be damaged.,Medium,1,ULTRA,1
q_9_eng_b_voice_0743,1,ENGLISH_B | Active and Passive Voice | Imperatives and Let Structures,Grammar,active_passive,Imperatives and Let Structures,Passive,Let the secret not be revealed.,Medium,1,ULTRA,1
q_9_eng_b_voice_0744,1,ENGLISH_B | Active and Passive Voice | Imperatives and Let Structures,Grammar,active_passive,Imperatives and Let Structures,Passive,You are requested to lend me your pen.,Easy,1,PRO,1
q_9_eng_b_voice_0745,1,ENGLISH_B | Active and Passive Voice | Imperatives and Let Structures,Grammar,active_passive,Imperatives and Let Structures,Passive,You are requested to wait outside.,Easy,1,PRO,1
q_9_eng_b_voice_0746,1,ENGLISH_B | Active and Passive Voice | Imperatives and Let Structures,Grammar,active_passive,Imperatives and Let Structures,Passive,By whom should the gate be opened?,Hard,1,ELITE,1
q_9_eng_b_voice_0747,1,ENGLISH_B | Active and Passive Voice | Imperatives and Let Structures,Grammar,active_passive,Imperatives and Let Structures,Passive,By whom should the guests be invited to the meeting?,Hard,1,ELITE,1
q_9_eng_b_voice_0748,1,ENGLISH_B | Active and Passive Voice | Imperatives and Let Structures,Grammar,active_passive,Imperatives and Let Structures,Passive,By whom can this task be completed?,Hard,1,ELITE,1
q_9_eng_b_voice_0749,1,ENGLISH_B | Active and Passive Voice | Imperatives and Let Structures,Grammar,active_passive,Imperatives and Let Structures,Passive,By whom must these instructions be followed?,Hard,1,ELITE,1
q_9_eng_b_voice_0750,1,ENGLISH_B | Active and Passive Voice | Imperatives and Let Structures,Grammar,active_passive,Imperatives and Let Structures,Passive,By whom should the student be praised?,Hard,1,ELITE,1
sep_9_eng_b_voice_past_010,1,ENGLISH_B | Active and Passive Voice | Imperatives and Let Structures | Past Paper,Topic,topic_separator,Imperatives and Let Structures,,,,,,1
q_9_eng_b_voice_0676,1,ENGLISH_B | Active and Passive Voice | Imperatives and Let Structures | Past Paper | 2013 Morning; 2014 Evening,Grammar,active_passive,Imperatives and Let Structures,Active,Open the door.,Easy,1,ULTRA,1
